scc_id	handle_count	segment_count	internal_edge_count	cyclic	classification	locations	repeat_locations	families	node_types	path_support_count	paths	handles	primary_for_location
SCC0001	1	1	0	0	acyclic_component	B0	-	-	background_or_flank	15	seq16_1.0,seq18_3.0,seq25_2.0,seq2_1.0,seq2_161.5,seq31_1.0,seq32_1.0,seq33_2.0,seq37_1.0,seq38_1.0,seq41_1.0,seq44_1.0,seq5_1.0,seq7_0.5,seq8_1.0	B0_23dc37a61c+	-
SCC0002	1	1	0	0	acyclic_component	B0	-	-	background_or_flank	29	seq10_14.0,seq11_3.0,seq12_1.0,seq13_1.0,seq14_4.0,seq17_3.0,seq19_13.0,seq1_1.0,seq1_65.5,seq20_1.0,seq21_1.0,seq22_2.0,seq23_12.0,seq24_1.0,seq26_1.0,seq27_3.0,seq28_3.0,seq29_1.0,seq30_1.0,seq34_1.0,seq35_1.0,seq36_1.0,seq39_1.0,seq3_107.0,seq40_1.0,seq45_1.0,seq4_1.0,seq6_32.5,seq9_1.0	B0_57d42ccb84+	-
SCC0003	1	1	0	0	acyclic_component	B0	-	-	background_or_flank	1	seq43_1.0	B0_5a80f00e90+	-
SCC0004	1	1	0	0	acyclic_component	B0	-	-	background_or_flank	1	seq15_1.0	B0_90a5653c28+	-
SCC0005	1	1	0	0	acyclic_component	B0	-	-	background_or_flank	1	seq42_1.0	B0_95dc63bc33+	-
SCC0006	3	3	7	1	position_specific_repeat_core	R1	R1	CCG	exact_motif,variant_motif	47	seq10_14.0,seq11_3.0,seq12_1.0,seq13_1.0,seq14_4.0,seq15_1.0,seq16_1.0,seq17_3.0,seq18_3.0,seq19_13.0,seq1_1.0,seq1_65.5,seq20_1.0,seq21_1.0,seq22_2.0,seq23_12.0,seq24_1.0,seq25_2.0,seq26_1.0,seq27_3.0,seq28_3.0,seq29_1.0,seq2_1.0,seq2_161.5,seq30_1.0,seq31_1.0,seq32_1.0,seq33_2.0,seq34_1.0,seq35_1.0,seq36_1.0,seq37_1.0,seq38_1.0,seq39_1.0,seq3_107.0,seq40_1.0,seq41_1.0,seq42_1.0,seq43_1.0,seq44_1.0,seq45_1.0,seq4_1.0,seq5_1.0,seq6_32.5,seq7_0.5,seq8_1.0,seq9_1.0	R1_M2_exact_GCC+,R1_M2_exact_GCG+,R1_M2_variant_GCA+	R1
SCC0007	1	1	0	0	acyclic_component	R1	R1	CCG	variant_motif	17	seq15_1.0,seq16_1.0,seq18_3.0,seq25_2.0,seq2_1.0,seq2_161.5,seq31_1.0,seq32_1.0,seq33_2.0,seq37_1.0,seq38_1.0,seq41_1.0,seq43_1.0,seq44_1.0,seq5_1.0,seq7_0.5,seq8_1.0	R1_M2_variant_GAG+	-
SCC0008	2	2	4	1	position_specific_repeat_core	R2	R2	AGC	exact_motif,variant_motif	47	seq10_14.0,seq11_3.0,seq12_1.0,seq13_1.0,seq14_4.0,seq15_1.0,seq16_1.0,seq17_3.0,seq18_3.0,seq19_13.0,seq1_1.0,seq1_65.5,seq20_1.0,seq21_1.0,seq22_2.0,seq23_12.0,seq24_1.0,seq25_2.0,seq26_1.0,seq27_3.0,seq28_3.0,seq29_1.0,seq2_1.0,seq2_161.5,seq30_1.0,seq31_1.0,seq32_1.0,seq33_2.0,seq34_1.0,seq35_1.0,seq36_1.0,seq37_1.0,seq38_1.0,seq39_1.0,seq3_107.0,seq40_1.0,seq41_1.0,seq42_1.0,seq43_1.0,seq44_1.0,seq45_1.0,seq4_1.0,seq5_1.0,seq6_32.5,seq7_0.5,seq8_1.0,seq9_1.0	R2_M1_exact_CAG+,R2_M1_variant_CAA+	R2
SCC0009	1	1	0	0	acyclic_component	B2	-	-	background_or_flank	45	seq10_14.0,seq12_1.0,seq13_1.0,seq14_4.0,seq15_1.0,seq16_1.0,seq17_3.0,seq18_3.0,seq19_13.0,seq1_1.0,seq1_65.5,seq20_1.0,seq21_1.0,seq22_2.0,seq23_12.0,seq24_1.0,seq25_2.0,seq26_1.0,seq27_3.0,seq28_3.0,seq29_1.0,seq2_1.0,seq2_161.5,seq30_1.0,seq31_1.0,seq32_1.0,seq33_2.0,seq34_1.0,seq35_1.0,seq36_1.0,seq37_1.0,seq38_1.0,seq39_1.0,seq3_107.0,seq40_1.0,seq41_1.0,seq42_1.0,seq43_1.0,seq44_1.0,seq45_1.0,seq4_1.0,seq5_1.0,seq6_32.5,seq7_0.5,seq9_1.0	B2_0f9f5cc8d5+	-
SCC0010	1	1	0	0	acyclic_component	B2	-	-	background_or_flank	1	seq8_1.0	B2_2839aa0ad6+	-
SCC0011	1	1	0	0	acyclic_component	B2	-	-	background_or_flank	1	seq11_3.0	B2_dfc73f275c+	-
SCC0012	7	7	10	1	position_specific_repeat_core	R3	R3	CCG	exact_motif,explicit_insertion_or_complex,variant_motif	47	seq10_14.0,seq11_3.0,seq12_1.0,seq13_1.0,seq14_4.0,seq15_1.0,seq16_1.0,seq17_3.0,seq18_3.0,seq19_13.0,seq1_1.0,seq1_65.5,seq20_1.0,seq21_1.0,seq22_2.0,seq23_12.0,seq24_1.0,seq25_2.0,seq26_1.0,seq27_3.0,seq28_3.0,seq29_1.0,seq2_1.0,seq2_161.5,seq30_1.0,seq31_1.0,seq32_1.0,seq33_2.0,seq34_1.0,seq35_1.0,seq36_1.0,seq37_1.0,seq38_1.0,seq39_1.0,seq3_107.0,seq40_1.0,seq41_1.0,seq42_1.0,seq43_1.0,seq44_1.0,seq45_1.0,seq4_1.0,seq5_1.0,seq6_32.5,seq7_0.5,seq8_1.0,seq9_1.0	R3_INS_af57163658+,R3_M2_exact_GCC+,R3_M2_exact_GCG+,R3_M2_variant_AGC+,R3_M2_variant_GCA+,R3_M2_variant_GCT+,R3_M2_variant_GTG+	R3
SCC0013	1	1	0	0	acyclic_component	R3	R3	CCG	variant_motif	47	seq10_14.0,seq11_3.0,seq12_1.0,seq13_1.0,seq14_4.0,seq15_1.0,seq16_1.0,seq17_3.0,seq18_3.0,seq19_13.0,seq1_1.0,seq1_65.5,seq20_1.0,seq21_1.0,seq22_2.0,seq23_12.0,seq24_1.0,seq25_2.0,seq26_1.0,seq27_3.0,seq28_3.0,seq29_1.0,seq2_1.0,seq2_161.5,seq30_1.0,seq31_1.0,seq32_1.0,seq33_2.0,seq34_1.0,seq35_1.0,seq36_1.0,seq37_1.0,seq38_1.0,seq39_1.0,seq3_107.0,seq40_1.0,seq41_1.0,seq42_1.0,seq43_1.0,seq44_1.0,seq45_1.0,seq4_1.0,seq5_1.0,seq6_32.5,seq7_0.5,seq8_1.0,seq9_1.0	R3_M2_variant_TCG+	-
SCC0014	1	1	0	0	acyclic_component	B3	-	-	background_or_flank	1	seq25_2.0	B3_1687e8a85c+	-
SCC0015	1	1	0	0	acyclic_component	B3	-	-	background_or_flank	1	seq39_1.0	B3_1920cdd843+	-
SCC0016	1	1	0	0	acyclic_component	B3	-	-	background_or_flank	1	seq24_1.0	B3_351e266c36+	-
SCC0017	1	1	0	0	acyclic_component	B3	-	-	background_or_flank	1	seq7_0.5	B3_3bc58e4648+	-
SCC0018	1	1	0	0	acyclic_component	B3	-	-	background_or_flank	1	seq36_1.0	B3_51806db4cb+	-
SCC0019	1	1	0	0	acyclic_component	B3	-	-	background_or_flank	1	seq5_1.0	B3_88b0ca9efc+	-
SCC0020	1	1	0	0	acyclic_component	B3	-	-	background_or_flank	1	seq12_1.0	B3_9a5919b68d+	-
SCC0021	1	1	0	0	acyclic_component	B3	-	-	background_or_flank	2	seq29_1.0,seq35_1.0	B3_a7a4a00afe+	-
SCC0022	1	1	0	0	acyclic_component	B3	-	-	background_or_flank	23	seq10_14.0,seq11_3.0,seq13_1.0,seq14_4.0,seq17_3.0,seq19_13.0,seq1_1.0,seq1_65.5,seq20_1.0,seq21_1.0,seq22_2.0,seq23_12.0,seq26_1.0,seq27_3.0,seq30_1.0,seq34_1.0,seq3_107.0,seq40_1.0,seq42_1.0,seq45_1.0,seq4_1.0,seq6_32.5,seq9_1.0	B3_b89e48058c+	-
SCC0023	1	1	0	0	acyclic_component	B3	-	-	background_or_flank	13	seq15_1.0,seq16_1.0,seq2_1.0,seq2_161.5,seq31_1.0,seq32_1.0,seq33_2.0,seq37_1.0,seq38_1.0,seq41_1.0,seq43_1.0,seq44_1.0,seq8_1.0	B3_ba1b1059ee+	-
SCC0024	1	1	0	0	acyclic_component	B3	-	-	background_or_flank	1	seq28_3.0	B3_e56d5404b8+	-
SCC0025	1	1	0	0	acyclic_component	B3	-	-	background_or_flank	1	seq18_3.0	B3_eae78ed91e+	-
