,sample,rep_len,rpt_num
1,HG00097.hybrid.hap1,2385,1.0
2,HG00097.hybrid.hap2,2385,1.0
3,HG00099.hybrid.hap1,2388,1.0
4,HG00099.hybrid.hap2,2385,1.0
5,HG00126.hybrid.hap1,2385,1.0
6,HG00126.hybrid.hap2,2388,1.0
7,HG00128.hybrid.hap1,2385,1.0
8,HG00128.hybrid.hap2,2385,1.0
9,HG00133.hybrid.hap1,2388,0.5
10,HG00133.hybrid.hap2,2388,1.0
11,HG00140.hybrid.hap1,2388,1.0
12,HG00140.hybrid.hap2,2385,1.0
13,HG00146.hybrid.hap1,2385,1.0
14,HG00146.hybrid.hap2,2388,1.0
15,HG00232.hybrid.hap1,2388,1.0
16,HG00232.hybrid.hap2,2388,1.0
17,HG00235.hybrid.hap1,2388,1.0
18,HG00235.hybrid.hap2,2388,1.0
19,HG00253.hybrid.hap1,2388,1.0
20,HG00253.hybrid.hap2,2388,1.0
21,HG00272.hybrid.hap1,2385,1.0
22,HG00272.hybrid.hap2,2388,1.0
23,HG00280.hybrid.hap1,2388,1.0
24,HG00280.hybrid.hap2,2388,1.0
25,HG00290.hybrid.hap1,2391,1.0
26,HG00290.hybrid.hap2,2388,1.0
27,HG002.hybrid.mat,2385,1.0
28,HG002.hybrid.pat,2385,1.0
29,HG00320.hybrid.hap1,2388,0.5
30,HG00320.hybrid.hap2,2388,1.0
31,HG00321.hybrid.hap1,2391,1.0
32,HG00321.hybrid.hap2,2388,1.0
33,HG00323.hybrid.hap1,2385,1.0
34,HG00323.hybrid.hap2,2385,1.0
35,HG00329.hybrid.hap1,2385,1.0
36,HG00329.hybrid.hap2,2388,1.0
37,HG00344.hybrid.hap1,2388,1.0
38,HG00344.hybrid.hap2,2385,1.0
39,HG00350.hybrid.hap1,2385,1.0
40,HG00350.hybrid.hap2,2388,1.0
41,HG00408.hybrid.mat,2385,1.0
42,HG00408.hybrid.pat,2385,1.0
43,HG00423.hybrid.mat,2412,1.0
44,HG00423.hybrid.pat,2382,1.0
45,HG00438.hybrid.mat,2385,1.0
46,HG00438.hybrid.pat,2388,1.0
47,HG00544.hybrid.mat,2388,1.0
48,HG00544.hybrid.pat,2385,1.0
49,HG00558.hybrid.mat,2388,1.0
50,HG00558.hybrid.pat,2382,1.0
51,HG00597.hybrid.mat,2391,1.0
52,HG00597.hybrid.pat,2391,1.0
53,HG005.hybrid.mat,2385,1.0
54,HG005.hybrid.pat,2385,1.0
55,HG00609.hybrid.mat,2385,1.0
56,HG00609.hybrid.pat,2385,1.0
57,HG00621.hybrid.mat,2388,1.0
58,HG00621.hybrid.pat,2388,1.0
59,HG00639.hybrid.mat,2388,1.0
60,HG00639.hybrid.pat,2385,1.0
61,HG00642.hybrid.mat,2388,1.0
62,HG00642.hybrid.pat,2388,1.0
63,HG00658.hybrid.mat,2385,1.0
64,HG00658.hybrid.pat,2388,1.0
65,HG00673.hybrid.mat,2388,1.0
66,HG00673.hybrid.pat,2388,1.0
67,HG00706.hybrid.mat,2388,1.0
68,HG00706.hybrid.pat,2388,1.0
69,HG00733.hybrid.mat,2385,1.0
70,HG00733.hybrid.pat,2385,1.0
71,HG00735.hybrid.mat,2388,1.0
72,HG00735.hybrid.pat,2385,1.0
73,HG00738.hybrid.mat,2385,1.0
74,HG00738.hybrid.pat,2388,1.0
75,HG00741.hybrid.mat,2385,1.0
76,HG00741.hybrid.pat,2388,1.0
77,HG01071.hybrid.mat,2385,1.0
78,HG01071.hybrid.pat,2385,1.0
79,HG01074.hybrid.mat,2385,1.0
80,HG01074.hybrid.pat,2385,1.0
81,HG01081.hybrid.mat,2388,1.0
82,HG01081.hybrid.pat,2382,0.5
83,HG01099.hybrid.mat,2385,0.5
84,HG01099.hybrid.pat,2388,1.0
85,HG01106.hybrid.mat,2388,1.0
86,HG01106.hybrid.pat,2388,1.0
87,HG01109.hybrid.mat,2385,1.0
88,HG01109.hybrid.pat,2388,1.0
89,HG01123.hybrid.mat,2385,1.0
90,HG01123.hybrid.pat,2388,1.0
91,HG01150.hybrid.mat,2385,1.0
92,HG01150.hybrid.pat,2385,1.0
93,HG01167.hybrid.hap1,2388,1.0
94,HG01167.hybrid.hap2,2385,1.0
95,HG01175.hybrid.mat,2385,1.0
96,HG01175.hybrid.pat,2388,1.0
97,HG01192.hybrid.mat,2385,1.0
98,HG01192.hybrid.pat,2385,1.0
99,HG01243.hybrid.mat,2385,1.0
100,HG01243.hybrid.pat,2388,1.0
101,HG01252.hybrid.mat,2397,1.0
102,HG01252.hybrid.pat,2385,1.0
103,HG01255.hybrid.mat,2388,1.0
104,HG01255.hybrid.pat,2385,1.0
105,HG01258.hybrid.mat,2388,1.0
106,HG01258.hybrid.pat,2388,1.0
107,HG01261.hybrid.mat,2385,1.0
108,HG01261.hybrid.pat,2391,0.5
109,HG01346.hybrid.mat,2388,1.0
110,HG01346.hybrid.pat,2385,1.0
111,HG01358.hybrid.mat,2385,1.0
112,HG01358.hybrid.pat,2388,1.0
113,HG01361.hybrid.mat,2385,1.0
114,HG01361.hybrid.pat,2385,1.0
115,HG01433.hybrid.mat,2385,1.0
116,HG01433.hybrid.pat,2397,1.0
117,HG01496.hybrid.mat,2385,1.0
118,HG01496.hybrid.pat,2391,1.0
119,HG01530.hybrid.hap1,2385,1.0
120,HG01530.hybrid.hap2,2388,1.0
121,HG01784.hybrid.hap1,2385,1.0
122,HG01784.hybrid.hap2,2388,1.0
123,HG01786.hybrid.hap1,2388,1.0
124,HG01786.hybrid.hap2,2388,1.0
125,HG01884.hybrid.mat,2385,1.0
126,HG01884.hybrid.pat,2391,1.0
127,HG01891.hybrid.mat,2382,1.0
128,HG01891.hybrid.pat,2385,1.0
129,HG01928.hybrid.mat,2388,1.0
130,HG01928.hybrid.pat,2385,1.0
131,HG01934.hybrid.mat,2388,1.0
132,HG01934.hybrid.pat,2385,1.0
133,HG01940.hybrid.mat,2385,1.0
134,HG01940.hybrid.pat,2385,1.0
135,HG01943.hybrid.mat,2385,1.0
136,HG01943.hybrid.pat,2388,1.0
137,HG01952.hybrid.mat,2385,1.0
138,HG01952.hybrid.pat,2385,1.0
139,HG01960.hybrid.mat,2388,0.5
140,HG01960.hybrid.pat,2385,1.0
141,HG01969.hybrid.mat,2385,1.0
142,HG01969.hybrid.pat,2388,1.0
143,HG01975.hybrid.mat,2385,1.0
144,HG01975.hybrid.pat,2388,1.0
145,HG01978.hybrid.mat,2388,1.0
146,HG01978.hybrid.pat,2385,1.0
147,HG01981.hybrid.mat,2385,1.0
148,HG01981.hybrid.pat,2385,0.5
149,HG01993.hybrid.mat,2385,1.0
150,HG01993.hybrid.pat,2385,1.0
151,HG02004.hybrid.mat,2388,1.0
152,HG02004.hybrid.pat,2397,1.0
153,HG02015.hybrid.mat,2385,1.0
154,HG02015.hybrid.pat,2385,1.0
155,HG02027.hybrid.mat,2388,1.0
156,HG02027.hybrid.pat,2388,1.0
157,HG02040.hybrid.hap1,2385,1.0
158,HG02040.hybrid.hap2,2388,1.0
159,HG02055.hybrid.mat,2388,1.0
160,HG02055.hybrid.pat,2385,1.0
161,HG02056.hybrid.mat,2391,1.0
162,HG02056.hybrid.pat,2385,0.5
163,HG02071.hybrid.mat,2388,1.0
164,HG02071.hybrid.pat,2385,1.0
165,HG02074.hybrid.mat,2385,1.0
166,HG02074.hybrid.pat,2385,1.0
167,HG02080.hybrid.mat,2385,1.0
168,HG02080.hybrid.pat,2388,1.0
169,HG02083.hybrid.mat,2388,1.0
170,HG02083.hybrid.pat,2388,1.0
171,HG02109.hybrid.mat,2385,1.0
172,HG02109.hybrid.pat,2388,1.0
173,HG02129.hybrid.mat,2385,1.0
174,HG02129.hybrid.pat,2388,1.0
175,HG02132.hybrid.mat,2388,1.0
176,HG02132.hybrid.pat,2388,1.0
177,HG02135.hybrid.mat,2388,1.0
178,HG02135.hybrid.pat,2388,1.0
179,HG02145.hybrid.mat,2388,1.0
180,HG02145.hybrid.pat,2385,1.0
181,HG02148.hybrid.mat,2388,1.0
182,HG02148.hybrid.pat,2388,1.0
183,HG02155.hybrid.hap1,2388,1.0
184,HG02155.hybrid.hap2,2388,1.0
185,HG02165.hybrid.hap1,2388,1.0
186,HG02165.hybrid.hap2,2385,1.0
187,HG02178.hybrid.hap1,2406,1.0
188,HG02178.hybrid.hap2,2388,1.0
189,HG02257.hybrid.mat,2388,1.0
190,HG02257.hybrid.pat,2382,1.0
191,HG02258.hybrid.mat,2376,1.0
192,HG02258.hybrid.pat,2388,1.0
193,HG02273.hybrid.hap1,2385,1.0
194,HG02273.hybrid.hap2,2385,1.0
195,HG02280.hybrid.mat,2388,1.0
196,HG02280.hybrid.pat,2379,1.0
197,HG02293.hybrid.mat,2388,1.0
198,HG02293.hybrid.pat,2391,1.0
199,HG02300.hybrid.mat,2388,1.0
200,HG02300.hybrid.pat,2388,1.0
201,HG02391.hybrid.hap1,2385,1.0
202,HG02391.hybrid.hap2,2391,1.0
203,HG02392.hybrid.hap1,2391,1.0
204,HG02392.hybrid.hap2,2388,1.0
205,HG02451.hybrid.mat,2379,1.0
206,HG02451.hybrid.pat,2388,1.0
207,HG02486.hybrid.mat,2376,1.0
208,HG02486.hybrid.pat,2382,1.0
209,HG02514.hybrid.mat,2388,1.0
210,HG02514.hybrid.pat,2391,1.0
211,HG02523.hybrid.mat,2391,1.0
212,HG02523.hybrid.pat,2388,1.0
213,HG02559.hybrid.mat,2382,1.0
214,HG02559.hybrid.pat,2388,1.0
215,HG02572.hybrid.mat,2382,1.0
216,HG02572.hybrid.pat,2385,1.0
217,HG02583.hybrid.hap1,2388,1.0
218,HG02583.hybrid.hap2,2388,1.0
219,HG02602.hybrid.mat,2385,1.0
220,HG02602.hybrid.pat,2388,1.0
221,HG02615.hybrid.mat,2388,1.0
222,HG02615.hybrid.pat,2379,1.0
223,HG02622.hybrid.mat,2388,1.0
224,HG02622.hybrid.pat,2385,1.0
225,HG02630.hybrid.mat,2385,1.0
226,HG02630.hybrid.pat,2388,1.0
227,HG02647.hybrid.mat,2382,1.0
228,HG02647.hybrid.pat,2388,1.0
229,HG02668.hybrid.mat,2382,1.0
230,HG02668.hybrid.pat,2379,1.0
231,HG02698.hybrid.mat,2388,1.0
232,HG02698.hybrid.pat,2385,1.0
233,HG02717.hybrid.mat,2388,1.0
234,HG02717.hybrid.pat,2394,1.0
235,HG02723.hybrid.mat,2385,1.0
236,HG02723.hybrid.pat,2385,1.0
237,HG02735.hybrid.mat,2391,1.0
238,HG02735.hybrid.pat,2388,1.0
239,HG02738.hybrid.mat,2388,1.0
240,HG02738.hybrid.pat,2388,1.0
241,HG02809.hybrid.mat,2385,1.0
242,HG02809.hybrid.pat,2385,1.0
243,HG02818.hybrid.mat,2385,1.0
244,HG02818.hybrid.pat,2385,1.0
245,HG02841.hybrid.mat,2388,1.0
246,HG02841.hybrid.pat,2385,1.0
247,HG02886.hybrid.mat,2385,1.0
248,HG02886.hybrid.pat,2379,1.0
249,HG02922.hybrid.hap1,2385,1.0
250,HG02922.hybrid.hap2,2388,1.0
251,HG02965.hybrid.hap1,2385,1.0
252,HG02965.hybrid.hap2,2385,1.0
253,HG02976.hybrid.hap1,2385,1.0
254,HG02976.hybrid.hap2,2388,1.0
255,HG02984.hybrid.mat,2379,1.0
256,HG02984.hybrid.pat,2391,1.0
257,HG03017.hybrid.mat,2385,1.0
258,HG03017.hybrid.pat,2385,1.0
259,HG03041.hybrid.mat,2385,1.0
260,HG03041.hybrid.pat,2385,1.0
261,HG03050.hybrid.mat,2385,1.0
262,HG03050.hybrid.pat,2385,1.0
263,HG03098.hybrid.mat,2385,1.0
264,HG03098.hybrid.pat,2385,1.0
265,HG03130.hybrid.hap1,2385,1.0
266,HG03130.hybrid.hap2,2382,1.0
267,HG03139.hybrid.hap1,2385,0.5
268,HG03139.hybrid.hap2,2379,1.0
269,HG03195.hybrid.hap1,2391,1.0
270,HG03195.hybrid.hap2,2388,1.0
271,HG03209.hybrid.hap1,2385,1.0
272,HG03209.hybrid.hap2,2385,1.0
273,HG03225.hybrid.hap1,2385,1.0
274,HG03225.hybrid.hap2,2388,1.0
275,HG03239.hybrid.mat,2388,1.0
276,HG03239.hybrid.pat,2388,1.0
277,HG03270.hybrid.hap1,2379,1.0
278,HG03270.hybrid.hap2,2385,1.0
279,HG03369.hybrid.hap1,2388,1.0
280,HG03369.hybrid.hap2,2379,1.0
281,HG03453.hybrid.mat,2385,1.0
282,HG03453.hybrid.pat,2385,1.0
283,HG03470.hybrid.hap1,2379,1.0
284,HG03470.hybrid.hap2,2385,1.0
285,HG03471.hybrid.hap1,2391,1.0
286,HG03471.hybrid.hap2,2385,1.0
287,HG03486.hybrid.mat,2376,1.0
288,HG03486.hybrid.pat,2379,1.0
289,HG03516.hybrid.mat,2385,0.5
290,HG03516.hybrid.pat,2385,1.0
291,HG03521.hybrid.hap1,2385,1.0
292,HG03521.hybrid.hap2,2385,1.0
293,HG03540.hybrid.mat,2385,1.0
294,HG03540.hybrid.pat,2391,1.0
295,HG03579.hybrid.mat,2385,1.0
296,HG03579.hybrid.pat,2379,1.0
297,HG03583.hybrid.hap1,2391,1.0
298,HG03583.hybrid.hap2,2385,1.0
299,HG03654.hybrid.mat,2385,1.0
300,HG03654.hybrid.pat,2388,1.0
301,HG03669.hybrid.mat,2385,1.0
302,HG03669.hybrid.pat,2388,1.0
303,HG03688.hybrid.mat,2391,1.0
304,HG03688.hybrid.pat,2388,1.0
305,HG03704.hybrid.mat,2388,1.0
306,HG03704.hybrid.pat,2391,1.0
307,HG03710.hybrid.mat,2388,1.0
308,HG03710.hybrid.pat,2373,1.0
309,HG03742.hybrid.hap1,2385,1.0
310,HG03742.hybrid.hap2,2385,1.0
311,HG03784.hybrid.hap1,2391,1.0
312,HG03784.hybrid.hap2,2388,1.0
313,HG03804.hybrid.mat,2382,1.0
314,HG03804.hybrid.pat,2391,1.0
315,HG03816.hybrid.mat,2388,1.0
316,HG03816.hybrid.pat,2388,1.0
317,HG03831.hybrid.mat,2376,1.0
318,HG03831.hybrid.pat,2385,1.0
319,HG03834.hybrid.mat,2388,1.0
320,HG03834.hybrid.pat,2388,1.0
321,HG03874.hybrid.hap1,2388,1.0
322,HG03874.hybrid.hap2,2388,1.0
323,HG03927.hybrid.mat,2385,1.0
324,HG03927.hybrid.pat,2388,1.0
325,HG03942.hybrid.mat,2388,1.0
326,HG03942.hybrid.pat,2388,1.0
327,HG04115.hybrid.mat,2388,1.0
328,HG04115.hybrid.pat,2385,1.0
329,HG04157.hybrid.mat,2382,1.0
330,HG04157.hybrid.pat,2397,1.0
331,HG04160.hybrid.mat,2388,1.0
332,HG04160.hybrid.pat,2385,1.0
333,HG04184.hybrid.mat,2394,1.0
334,HG04184.hybrid.pat,2388,1.0
335,HG04187.hybrid.mat,2388,1.0
336,HG04187.hybrid.pat,2385,1.0
337,HG04199.hybrid.mat,2388,1.0
338,HG04199.hybrid.pat,2385,1.0
339,HG04204.hybrid.mat,2388,1.0
340,HG04204.hybrid.pat,2388,1.0
341,HG04228.hybrid.mat,2397,1.0
342,HG04228.hybrid.pat,2388,1.0
343,HG06807.hybrid.mat,2388,1.0
344,HG06807.hybrid.pat,2385,1.0
345,NA18505.hybrid.hap1,2379,1.0
346,NA18505.hybrid.hap2,2385,1.0
347,NA18508.hybrid.hap1,2385,0.5
348,NA18508.hybrid.hap2,2385,1.0
349,NA18522.hybrid.hap1,2385,1.0
350,NA18522.hybrid.hap2,2385,1.0
351,NA18565.hybrid.hap1,2385,1.0
352,NA18565.hybrid.hap2,2391,1.0
353,NA18570.hybrid.hap1,2388,1.0
354,NA18570.hybrid.hap2,2385,1.0
355,NA18608.hybrid.hap1,2388,1.0
356,NA18608.hybrid.hap2,2391,1.0
357,NA18612.hybrid.hap1,2388,1.0
358,NA18612.hybrid.hap2,2388,1.0
359,NA18620.hybrid.hap1,2388,1.0
360,NA18620.hybrid.hap2,2391,1.0
361,NA18747.hybrid.hap1,2388,1.0
362,NA18747.hybrid.hap2,2388,1.0
363,NA18879.hybrid.hap1,2385,1.0
364,NA18879.hybrid.hap2,2388,1.0
365,NA18906.hybrid.mat,2385,1.0
366,NA18906.hybrid.pat,2391,1.0
367,NA18940.hybrid.hap1,2388,1.0
368,NA18940.hybrid.hap2,2388,1.0
369,NA18943.hybrid.hap1,2385,1.0
370,NA18943.hybrid.hap2,2388,1.0
371,NA18944.hybrid.hap1,2388,1.0
372,NA18944.hybrid.hap2,2385,1.0
373,NA18945.hybrid.hap1,2385,1.0
374,NA18945.hybrid.hap2,2385,1.0
375,NA18948.hybrid.hap1,2391,1.0
376,NA18948.hybrid.hap2,2391,1.0
377,NA18952.hybrid.hap1,2388,1.0
378,NA18952.hybrid.hap2,2391,1.0
379,NA18959.hybrid.hap1,2385,1.0
380,NA18959.hybrid.hap2,2388,1.0
381,NA18960.hybrid.hap1,2388,1.0
382,NA18960.hybrid.hap2,2388,1.0
383,NA18967.hybrid.hap1,2388,1.0
384,NA18967.hybrid.hap2,2388,1.0
385,NA18970.hybrid.hap1,2391,1.0
386,NA18970.hybrid.hap2,2385,1.0
387,NA18971.hybrid.hap1,2388,1.0
388,NA18971.hybrid.hap2,2388,1.0
389,NA18974.hybrid.hap1,2388,1.0
390,NA18974.hybrid.hap2,2400,1.0
391,NA18976.hybrid.hap1,2388,1.0
392,NA18976.hybrid.hap2,2385,1.0
393,NA18982.hybrid.hap1,2388,1.0
394,NA18982.hybrid.hap2,2385,0.5
395,NA18983.hybrid.hap1,2385,1.0
396,NA18983.hybrid.hap2,2391,1.0
397,NA19036.hybrid.hap1,2385,1.0
398,NA19036.hybrid.hap2,2379,1.0
399,NA19043.hybrid.hap1,2385,1.0
400,NA19043.hybrid.hap2,2391,1.0
401,NA19087.hybrid.hap1,2388,1.0
402,NA19087.hybrid.hap2,2388,1.0
403,NA19159.hybrid.hap1,2388,1.0
404,NA19159.hybrid.hap2,2385,1.0
405,NA19185.hybrid.hap1,2385,1.0
406,NA19185.hybrid.hap2,2382,1.0
407,NA19240.hybrid.mat,2388,1.0
408,NA19240.hybrid.pat,2388,1.0
409,NA19338.hybrid.hap1,2385,1.0
410,NA19338.hybrid.hap2,2382,1.0
411,NA19391.hybrid.hap1,2388,1.0
412,NA19391.hybrid.hap2,2385,1.0
413,NA19443.hybrid.hap1,2385,1.0
414,NA19443.hybrid.hap2,2385,1.0
415,NA19468.hybrid.hap1,2388,1.0
416,NA19468.hybrid.hap2,2388,1.0
417,NA19682.hybrid.hap1,2385,1.0
418,NA19682.hybrid.hap2,2388,1.0
419,NA19700.hybrid.hap1,2385,1.0
420,NA19700.hybrid.hap2,2385,1.0
421,NA19776.hybrid.hap1,2385,1.0
422,NA19776.hybrid.hap2,2385,1.0
423,NA19835.hybrid.hap1,2391,1.0
424,NA19835.hybrid.hap2,2391,1.0
425,NA19909.hybrid.hap1,2382,1.0
426,NA19909.hybrid.hap2,2388,1.0
427,NA20129.hybrid.mat,2388,1.0
428,NA20129.hybrid.pat,2385,1.0
429,NA20282.hybrid.hap1,2385,1.0
430,NA20282.hybrid.hap2,2385,1.0
431,NA20346.hybrid.hap1,2385,1.0
432,NA20346.hybrid.hap2,2385,1.0
433,NA20503.hybrid.hap1,2385,1.0
434,NA20503.hybrid.hap2,2388,1.0
435,NA20752.hybrid.hap1,2385,1.0
436,NA20752.hybrid.hap2,2388,1.0
437,NA20762.hybrid.hap1,2388,1.0
438,NA20762.hybrid.hap2,2388,0.5
439,NA20799.hybrid.hap1,2388,1.0
440,NA20799.hybrid.hap2,2388,1.0
441,NA20805.hybrid.hap1,2385,1.0
442,NA20805.hybrid.hap2,2388,1.0
443,NA20806.hybrid.hap1,2388,1.0
444,NA20806.hybrid.hap2,2385,1.0
445,NA20809.hybrid.hap1,2388,1.0
446,NA20809.hybrid.hap2,2388,1.0
447,NA20827.hybrid.hap1,2385,1.0
448,NA20827.hybrid.hap2,2385,1.0
449,NA20850.hybrid.hap1,2385,1.0
450,NA20850.hybrid.hap2,2385,1.0
451,NA20870.hybrid.hap1,2388,1.0
452,NA20870.hybrid.hap2,2385,1.0
453,NA20905.hybrid.hap1,2385,1.0
454,NA20905.hybrid.hap2,2382,1.0
455,NA21093.hybrid.hap1,2385,1.0
456,NA21093.hybrid.hap2,2382,1.0
457,NA21102.hybrid.hap1,2385,1.0
458,NA21102.hybrid.hap2,2388,1.0
459,NA21106.hybrid.hap1,2385,1.0
460,NA21106.hybrid.hap2,2388,1.0
461,NA21110.hybrid.hap1,2391,1.0
462,NA21110.hybrid.hap2,2388,1.0
463,NA21144.hybrid.hap1,2388,1.0
464,NA21144.hybrid.hap2,2379,1.0
465,NA21309.hybrid.mat,2391,1.0
466,NA21309.hybrid.pat,2382,0.5
