path	path_suffix_label	region_start_bp	region_end_bp	region_bp	block_count	CAG_like_units	GCC_like_units	mixed_units	exact_units	variant_units	inserted_bp	switches	pure_blocks	interrupted_blocks	compound_blocks	block_signature
seq1_1.0	1.0	234	522	288	6	5	24	34	63	0	89	6	0	3	2	nonrepeat:0:inserted_sequence|GCC_like:10:split_or_interrupted_repeat|mixed:12:compound_mosaic|CAG_like:5:split_or_interrupted_repeat|mixed:22:compound_mosaic|GCC_like:14:split_or_interrupted_repeat
seq2_1.0	1.0	234	522	288	6	5	25	34	64	0	87	6	0	3	2	nonrepeat:0:inserted_sequence|GCC_like:10:split_or_interrupted_repeat|mixed:12:compound_mosaic|CAG_like:5:split_or_interrupted_repeat|mixed:22:compound_mosaic|GCC_like:15:split_or_interrupted_repeat
seq1_65.5	65.5	234	516	282	6	4	24	34	62	0	87	6	0	3	2	nonrepeat:0:inserted_sequence|GCC_like:10:split_or_interrupted_repeat|mixed:12:compound_mosaic|CAG_like:4:split_or_interrupted_repeat|mixed:22:compound_mosaic|GCC_like:14:split_or_interrupted_repeat
seq2_161.5	161.5	234	522	288	6	5	25	34	64	0	87	6	0	3	2	nonrepeat:0:inserted_sequence|GCC_like:10:split_or_interrupted_repeat|mixed:12:compound_mosaic|CAG_like:5:split_or_interrupted_repeat|mixed:22:compound_mosaic|GCC_like:15:split_or_interrupted_repeat
seq3_107.0	107.0	234	516	282	6	4	24	34	62	0	87	6	0	3	2	nonrepeat:0:inserted_sequence|GCC_like:10:split_or_interrupted_repeat|mixed:12:compound_mosaic|CAG_like:4:split_or_interrupted_repeat|mixed:22:compound_mosaic|GCC_like:14:split_or_interrupted_repeat
seq4_1.0	1.0	234	516	282	6	5	23	34	62	0	87	6	0	3	2	nonrepeat:0:inserted_sequence|GCC_like:10:split_or_interrupted_repeat|mixed:12:compound_mosaic|CAG_like:5:split_or_interrupted_repeat|mixed:22:compound_mosaic|GCC_like:13:split_or_interrupted_repeat
seq5_1.0	1.0	234	522	288	6	5	25	34	64	0	87	6	0	3	2	nonrepeat:0:inserted_sequence|GCC_like:10:split_or_interrupted_repeat|mixed:12:compound_mosaic|CAG_like:5:split_or_interrupted_repeat|mixed:22:compound_mosaic|GCC_like:15:split_or_interrupted_repeat
seq6_32.5	32.5	234	522	288	6	5	24	34	63	0	89	6	0	3	2	nonrepeat:0:inserted_sequence|GCC_like:10:split_or_interrupted_repeat|mixed:12:compound_mosaic|CAG_like:5:split_or_interrupted_repeat|mixed:22:compound_mosaic|GCC_like:14:split_or_interrupted_repeat
seq7_0.5	0.5	234	522	288	6	5	25	34	64	0	87	6	0	3	2	nonrepeat:0:inserted_sequence|GCC_like:10:split_or_interrupted_repeat|mixed:12:compound_mosaic|CAG_like:5:split_or_interrupted_repeat|mixed:22:compound_mosaic|GCC_like:15:split_or_interrupted_repeat
seq8_1.0	1.0	234	546	312	6	12	25	34	71	0	90	6	0	3	2	nonrepeat:0:inserted_sequence|GCC_like:10:split_or_interrupted_repeat|mixed:12:compound_mosaic|CAG_like:12:split_or_interrupted_repeat|mixed:22:compound_mosaic|GCC_like:15:split_or_interrupted_repeat
seq9_1.0	1.0	234	516	282	6	3	25	34	62	0	87	6	0	3	2	nonrepeat:0:inserted_sequence|GCC_like:10:split_or_interrupted_repeat|mixed:12:compound_mosaic|CAG_like:3:split_or_interrupted_repeat|mixed:22:compound_mosaic|GCC_like:15:split_or_interrupted_repeat
seq10_14.0	14.0	234	516	282	6	4	24	34	62	0	87	6	0	3	2	nonrepeat:0:inserted_sequence|GCC_like:10:split_or_interrupted_repeat|mixed:12:compound_mosaic|CAG_like:4:split_or_interrupted_repeat|mixed:22:compound_mosaic|GCC_like:14:split_or_interrupted_repeat
seq11_3.0	3.0	234	528	294	6	4	28	34	66	0	87	6	0	3	2	nonrepeat:0:inserted_sequence|GCC_like:10:split_or_interrupted_repeat|mixed:12:compound_mosaic|CAG_like:4:split_or_interrupted_repeat|mixed:22:compound_mosaic|GCC_like:18:split_or_interrupted_repeat
seq12_1.0	1.0	234	516	282	6	4	24	34	62	0	87	6	0	3	2	nonrepeat:0:inserted_sequence|GCC_like:10:split_or_interrupted_repeat|mixed:12:compound_mosaic|CAG_like:4:split_or_interrupted_repeat|mixed:22:compound_mosaic|GCC_like:14:split_or_interrupted_repeat
seq13_1.0	1.0	234	522	288	6	4	26	34	64	0	87	6	0	3	2	nonrepeat:0:inserted_sequence|GCC_like:10:split_or_interrupted_repeat|mixed:12:compound_mosaic|CAG_like:4:split_or_interrupted_repeat|mixed:22:compound_mosaic|GCC_like:16:split_or_interrupted_repeat
seq14_4.0	4.0	234	516	282	6	4	24	34	62	0	87	6	0	3	2	nonrepeat:0:inserted_sequence|GCC_like:10:split_or_interrupted_repeat|mixed:12:compound_mosaic|CAG_like:4:split_or_interrupted_repeat|mixed:22:compound_mosaic|GCC_like:14:split_or_interrupted_repeat
seq15_1.0	1.0	234	522	288	6	5	25	34	64	0	87	6	0	3	2	nonrepeat:0:inserted_sequence|GCC_like:10:split_or_interrupted_repeat|mixed:12:compound_mosaic|CAG_like:5:split_or_interrupted_repeat|mixed:22:compound_mosaic|GCC_like:15:split_or_interrupted_repeat
seq16_1.0	1.0	234	540	306	6	8	27	34	69	0	90	6	0	3	2	nonrepeat:0:inserted_sequence|GCC_like:10:split_or_interrupted_repeat|mixed:12:compound_mosaic|CAG_like:8:split_or_interrupted_repeat|mixed:22:compound_mosaic|GCC_like:17:split_or_interrupted_repeat
seq17_3.0	3.0	234	510	276	6	4	22	34	60	0	87	6	0	3	2	nonrepeat:0:inserted_sequence|GCC_like:10:split_or_interrupted_repeat|mixed:12:compound_mosaic|CAG_like:4:split_or_interrupted_repeat|mixed:22:compound_mosaic|GCC_like:12:split_or_interrupted_repeat
seq18_3.0	3.0	234	522	288	6	5	25	34	64	0	87	6	0	3	2	nonrepeat:0:inserted_sequence|GCC_like:10:split_or_interrupted_repeat|mixed:12:compound_mosaic|CAG_like:5:split_or_interrupted_repeat|mixed:22:compound_mosaic|GCC_like:15:split_or_interrupted_repeat
seq19_13.0	13.0	234	510	276	6	3	24	34	61	0	86	6	0	3	2	nonrepeat:0:inserted_sequence|GCC_like:10:split_or_interrupted_repeat|mixed:12:compound_mosaic|CAG_like:3:split_or_interrupted_repeat|mixed:22:compound_mosaic|GCC_like:14:split_or_interrupted_repeat
seq20_1.0	1.0	234	522	288	6	5	25	34	64	0	89	6	0	3	2	nonrepeat:0:inserted_sequence|GCC_like:10:split_or_interrupted_repeat|mixed:12:compound_mosaic|CAG_like:5:split_or_interrupted_repeat|mixed:22:compound_mosaic|GCC_like:15:split_or_interrupted_repeat
seq21_1.0	1.0	234	516	282	6	3	25	34	62	0	87	7	0	3	2	nonrepeat:0:inserted_sequence|GCC_like:10:split_or_interrupted_repeat|mixed:12:compound_mosaic|CAG_like:3:split_or_interrupted_repeat|mixed:22:compound_mosaic|GCC_like:15:split_or_interrupted_repeat
seq22_2.0	2.0	234	522	288	6	5	25	34	64	0	89	5	0	3	2	nonrepeat:0:inserted_sequence|GCC_like:10:split_or_interrupted_repeat|mixed:12:compound_mosaic|CAG_like:5:split_or_interrupted_repeat|mixed:22:compound_mosaic|GCC_like:15:split_or_interrupted_repeat
seq23_12.0	12.0	234	522	288	6	5	25	34	64	0	89	5	0	3	2	nonrepeat:0:inserted_sequence|GCC_like:10:split_or_interrupted_repeat|mixed:12:compound_mosaic|CAG_like:5:split_or_interrupted_repeat|mixed:22:compound_mosaic|GCC_like:15:split_or_interrupted_repeat
seq24_1.0	1.0	234	516	282	6	4	24	34	62	0	87	6	0	3	2	nonrepeat:0:inserted_sequence|GCC_like:10:split_or_interrupted_repeat|mixed:12:compound_mosaic|CAG_like:4:split_or_interrupted_repeat|mixed:22:compound_mosaic|GCC_like:14:split_or_interrupted_repeat
seq25_2.0	2.0	234	522	288	6	5	25	34	64	0	87	6	0	3	2	nonrepeat:0:inserted_sequence|GCC_like:10:split_or_interrupted_repeat|mixed:12:compound_mosaic|CAG_like:5:split_or_interrupted_repeat|mixed:22:compound_mosaic|GCC_like:15:split_or_interrupted_repeat
seq26_1.0	1.0	234	528	294	6	6	25	34	65	0	90	6	0	3	2	nonrepeat:0:inserted_sequence|GCC_like:10:split_or_interrupted_repeat|mixed:12:compound_mosaic|CAG_like:6:split_or_interrupted_repeat|mixed:22:compound_mosaic|GCC_like:15:split_or_interrupted_repeat
seq27_3.0	3.0	234	516	282	6	4	24	34	62	0	87	6	0	3	2	nonrepeat:0:inserted_sequence|GCC_like:10:split_or_interrupted_repeat|mixed:12:compound_mosaic|CAG_like:4:split_or_interrupted_repeat|mixed:22:compound_mosaic|GCC_like:14:split_or_interrupted_repeat
seq28_3.0	3.0	234	516	282	6	4	24	34	62	0	87	6	0	3	2	nonrepeat:0:inserted_sequence|GCC_like:10:split_or_interrupted_repeat|mixed:12:compound_mosaic|CAG_like:4:split_or_interrupted_repeat|mixed:22:compound_mosaic|GCC_like:14:split_or_interrupted_repeat
seq29_1.0	1.0	234	522	288	6	5	24	34	63	0	89	6	0	3	2	nonrepeat:0:inserted_sequence|GCC_like:10:split_or_interrupted_repeat|mixed:12:compound_mosaic|CAG_like:5:split_or_interrupted_repeat|mixed:22:compound_mosaic|GCC_like:14:split_or_interrupted_repeat
seq30_1.0	1.0	234	522	288	6	6	24	34	64	0	89	6	0	3	2	nonrepeat:0:inserted_sequence|GCC_like:10:split_or_interrupted_repeat|mixed:12:compound_mosaic|CAG_like:6:split_or_interrupted_repeat|mixed:22:compound_mosaic|GCC_like:14:split_or_interrupted_repeat
seq31_1.0	1.0	234	504	270	6	1	24	34	59	0	85	5	0	3	2	nonrepeat:0:inserted_sequence|GCC_like:10:split_or_interrupted_repeat|mixed:12:compound_mosaic|CAG_like:1:interrupted_or_variant_repeat|mixed:22:compound_mosaic|GCC_like:14:split_or_interrupted_repeat
seq32_1.0	1.0	234	510	276	6	5	21	34	60	0	87	6	0	3	2	nonrepeat:0:inserted_sequence|GCC_like:6:split_or_interrupted_repeat|mixed:12:compound_mosaic|CAG_like:5:split_or_interrupted_repeat|mixed:22:compound_mosaic|GCC_like:15:split_or_interrupted_repeat
seq33_2.0	2.0	234	528	294	6	7	24	34	65	0	90	6	0	3	2	nonrepeat:0:inserted_sequence|GCC_like:10:split_or_interrupted_repeat|mixed:12:compound_mosaic|CAG_like:7:split_or_interrupted_repeat|mixed:22:compound_mosaic|GCC_like:14:split_or_interrupted_repeat
seq34_1.0	1.0	234	528	294	6	5	26	34	65	0	89	6	0	3	2	nonrepeat:0:inserted_sequence|GCC_like:10:split_or_interrupted_repeat|mixed:12:compound_mosaic|CAG_like:5:split_or_interrupted_repeat|mixed:22:compound_mosaic|GCC_like:16:split_or_interrupted_repeat
seq35_1.0	1.0	234	522	288	6	5	24	34	63	0	89	6	0	3	2	nonrepeat:0:inserted_sequence|GCC_like:10:split_or_interrupted_repeat|mixed:12:compound_mosaic|CAG_like:5:split_or_interrupted_repeat|mixed:22:compound_mosaic|GCC_like:14:split_or_interrupted_repeat
seq36_1.0	1.0	234	516	282	6	4	24	34	62	0	87	6	0	3	2	nonrepeat:0:inserted_sequence|GCC_like:10:split_or_interrupted_repeat|mixed:12:compound_mosaic|CAG_like:4:split_or_interrupted_repeat|mixed:22:compound_mosaic|GCC_like:14:split_or_interrupted_repeat
seq37_1.0	1.0	234	522	288	6	5	25	34	64	0	87	6	0	3	2	nonrepeat:0:inserted_sequence|GCC_like:10:split_or_interrupted_repeat|mixed:12:compound_mosaic|CAG_like:5:split_or_interrupted_repeat|mixed:22:compound_mosaic|GCC_like:15:split_or_interrupted_repeat
seq38_1.0	1.0	234	534	300	6	8	25	34	67	0	90	6	0	3	2	nonrepeat:0:inserted_sequence|GCC_like:10:split_or_interrupted_repeat|mixed:12:compound_mosaic|CAG_like:8:split_or_interrupted_repeat|mixed:22:compound_mosaic|GCC_like:15:split_or_interrupted_repeat
seq39_1.0	1.0	234	510	276	6	3	24	34	61	0	86	6	0	3	2	nonrepeat:0:inserted_sequence|GCC_like:10:split_or_interrupted_repeat|mixed:12:compound_mosaic|CAG_like:3:split_or_interrupted_repeat|mixed:22:compound_mosaic|GCC_like:14:split_or_interrupted_repeat
seq40_1.0	1.0	234	522	288	6	6	24	34	64	0	89	6	0	3	2	nonrepeat:0:inserted_sequence|GCC_like:10:split_or_interrupted_repeat|mixed:12:compound_mosaic|CAG_like:6:split_or_interrupted_repeat|mixed:22:compound_mosaic|GCC_like:14:split_or_interrupted_repeat
seq41_1.0	1.0	234	516	282	6	4	25	34	63	0	86	6	0	3	2	nonrepeat:0:inserted_sequence|GCC_like:10:split_or_interrupted_repeat|mixed:12:compound_mosaic|CAG_like:4:split_or_interrupted_repeat|mixed:22:compound_mosaic|GCC_like:15:split_or_interrupted_repeat
seq42_1.0	1.0	234	516	282	6	4	24	34	62	0	87	6	0	3	2	nonrepeat:0:inserted_sequence|GCC_like:10:split_or_interrupted_repeat|mixed:12:compound_mosaic|CAG_like:4:split_or_interrupted_repeat|mixed:22:compound_mosaic|GCC_like:14:split_or_interrupted_repeat
seq43_1.0	1.0	234	522	288	6	5	25	34	64	0	87	6	0	3	2	nonrepeat:0:inserted_sequence|GCC_like:10:split_or_interrupted_repeat|mixed:12:compound_mosaic|CAG_like:5:split_or_interrupted_repeat|mixed:22:compound_mosaic|GCC_like:15:split_or_interrupted_repeat
seq44_1.0	1.0	234	516	282	6	4	25	34	63	0	86	6	0	3	2	nonrepeat:0:inserted_sequence|GCC_like:10:split_or_interrupted_repeat|mixed:12:compound_mosaic|CAG_like:4:split_or_interrupted_repeat|mixed:22:compound_mosaic|GCC_like:15:split_or_interrupted_repeat
seq45_1.0	1.0	234	510	276	6	4	22	34	60	0	87	6	0	3	2	nonrepeat:0:inserted_sequence|GCC_like:8:split_or_interrupted_repeat|mixed:12:compound_mosaic|CAG_like:4:split_or_interrupted_repeat|mixed:22:compound_mosaic|GCC_like:14:split_or_interrupted_repeat
