path	segment_count	sequence_length	token_count	motif_token_count	nonrepeat_token_count	motif_counts	compressed_token_pattern
seq1_1.0	57	2391	522	280	242	CAA=32;CAG=63;GCC=64;GCG=42;GGC=79	非重复 GGCx2 非重复 CAG 非重复 CAA 非重复 GCG 非重复x3 GCC 非重复 GCC 非重复 GGC 非重复 GCC GCG 非重复 GCG 非重复 CAA 非重复 GGC 非重复 CAG 非重复 GCG 非重复 CAG 非重复 GCG GGC 非重复 GGC 非重复 CAG 非重复 GGC 非重复 GGC 非重复 GCCx3 非重复x5 CAG 非重复 GGC 非重复 GGC 非重复x2 GCGx5 非重复 CAG 非重复 GCGx2 GCCx5 GCG CAA CAG CAA CAG 非重复x2 CAG 非重复x2 CAGx3 非重复x6 CAG 非重复x2 CAGx7 CAAx2 CAG 非重复 CAA 非重复 CAG CAA GCC 非重复 GCG 非重复 GGCx2 非重复 GGC 非重复 GCG 非重复 GGC 非重复 GCG 非重复 GCCx9 非重复x2 GCG 非重复 CAG 非重复 CAG 非重复 GCC 非重复 GCC 非重复 GCC 非重复 CAGx2 非重复 GCG 非重复 GCC CAA 非重复 GGC 非重复 GGC 非重复 CAA 非重复 GGC 非重复 CAA 非重复 CAA 非重复 CAG 非重复 CAG 非重复x3 CAG 非重复 GCC 非重复 CAA 非重复 CAG 非重复 GGCx2 非重复 GGC 非重复 GGC 非重复x3 GGC 非重复 GGC 非重复 GCC CAA 非重复 GGC 非重复 GGC 非重复 CAG 非重复 GCC 非重复 CAA 非重复 CAG 非重复 GGC 非重复 GGC CAG 非重复 GCG 非重复 GCC 非重复 GGC 非重复 GCC 非重复 GGC 非重复 GCC 非重复 CAG 非重复 GGC 非重复 GGC 非重复 GGC 非重复 GCG 非重复 GGC 非重复 GGC 非重复 GGC 非重复 GGC 非重复x3 CAG 非重复 CAG 非重复 GCG 非重复 CAG 非重复 CAA 非重复 GCC 非重复 GGC 非重复 GGC 非重复 GCG 非重复 GCC 非重复 GCG CAA 非重复x2 GCG 非重复 GGC CAG CAA GCC CAA 非重复 GCG 非重复 GGC 非重复 GGC 非重复 GCC 非重复 CAA 非重复 GGC 非重复 GCG 非重复 GCC 非重复 GCC 非重复 CAA GCC 非重复 GGC 非重复x5 GGC 非重复 GGC 非重复 CAG 非重复 GGC CAA 非重复 CAG 非重复 CAG 非重复 GGC 非重复 GGC 非重复 CAA 非重复 GGC 非重复 GGC GCC 非重复 GCC 非重复 GCG 非重复 CAA 非重复 GGC 非重复 GCC 非重复 GGC GCC 非重复 GCC 非重复 CAG 非重复x3 GCC 非重复 GCC GCG 非重复 CAG 非重复 GGC 非重复 GCCx2 非重复 GCC GCG 非重复 GGC 非重复 GGC 非重复 CAG 非重复 GCC 非重复 GCC 非重复 GCG CAA 非重复 GGC 非重复 GCC 非重复 CAG 非重复 GGC GCG 非重复 GGC 非重复 CAGx2 非重复 GGC 非重复 CAG 非重复 GGC 非重复 CAG 非重复 GCG 非重复 GGC 非重复 GCC 非重复 GGC 非重复 GCGx2 非重复 GGC 非重复 GCGx2 非重复 GCC 非重复 GCCx2 非重复 CAA 非重复 CAG 非重复 CAG 非重复 GGC 非重复 GGC 非重复 GGC 非重复 CAG 非重复 GCC CAA 非重复 GGC 非重复x3 GCG 非重复 GGC GCGx2 非重复 CAGx3 非重复 CAG 非重复 GCC GGC 非重复 GCC 非重复 GGC 非重复 GCG 非重复 GGC 非重复x4 CAG 非重复 GGC GCC 非重复 GCCx2 非重复 GCG 非重复 GGC 非重复 CAA 非重复 CAA 非重复 GGC CAA CAG 非重复 GCC 非重复 CAG 非重复 GCC 非重复 CAG 非重复 CAA 非重复 CAA GGC 非重复 CAG 非重复 GGC 非重复 GGC 非重复x3 CAG 非重复 GCC 非重复x3 GGC 非重复 CAG GGC 非重复 GCG 非重复
seq2_1.0	56	2388	520	280	240	CAA=33;CAG=62;GCC=64;GCG=42;GGC=79	非重复 GGCx2 非重复 CAG 非重复 CAA 非重复 GCG 非重复x3 GCC 非重复 GCC 非重复 GGC 非重复 GCC GCG 非重复 GCG 非重复 CAA 非重复 GGC 非重复 CAG 非重复 GCG 非重复 CAG 非重复 GCG GGC 非重复 GGC 非重复 CAG 非重复 GGC 非重复 GGC 非重复 GCCx3 非重复x5 CAG 非重复 GGC 非重复 GGC 非重复x2 GCGx5 非重复 CAG 非重复 GCGx2 GCCx5 GCG CAA CAG CAA CAG 非重复x2 CAGx2 非重复x4 CAG 非重复x2 CAG CAA 非重复x2 CAGx7 CAAx2 CAG 非重复 CAA 非重复 CAG CAA GCC 非重复 GCG 非重复 GGCx2 非重复 GGC 非重复 GCG 非重复 GGC 非重复 GCG 非重复 GCCx9 非重复x2 GCG 非重复 CAG 非重复 CAG 非重复 GCC 非重复 GCC 非重复 GCC 非重复 CAGx2 非重复 GCG 非重复 GCC CAA 非重复 GGC 非重复 GGC 非重复 CAA 非重复 GGC 非重复 CAA 非重复 CAA 非重复 CAG 非重复 CAG 非重复x3 CAG 非重复 GCC 非重复 CAA 非重复 CAG 非重复 GGCx2 非重复 GGC 非重复 GGC 非重复x3 GGC 非重复 GGC 非重复 GCC CAA 非重复 GGC 非重复 GGC 非重复 CAG 非重复 GCC 非重复 CAA 非重复 CAG 非重复 GGC 非重复 GGC CAG 非重复 GCG 非重复 GCC 非重复 GGC 非重复 GCC 非重复 GGC 非重复 GCC 非重复 CAG 非重复 GGC 非重复 GGC 非重复 GGC 非重复 GCG 非重复 GGC 非重复 GGC 非重复 GGC 非重复 GGC 非重复x3 CAG 非重复 CAG 非重复 GCG 非重复 CAG 非重复 CAA 非重复 GCC 非重复 GGC 非重复 GGC 非重复 GCG 非重复 GCC 非重复 GCG CAA 非重复x2 GCG 非重复 GGC CAG CAA GCC CAA 非重复 GCG 非重复 GGC 非重复 GGC 非重复 GCC 非重复 CAA 非重复 GGC 非重复 GCG 非重复 GCC 非重复 GCC 非重复 CAA GCC 非重复 GGC 非重复x5 GGC 非重复 GGC 非重复 CAG 非重复 GGC CAA 非重复 CAG 非重复 CAG 非重复 GGC 非重复 GGC 非重复 CAA 非重复 GGC 非重复 GGC GCC 非重复 GCC 非重复 GCG 非重复 CAA 非重复 GGC 非重复 GCC 非重复 GGC GCC 非重复 GCC 非重复 CAG 非重复x3 GCC 非重复 GCC GCG 非重复 CAG 非重复 GGC 非重复 GCCx2 非重复 GCC GCG 非重复 GGC 非重复 GGC 非重复 CAG 非重复 GCC 非重复 GCC 非重复 GCG CAA 非重复 GGC 非重复 GCC 非重复 CAG 非重复 GGC GCG 非重复 GGC 非重复 CAGx2 非重复 GGC 非重复 CAG 非重复 GGC 非重复 CAG 非重复 GCG 非重复 GGC 非重复 GCC 非重复 GGC 非重复 GCGx2 非重复 GGC 非重复 GCGx2 非重复 GCC 非重复 GCCx2 非重复 CAA 非重复 CAG 非重复 CAG 非重复 GGC 非重复 GGC 非重复 GGC 非重复 CAG 非重复 GCC CAA 非重复 GGC 非重复x3 GCG 非重复 GGC GCGx2 非重复 CAGx3 非重复 CAG 非重复 GCC GGC 非重复 GCC 非重复 GGC 非重复 GCG 非重复 GGC 非重复x4 CAG 非重复 GGC GCC 非重复 GCCx2 非重复 GCG 非重复 GGC 非重复 CAA 非重复 CAA 非重复 GGC CAA CAG 非重复 GCC 非重复 CAG 非重复 GCC 非重复 CAG 非重复 CAA 非重复 CAA GGC 非重复 CAG 非重复 GGC 非重复 GGC 非重复x3 CAG 非重复 GCC 非重复x3 GGC 非重复 CAG GGC 非重复 GCG 非重复
seq1_65.5	55	2385	519	279	240	CAA=33;CAG=61;GCC=64;GCG=42;GGC=79	非重复 GGCx2 非重复 CAG 非重复 CAA 非重复 GCG 非重复x3 GCC 非重复 GCC 非重复 GGC 非重复 GCC GCG 非重复 GCG 非重复 CAA 非重复 GGC 非重复 CAG 非重复 GCG 非重复 CAG 非重复 GCG GGC 非重复 GGC 非重复 CAG 非重复 GGC 非重复 GGC 非重复 GCCx3 非重复x5 CAG 非重复 GGC 非重复 GGC 非重复x2 GCGx5 非重复 CAG 非重复 GCGx2 GCCx5 GCG CAA CAG CAA CAG 非重复x2 CAG 非重复x4 CAG 非重复x2 CAG CAA 非重复x2 CAGx7 CAAx2 CAG 非重复 CAA 非重复 CAG CAA GCC 非重复 GCG 非重复 GGCx2 非重复 GGC 非重复 GCG 非重复 GGC 非重复 GCG 非重复 GCCx9 非重复x2 GCG 非重复 CAG 非重复 CAG 非重复 GCC 非重复 GCC 非重复 GCC 非重复 CAGx2 非重复 GCG 非重复 GCC CAA 非重复 GGC 非重复 GGC 非重复 CAA 非重复 GGC 非重复 CAA 非重复 CAA 非重复 CAG 非重复 CAG 非重复x3 CAG 非重复 GCC 非重复 CAA 非重复 CAG 非重复 GGCx2 非重复 GGC 非重复 GGC 非重复x3 GGC 非重复 GGC 非重复 GCC CAA 非重复 GGC 非重复 GGC 非重复 CAG 非重复 GCC 非重复 CAA 非重复 CAG 非重复 GGC 非重复 GGC CAG 非重复 GCG 非重复 GCC 非重复 GGC 非重复 GCC 非重复 GGC 非重复 GCC 非重复 CAG 非重复 GGC 非重复 GGC 非重复 GGC 非重复 GCG 非重复 GGC 非重复 GGC 非重复 GGC 非重复 GGC 非重复x3 CAG 非重复 CAG 非重复 GCG 非重复 CAG 非重复 CAA 非重复 GCC 非重复 GGC 非重复 GGC 非重复 GCG 非重复 GCC 非重复 GCG CAA 非重复x2 GCG 非重复 GGC CAG CAA GCC CAA 非重复 GCG 非重复 GGC 非重复 GGC 非重复 GCC 非重复 CAA 非重复 GGC 非重复 GCG 非重复 GCC 非重复 GCC 非重复 CAA GCC 非重复 GGC 非重复x5 GGC 非重复 GGC 非重复 CAG 非重复 GGC CAA 非重复 CAG 非重复 CAG 非重复 GGC 非重复 GGC 非重复 CAA 非重复 GGC 非重复 GGC GCC 非重复 GCC 非重复 GCG 非重复 CAA 非重复 GGC 非重复 GCC 非重复 GGC GCC 非重复 GCC 非重复 CAG 非重复x3 GCC 非重复 GCC GCG 非重复 CAG 非重复 GGC 非重复 GCCx2 非重复 GCC GCG 非重复 GGC 非重复 GGC 非重复 CAG 非重复 GCC 非重复 GCC 非重复 GCG CAA 非重复 GGC 非重复 GCC 非重复 CAG 非重复 GGC GCG 非重复 GGC 非重复 CAGx2 非重复 GGC 非重复 CAG 非重复 GGC 非重复 CAG 非重复 GCG 非重复 GGC 非重复 GCC 非重复 GGC 非重复 GCGx2 非重复 GGC 非重复 GCGx2 非重复 GCC 非重复 GCCx2 非重复 CAA 非重复 CAG 非重复 CAG 非重复 GGC 非重复 GGC 非重复 GGC 非重复 CAG 非重复 GCC CAA 非重复 GGC 非重复x3 GCG 非重复 GGC GCGx2 非重复 CAGx3 非重复 CAG 非重复 GCC GGC 非重复 GCC 非重复 GGC 非重复 GCG 非重复 GGC 非重复x4 CAG 非重复 GGC GCC 非重复 GCCx2 非重复 GCG 非重复 GGC 非重复 CAA 非重复 CAA 非重复 GGC CAA CAG 非重复 GCC 非重复 CAG 非重复 GCC 非重复 CAG 非重复 CAA 非重复 CAA GGC 非重复 CAG 非重复 GGC 非重复 GGC 非重复x3 CAG 非重复 GCC 非重复x3 GGC 非重复 CAG GGC 非重复 GCG 非重复
seq2_161.5	56	2388	520	280	240	CAA=33;CAG=62;GCC=64;GCG=42;GGC=79	非重复 GGCx2 非重复 CAG 非重复 CAA 非重复 GCG 非重复x3 GCC 非重复 GCC 非重复 GGC 非重复 GCC GCG 非重复 GCG 非重复 CAA 非重复 GGC 非重复 CAG 非重复 GCG 非重复 CAG 非重复 GCG GGC 非重复 GGC 非重复 CAG 非重复 GGC 非重复 GGC 非重复 GCCx3 非重复x5 CAG 非重复 GGC 非重复 GGC 非重复x2 GCGx5 非重复 CAG 非重复 GCGx2 GCCx5 GCG CAA CAG CAA CAG 非重复x2 CAGx2 非重复x4 CAG 非重复x2 CAG CAA 非重复x2 CAGx7 CAAx2 CAG 非重复 CAA 非重复 CAG CAA GCC 非重复 GCG 非重复 GGCx2 非重复 GGC 非重复 GCG 非重复 GGC 非重复 GCG 非重复 GCCx9 非重复x2 GCG 非重复 CAG 非重复 CAG 非重复 GCC 非重复 GCC 非重复 GCC 非重复 CAGx2 非重复 GCG 非重复 GCC CAA 非重复 GGC 非重复 GGC 非重复 CAA 非重复 GGC 非重复 CAA 非重复 CAA 非重复 CAG 非重复 CAG 非重复x3 CAG 非重复 GCC 非重复 CAA 非重复 CAG 非重复 GGCx2 非重复 GGC 非重复 GGC 非重复x3 GGC 非重复 GGC 非重复 GCC CAA 非重复 GGC 非重复 GGC 非重复 CAG 非重复 GCC 非重复 CAA 非重复 CAG 非重复 GGC 非重复 GGC CAG 非重复 GCG 非重复 GCC 非重复 GGC 非重复 GCC 非重复 GGC 非重复 GCC 非重复 CAG 非重复 GGC 非重复 GGC 非重复 GGC 非重复 GCG 非重复 GGC 非重复 GGC 非重复 GGC 非重复 GGC 非重复x3 CAG 非重复 CAG 非重复 GCG 非重复 CAG 非重复 CAA 非重复 GCC 非重复 GGC 非重复 GGC 非重复 GCG 非重复 GCC 非重复 GCG CAA 非重复x2 GCG 非重复 GGC CAG CAA GCC CAA 非重复 GCG 非重复 GGC 非重复 GGC 非重复 GCC 非重复 CAA 非重复 GGC 非重复 GCG 非重复 GCC 非重复 GCC 非重复 CAA GCC 非重复 GGC 非重复x5 GGC 非重复 GGC 非重复 CAG 非重复 GGC CAA 非重复 CAG 非重复 CAG 非重复 GGC 非重复 GGC 非重复 CAA 非重复 GGC 非重复 GGC GCC 非重复 GCC 非重复 GCG 非重复 CAA 非重复 GGC 非重复 GCC 非重复 GGC GCC 非重复 GCC 非重复 CAG 非重复x3 GCC 非重复 GCC GCG 非重复 CAG 非重复 GGC 非重复 GCCx2 非重复 GCC GCG 非重复 GGC 非重复 GGC 非重复 CAG 非重复 GCC 非重复 GCC 非重复 GCG CAA 非重复 GGC 非重复 GCC 非重复 CAG 非重复 GGC GCG 非重复 GGC 非重复 CAGx2 非重复 GGC 非重复 CAG 非重复 GGC 非重复 CAG 非重复 GCG 非重复 GGC 非重复 GCC 非重复 GGC 非重复 GCGx2 非重复 GGC 非重复 GCGx2 非重复 GCC 非重复 GCCx2 非重复 CAA 非重复 CAG 非重复 CAG 非重复 GGC 非重复 GGC 非重复 GGC 非重复 CAG 非重复 GCC CAA 非重复 GGC 非重复x3 GCG 非重复 GGC GCGx2 非重复 CAGx3 非重复 CAG 非重复 GCC GGC 非重复 GCC 非重复 GGC 非重复 GCG 非重复 GGC 非重复x4 CAG 非重复 GGC GCC 非重复 GCCx2 非重复 GCG 非重复 GGC 非重复 CAA 非重复 CAA 非重复 GGC CAA CAG 非重复 GCC 非重复 CAG 非重复 GCC 非重复 CAG 非重复 CAA 非重复 CAA GGC 非重复 CAG 非重复 GGC 非重复 GGC 非重复x3 CAG 非重复 GCC 非重复x3 GGC 非重复 CAG GGC 非重复 GCG 非重复
seq3_107.0	55	2385	519	279	240	CAA=33;CAG=61;GCC=64;GCG=42;GGC=79	非重复 GGCx2 非重复 CAG 非重复 CAA 非重复 GCG 非重复x3 GCC 非重复 GCC 非重复 GGC 非重复 GCC GCG 非重复 GCG 非重复 CAA 非重复 GGC 非重复 CAG 非重复 GCG 非重复 CAG 非重复 GCG GGC 非重复 GGC 非重复 CAG 非重复 GGC 非重复 GGC 非重复 GCCx3 非重复x5 CAG 非重复 GGC 非重复 GGC 非重复x2 GCGx5 非重复 CAG 非重复 GCGx2 GCCx5 GCG CAA CAG CAA CAG 非重复x2 CAG 非重复x4 CAG 非重复x2 CAG CAA 非重复x2 CAGx7 CAAx2 CAG 非重复 CAA 非重复 CAG CAA GCC 非重复 GCG 非重复 GGCx2 非重复 GGC 非重复 GCG 非重复 GGC 非重复 GCG 非重复 GCCx9 非重复x2 GCG 非重复 CAG 非重复 CAG 非重复 GCC 非重复 GCC 非重复 GCC 非重复 CAGx2 非重复 GCG 非重复 GCC CAA 非重复 GGC 非重复 GGC 非重复 CAA 非重复 GGC 非重复 CAA 非重复 CAA 非重复 CAG 非重复 CAG 非重复x3 CAG 非重复 GCC 非重复 CAA 非重复 CAG 非重复 GGCx2 非重复 GGC 非重复 GGC 非重复x3 GGC 非重复 GGC 非重复 GCC CAA 非重复 GGC 非重复 GGC 非重复 CAG 非重复 GCC 非重复 CAA 非重复 CAG 非重复 GGC 非重复 GGC CAG 非重复 GCG 非重复 GCC 非重复 GGC 非重复 GCC 非重复 GGC 非重复 GCC 非重复 CAG 非重复 GGC 非重复 GGC 非重复 GGC 非重复 GCG 非重复 GGC 非重复 GGC 非重复 GGC 非重复 GGC 非重复x3 CAG 非重复 CAG 非重复 GCG 非重复 CAG 非重复 CAA 非重复 GCC 非重复 GGC 非重复 GGC 非重复 GCG 非重复 GCC 非重复 GCG CAA 非重复x2 GCG 非重复 GGC CAG CAA GCC CAA 非重复 GCG 非重复 GGC 非重复 GGC 非重复 GCC 非重复 CAA 非重复 GGC 非重复 GCG 非重复 GCC 非重复 GCC 非重复 CAA GCC 非重复 GGC 非重复x5 GGC 非重复 GGC 非重复 CAG 非重复 GGC CAA 非重复 CAG 非重复 CAG 非重复 GGC 非重复 GGC 非重复 CAA 非重复 GGC 非重复 GGC GCC 非重复 GCC 非重复 GCG 非重复 CAA 非重复 GGC 非重复 GCC 非重复 GGC GCC 非重复 GCC 非重复 CAG 非重复x3 GCC 非重复 GCC GCG 非重复 CAG 非重复 GGC 非重复 GCCx2 非重复 GCC GCG 非重复 GGC 非重复 GGC 非重复 CAG 非重复 GCC 非重复 GCC 非重复 GCG CAA 非重复 GGC 非重复 GCC 非重复 CAG 非重复 GGC GCG 非重复 GGC 非重复 CAGx2 非重复 GGC 非重复 CAG 非重复 GGC 非重复 CAG 非重复 GCG 非重复 GGC 非重复 GCC 非重复 GGC 非重复 GCGx2 非重复 GGC 非重复 GCGx2 非重复 GCC 非重复 GCCx2 非重复 CAA 非重复 CAG 非重复 CAG 非重复 GGC 非重复 GGC 非重复 GGC 非重复 CAG 非重复 GCC CAA 非重复 GGC 非重复x3 GCG 非重复 GGC GCGx2 非重复 CAGx3 非重复 CAG 非重复 GCC GGC 非重复 GCC 非重复 GGC 非重复 GCG 非重复 GGC 非重复x4 CAG 非重复 GGC GCC 非重复 GCCx2 非重复 GCG 非重复 GGC 非重复 CAA 非重复 CAA 非重复 GGC CAA CAG 非重复 GCC 非重复 CAG 非重复 GCC 非重复 CAG 非重复 CAA 非重复 CAA GGC 非重复 CAG 非重复 GGC 非重复 GGC 非重复x3 CAG 非重复 GCC 非重复x3 GGC 非重复 CAG GGC 非重复 GCG 非重复
seq4_1.0	55	2385	519	279	240	CAA=33;CAG=62;GCC=63;GCG=42;GGC=79	非重复 GGCx2 非重复 CAG 非重复 CAA 非重复 GCG 非重复x3 GCC 非重复 GCC 非重复 GGC 非重复 GCC GCG 非重复 GCG 非重复 CAA 非重复 GGC 非重复 CAG 非重复 GCG 非重复 CAG 非重复 GCG GGC 非重复 GGC 非重复 CAG 非重复 GGC 非重复 GGC 非重复 GCCx3 非重复x5 CAG 非重复 GGC 非重复 GGC 非重复x2 GCGx5 非重复 CAG 非重复 GCGx2 GCCx5 GCG CAA CAG CAA CAG 非重复x2 CAGx2 非重复x4 CAG 非重复x2 CAG CAA 非重复x2 CAGx7 CAAx2 CAG 非重复 CAA 非重复 CAG CAA GCC 非重复 GCG 非重复 GGCx2 非重复 GGC 非重复 GCG 非重复 GGC 非重复 GCG 非重复 GCCx8 非重复x2 GCG 非重复 CAG 非重复 CAG 非重复 GCC 非重复 GCC 非重复 GCC 非重复 CAGx2 非重复 GCG 非重复 GCC CAA 非重复 GGC 非重复 GGC 非重复 CAA 非重复 GGC 非重复 CAA 非重复 CAA 非重复 CAG 非重复 CAG 非重复x3 CAG 非重复 GCC 非重复 CAA 非重复 CAG 非重复 GGCx2 非重复 GGC 非重复 GGC 非重复x3 GGC 非重复 GGC 非重复 GCC CAA 非重复 GGC 非重复 GGC 非重复 CAG 非重复 GCC 非重复 CAA 非重复 CAG 非重复 GGC 非重复 GGC CAG 非重复 GCG 非重复 GCC 非重复 GGC 非重复 GCC 非重复 GGC 非重复 GCC 非重复 CAG 非重复 GGC 非重复 GGC 非重复 GGC 非重复 GCG 非重复 GGC 非重复 GGC 非重复 GGC 非重复 GGC 非重复x3 CAG 非重复 CAG 非重复 GCG 非重复 CAG 非重复 CAA 非重复 GCC 非重复 GGC 非重复 GGC 非重复 GCG 非重复 GCC 非重复 GCG CAA 非重复x2 GCG 非重复 GGC CAG CAA GCC CAA 非重复 GCG 非重复 GGC 非重复 GGC 非重复 GCC 非重复 CAA 非重复 GGC 非重复 GCG 非重复 GCC 非重复 GCC 非重复 CAA GCC 非重复 GGC 非重复x5 GGC 非重复 GGC 非重复 CAG 非重复 GGC CAA 非重复 CAG 非重复 CAG 非重复 GGC 非重复 GGC 非重复 CAA 非重复 GGC 非重复 GGC GCC 非重复 GCC 非重复 GCG 非重复 CAA 非重复 GGC 非重复 GCC 非重复 GGC GCC 非重复 GCC 非重复 CAG 非重复x3 GCC 非重复 GCC GCG 非重复 CAG 非重复 GGC 非重复 GCCx2 非重复 GCC GCG 非重复 GGC 非重复 GGC 非重复 CAG 非重复 GCC 非重复 GCC 非重复 GCG CAA 非重复 GGC 非重复 GCC 非重复 CAG 非重复 GGC GCG 非重复 GGC 非重复 CAGx2 非重复 GGC 非重复 CAG 非重复 GGC 非重复 CAG 非重复 GCG 非重复 GGC 非重复 GCC 非重复 GGC 非重复 GCGx2 非重复 GGC 非重复 GCGx2 非重复 GCC 非重复 GCCx2 非重复 CAA 非重复 CAG 非重复 CAG 非重复 GGC 非重复 GGC 非重复 GGC 非重复 CAG 非重复 GCC CAA 非重复 GGC 非重复x3 GCG 非重复 GGC GCGx2 非重复 CAGx3 非重复 CAG 非重复 GCC GGC 非重复 GCC 非重复 GGC 非重复 GCG 非重复 GGC 非重复x4 CAG 非重复 GGC GCC 非重复 GCCx2 非重复 GCG 非重复 GGC 非重复 CAA 非重复 CAA 非重复 GGC CAA CAG 非重复 GCC 非重复 CAG 非重复 GCC 非重复 CAG 非重复 CAA 非重复 CAA GGC 非重复 CAG 非重复 GGC 非重复 GGC 非重复x3 CAG 非重复 GCC 非重复x3 GGC 非重复 CAG GGC 非重复 GCG 非重复
seq5_1.0	56	2388	520	280	240	CAA=33;CAG=62;GCC=64;GCG=42;GGC=79	非重复 GGCx2 非重复 CAG 非重复 CAA 非重复 GCG 非重复x3 GCC 非重复 GCC 非重复 GGC 非重复 GCC GCG 非重复 GCG 非重复 CAA 非重复 GGC 非重复 CAG 非重复 GCG 非重复 CAG 非重复 GCG GGC 非重复 GGC 非重复 CAG 非重复 GGC 非重复 GGC 非重复 GCCx3 非重复x5 CAG 非重复 GGC 非重复 GGC 非重复x2 GCGx5 非重复 CAG 非重复 GCGx2 GCCx5 GCG CAA CAG CAA CAG 非重复x2 CAGx2 非重复x4 CAG 非重复x2 CAG CAA 非重复x2 CAGx7 CAAx2 CAG 非重复 CAA 非重复 CAG CAA GCC 非重复 GCG 非重复 GGCx2 非重复 GGC 非重复 GCG 非重复 GGC 非重复 GCG 非重复 GCCx9 非重复x2 GCG 非重复 CAG 非重复 CAG 非重复 GCC 非重复 GCC 非重复 GCC 非重复 CAGx2 非重复 GCG 非重复 GCC CAA 非重复 GGC 非重复 GGC 非重复 CAA 非重复 GGC 非重复 CAA 非重复 CAA 非重复 CAG 非重复 CAG 非重复x3 CAG 非重复 GCC 非重复 CAA 非重复 CAG 非重复 GGCx2 非重复 GGC 非重复 GGC 非重复x3 GGC 非重复 GGC 非重复 GCC CAA 非重复 GGC 非重复 GGC 非重复 CAG 非重复 GCC 非重复 CAA 非重复 CAG 非重复 GGC 非重复 GGC CAG 非重复 GCG 非重复 GCC 非重复 GGC 非重复 GCC 非重复 GGC 非重复 GCC 非重复 CAG 非重复 GGC 非重复 GGC 非重复 GGC 非重复 GCG 非重复 GGC 非重复 GGC 非重复 GGC 非重复 GGC 非重复x3 CAG 非重复 CAG 非重复 GCG 非重复 CAG 非重复 CAA 非重复 GCC 非重复 GGC 非重复 GGC 非重复 GCG 非重复 GCC 非重复 GCG CAA 非重复x2 GCG 非重复 GGC CAG CAA GCC CAA 非重复 GCG 非重复 GGC 非重复 GGC 非重复 GCC 非重复 CAA 非重复 GGC 非重复 GCG 非重复 GCC 非重复 GCC 非重复 CAA GCC 非重复 GGC 非重复x5 GGC 非重复 GGC 非重复 CAG 非重复 GGC CAA 非重复 CAG 非重复 CAG 非重复 GGC 非重复 GGC 非重复 CAA 非重复 GGC 非重复 GGC GCC 非重复 GCC 非重复 GCG 非重复 CAA 非重复 GGC 非重复 GCC 非重复 GGC GCC 非重复 GCC 非重复 CAG 非重复x3 GCC 非重复 GCC GCG 非重复 CAG 非重复 GGC 非重复 GCCx2 非重复 GCC GCG 非重复 GGC 非重复 GGC 非重复 CAG 非重复 GCC 非重复 GCC 非重复 GCG CAA 非重复 GGC 非重复 GCC 非重复 CAG 非重复 GGC GCG 非重复 GGC 非重复 CAGx2 非重复 GGC 非重复 CAG 非重复 GGC 非重复 CAG 非重复 GCG 非重复 GGC 非重复 GCC 非重复 GGC 非重复 GCGx2 非重复 GGC 非重复 GCGx2 非重复 GCC 非重复 GCCx2 非重复 CAA 非重复 CAG 非重复 CAG 非重复 GGC 非重复 GGC 非重复 GGC 非重复 CAG 非重复 GCC CAA 非重复 GGC 非重复x3 GCG 非重复 GGC GCGx2 非重复 CAGx3 非重复 CAG 非重复 GCC GGC 非重复 GCC 非重复 GGC 非重复 GCG 非重复 GGC 非重复x4 CAG 非重复 GGC GCC 非重复 GCCx2 非重复 GCG 非重复 GGC 非重复 CAA 非重复 CAA 非重复 GGC CAA CAG 非重复 GCC 非重复 CAG 非重复 GCC 非重复 CAG 非重复 CAA 非重复 CAA GGC 非重复 CAG 非重复 GGC 非重复 GGC 非重复x3 CAG 非重复 GCC 非重复x3 GGC 非重复 CAG GGC 非重复 GCG 非重复
seq6_32.5	57	2391	522	280	242	CAA=32;CAG=63;GCC=64;GCG=42;GGC=79	非重复 GGCx2 非重复 CAG 非重复 CAA 非重复 GCG 非重复x3 GCC 非重复 GCC 非重复 GGC 非重复 GCC GCG 非重复 GCG 非重复 CAA 非重复 GGC 非重复 CAG 非重复 GCG 非重复 CAG 非重复 GCG GGC 非重复 GGC 非重复 CAG 非重复 GGC 非重复 GGC 非重复 GCCx3 非重复x5 CAG 非重复 GGC 非重复 GGC 非重复x2 GCGx5 非重复 CAG 非重复 GCGx2 GCCx5 GCG CAA CAG CAA CAG 非重复x2 CAG 非重复x2 CAGx3 非重复x6 CAG 非重复x2 CAGx7 CAAx2 CAG 非重复 CAA 非重复 CAG CAA GCC 非重复 GCG 非重复 GGCx2 非重复 GGC 非重复 GCG 非重复 GGC 非重复 GCG 非重复 GCCx9 非重复x2 GCG 非重复 CAG 非重复 CAG 非重复 GCC 非重复 GCC 非重复 GCC 非重复 CAGx2 非重复 GCG 非重复 GCC CAA 非重复 GGC 非重复 GGC 非重复 CAA 非重复 GGC 非重复 CAA 非重复 CAA 非重复 CAG 非重复 CAG 非重复x3 CAG 非重复 GCC 非重复 CAA 非重复 CAG 非重复 GGCx2 非重复 GGC 非重复 GGC 非重复x3 GGC 非重复 GGC 非重复 GCC CAA 非重复 GGC 非重复 GGC 非重复 CAG 非重复 GCC 非重复 CAA 非重复 CAG 非重复 GGC 非重复 GGC CAG 非重复 GCG 非重复 GCC 非重复 GGC 非重复 GCC 非重复 GGC 非重复 GCC 非重复 CAG 非重复 GGC 非重复 GGC 非重复 GGC 非重复 GCG 非重复 GGC 非重复 GGC 非重复 GGC 非重复 GGC 非重复x3 CAG 非重复 CAG 非重复 GCG 非重复 CAG 非重复 CAA 非重复 GCC 非重复 GGC 非重复 GGC 非重复 GCG 非重复 GCC 非重复 GCG CAA 非重复x2 GCG 非重复 GGC CAG CAA GCC CAA 非重复 GCG 非重复 GGC 非重复 GGC 非重复 GCC 非重复 CAA 非重复 GGC 非重复 GCG 非重复 GCC 非重复 GCC 非重复 CAA GCC 非重复 GGC 非重复x5 GGC 非重复 GGC 非重复 CAG 非重复 GGC CAA 非重复 CAG 非重复 CAG 非重复 GGC 非重复 GGC 非重复 CAA 非重复 GGC 非重复 GGC GCC 非重复 GCC 非重复 GCG 非重复 CAA 非重复 GGC 非重复 GCC 非重复 GGC GCC 非重复 GCC 非重复 CAG 非重复x3 GCC 非重复 GCC GCG 非重复 CAG 非重复 GGC 非重复 GCCx2 非重复 GCC GCG 非重复 GGC 非重复 GGC 非重复 CAG 非重复 GCC 非重复 GCC 非重复 GCG CAA 非重复 GGC 非重复 GCC 非重复 CAG 非重复 GGC GCG 非重复 GGC 非重复 CAGx2 非重复 GGC 非重复 CAG 非重复 GGC 非重复 CAG 非重复 GCG 非重复 GGC 非重复 GCC 非重复 GGC 非重复 GCGx2 非重复 GGC 非重复 GCGx2 非重复 GCC 非重复 GCCx2 非重复 CAA 非重复 CAG 非重复 CAG 非重复 GGC 非重复 GGC 非重复 GGC 非重复 CAG 非重复 GCC CAA 非重复 GGC 非重复x3 GCG 非重复 GGC GCGx2 非重复 CAGx3 非重复 CAG 非重复 GCC GGC 非重复 GCC 非重复 GGC 非重复 GCG 非重复 GGC 非重复x4 CAG 非重复 GGC GCC 非重复 GCCx2 非重复 GCG 非重复 GGC 非重复 CAA 非重复 CAA 非重复 GGC CAA CAG 非重复 GCC 非重复 CAG 非重复 GCC 非重复 CAG 非重复 CAA 非重复 CAA GGC 非重复 CAG 非重复 GGC 非重复 GGC 非重复x3 CAG 非重复 GCC 非重复x3 GGC 非重复 CAG GGC 非重复 GCG 非重复
seq7_0.5	56	2388	520	280	240	CAA=33;CAG=62;GCC=64;GCG=42;GGC=79	非重复 GGCx2 非重复 CAG 非重复 CAA 非重复 GCG 非重复x3 GCC 非重复 GCC 非重复 GGC 非重复 GCC GCG 非重复 GCG 非重复 CAA 非重复 GGC 非重复 CAG 非重复 GCG 非重复 CAG 非重复 GCG GGC 非重复 GGC 非重复 CAG 非重复 GGC 非重复 GGC 非重复 GCCx3 非重复x5 CAG 非重复 GGC 非重复 GGC 非重复x2 GCGx5 非重复 CAG 非重复 GCGx2 GCCx5 GCG CAA CAG CAA CAG 非重复x2 CAGx2 非重复x4 CAG 非重复x2 CAG CAA 非重复x2 CAGx7 CAAx2 CAG 非重复 CAA 非重复 CAG CAA GCC 非重复 GCG 非重复 GGCx2 非重复 GGC 非重复 GCG 非重复 GGC 非重复 GCG 非重复 GCCx9 非重复x2 GCG 非重复 CAG 非重复 CAG 非重复 GCC 非重复 GCC 非重复 GCC 非重复 CAGx2 非重复 GCG 非重复 GCC CAA 非重复 GGC 非重复 GGC 非重复 CAA 非重复 GGC 非重复 CAA 非重复 CAA 非重复 CAG 非重复 CAG 非重复x3 CAG 非重复 GCC 非重复 CAA 非重复 CAG 非重复 GGCx2 非重复 GGC 非重复 GGC 非重复x3 GGC 非重复 GGC 非重复 GCC CAA 非重复 GGC 非重复 GGC 非重复 CAG 非重复 GCC 非重复 CAA 非重复 CAG 非重复 GGC 非重复 GGC CAG 非重复 GCG 非重复 GCC 非重复 GGC 非重复 GCC 非重复 GGC 非重复 GCC 非重复 CAG 非重复 GGC 非重复 GGC 非重复 GGC 非重复 GCG 非重复 GGC 非重复 GGC 非重复 GGC 非重复 GGC 非重复x3 CAG 非重复 CAG 非重复 GCG 非重复 CAG 非重复 CAA 非重复 GCC 非重复 GGC 非重复 GGC 非重复 GCG 非重复 GCC 非重复 GCG CAA 非重复x2 GCG 非重复 GGC CAG CAA GCC CAA 非重复 GCG 非重复 GGC 非重复 GGC 非重复 GCC 非重复 CAA 非重复 GGC 非重复 GCG 非重复 GCC 非重复 GCC 非重复 CAA GCC 非重复 GGC 非重复x5 GGC 非重复 GGC 非重复 CAG 非重复 GGC CAA 非重复 CAG 非重复 CAG 非重复 GGC 非重复 GGC 非重复 CAA 非重复 GGC 非重复 GGC GCC 非重复 GCC 非重复 GCG 非重复 CAA 非重复 GGC 非重复 GCC 非重复 GGC GCC 非重复 GCC 非重复 CAG 非重复x3 GCC 非重复 GCC GCG 非重复 CAG 非重复 GGC 非重复 GCCx2 非重复 GCC GCG 非重复 GGC 非重复 GGC 非重复 CAG 非重复 GCC 非重复 GCC 非重复 GCG CAA 非重复 GGC 非重复 GCC 非重复 CAG 非重复 GGC GCG 非重复 GGC 非重复 CAGx2 非重复 GGC 非重复 CAG 非重复 GGC 非重复 CAG 非重复 GCG 非重复 GGC 非重复 GCC 非重复 GGC 非重复 GCGx2 非重复 GGC 非重复 GCGx2 非重复 GCC 非重复 GCCx2 非重复 CAA 非重复 CAG 非重复 CAG 非重复 GGC 非重复 GGC 非重复 GGC 非重复 CAG 非重复 GCC CAA 非重复 GGC 非重复x3 GCG 非重复 GGC GCGx2 非重复 CAGx3 非重复 CAG 非重复 GCC GGC 非重复 GCC 非重复 GGC 非重复 GCG 非重复 GGC 非重复x4 CAG 非重复 GGC GCC 非重复 GCCx2 非重复 GCG 非重复 GGC 非重复 CAA 非重复 CAA 非重复 GGC CAA CAG 非重复 GCC 非重复 CAG 非重复 GCC 非重复 CAG 非重复 CAA 非重复 CAA GGC 非重复 CAG 非重复 GGC 非重复 GGC 非重复x3 CAG 非重复 GCC 非重复x3 GGC 非重复 CAG GGC 非重复 GCG 非重复
seq8_1.0	61	2412	529	287	242	CAA=33;CAG=69;GCC=64;GCG=42;GGC=79	非重复 GGCx2 非重复 CAG 非重复 CAA 非重复 GCG 非重复x3 GCC 非重复 GCC 非重复 GGC 非重复 GCC GCG 非重复 GCG 非重复 CAA 非重复 GGC 非重复 CAG 非重复 GCG 非重复 CAG 非重复 GCG GGC 非重复 GGC 非重复 CAG 非重复 GGC 非重复 GGC 非重复 GCCx3 非重复x5 CAG 非重复 GGC 非重复 GGC 非重复x2 GCGx5 非重复 CAG 非重复 GCGx2 GCCx5 GCG CAA CAG CAA CAG 非重复x2 CAGx6 非重复x2 CAGx3 非重复x4 CAG 非重复x2 CAG CAA 非重复x2 CAGx7 CAAx2 CAG 非重复 CAA 非重复 CAG CAA GCC 非重复 GCG 非重复 GGCx2 非重复 GGC 非重复 GCG 非重复 GGC 非重复 GCG 非重复 GCCx9 非重复x2 GCG 非重复 CAG 非重复 CAG 非重复 GCC 非重复 GCC 非重复 GCC 非重复 CAGx2 非重复 GCG 非重复 GCC CAA 非重复 GGC 非重复 GGC 非重复 CAA 非重复 GGC 非重复 CAA 非重复 CAA 非重复 CAG 非重复 CAG 非重复x3 CAG 非重复 GCC 非重复 CAA 非重复 CAG 非重复 GGCx2 非重复 GGC 非重复 GGC 非重复x3 GGC 非重复 GGC 非重复 GCC CAA 非重复 GGC 非重复 GGC 非重复 CAG 非重复 GCC 非重复 CAA 非重复 CAG 非重复 GGC 非重复 GGC CAG 非重复 GCG 非重复 GCC 非重复 GGC 非重复 GCC 非重复 GGC 非重复 GCC 非重复 CAG 非重复 GGC 非重复 GGC 非重复 GGC 非重复 GCG 非重复 GGC 非重复 GGC 非重复 GGC 非重复 GGC 非重复x3 CAG 非重复 CAG 非重复 GCG 非重复 CAG 非重复 CAA 非重复 GCC 非重复 GGC 非重复 GGC 非重复 GCG 非重复 GCC 非重复 GCG CAA 非重复x2 GCG 非重复 GGC CAG CAA GCC CAA 非重复 GCG 非重复 GGC 非重复 GGC 非重复 GCC 非重复 CAA 非重复 GGC 非重复 GCG 非重复 GCC 非重复 GCC 非重复 CAA GCC 非重复 GGC 非重复x5 GGC 非重复 GGC 非重复 CAG 非重复 GGC CAA 非重复 CAG 非重复 CAG 非重复 GGC 非重复 GGC 非重复 CAA 非重复 GGC 非重复 GGC GCC 非重复 GCC 非重复 GCG 非重复 CAA 非重复 GGC 非重复 GCC 非重复 GGC GCC 非重复 GCC 非重复 CAG 非重复x3 GCC 非重复 GCC GCG 非重复 CAG 非重复 GGC 非重复 GCCx2 非重复 GCC GCG 非重复 GGC 非重复 GGC 非重复 CAG 非重复 GCC 非重复 GCC 非重复 GCG CAA 非重复 GGC 非重复 GCC 非重复 CAG 非重复 GGC GCG 非重复 GGC 非重复 CAGx2 非重复 GGC 非重复 CAG 非重复 GGC 非重复 CAG 非重复 GCG 非重复 GGC 非重复 GCC 非重复 GGC 非重复 GCGx2 非重复 GGC 非重复 GCGx2 非重复 GCC 非重复 GCCx2 非重复 CAA 非重复 CAG 非重复 CAG 非重复 GGC 非重复 GGC 非重复 GGC 非重复 CAG 非重复 GCC CAA 非重复 GGC 非重复x3 GCG 非重复 GGC GCGx2 非重复 CAGx3 非重复 CAG 非重复 GCC GGC 非重复 GCC 非重复 GGC 非重复 GCG 非重复 GGC 非重复x4 CAG 非重复 GGC GCC 非重复 GCCx2 非重复 GCG 非重复 GGC 非重复 CAA 非重复 CAA 非重复 GGC CAA CAG 非重复 GCC 非重复 CAG 非重复 GCC 非重复 CAG 非重复 CAA 非重复 CAA GGC 非重复 CAG 非重复 GGC 非重复 GGC 非重复x3 CAG 非重复 GCC 非重复x3 GGC 非重复 CAG GGC 非重复 GCG 非重复
seq9_1.0	54	2382	518	278	240	CAA=32;CAG=61;GCC=64;GCG=42;GGC=79	非重复 GGCx2 非重复 CAG 非重复 CAA 非重复 GCG 非重复x3 GCC 非重复 GCC 非重复 GGC 非重复 GCC GCG 非重复 GCG 非重复 CAA 非重复 GGC 非重复 CAG 非重复 GCG 非重复 CAG 非重复 GCG GGC 非重复 GGC 非重复 CAG 非重复 GGC 非重复 GGC 非重复 GCCx3 非重复x5 CAG 非重复 GGC 非重复 GGC 非重复x2 GCGx5 非重复 CAG 非重复 GCGx2 GCCx5 GCG CAA CAG CAA CAG 非重复x2 CAG 非重复x4 CAG 非重复x2 CAG 非重复x2 CAGx7 CAAx2 CAG 非重复 CAA 非重复 CAG CAA GCC 非重复 GCG 非重复 GGCx2 非重复 GGC 非重复 GCG 非重复 GGC 非重复 GCG 非重复 GCCx9 非重复x2 GCG 非重复 CAG 非重复 CAG 非重复 GCC 非重复 GCC 非重复 GCC 非重复 CAGx2 非重复 GCG 非重复 GCC CAA 非重复 GGC 非重复 GGC 非重复 CAA 非重复 GGC 非重复 CAA 非重复 CAA 非重复 CAG 非重复 CAG 非重复x3 CAG 非重复 GCC 非重复 CAA 非重复 CAG 非重复 GGCx2 非重复 GGC 非重复 GGC 非重复x3 GGC 非重复 GGC 非重复 GCC CAA 非重复 GGC 非重复 GGC 非重复 CAG 非重复 GCC 非重复 CAA 非重复 CAG 非重复 GGC 非重复 GGC CAG 非重复 GCG 非重复 GCC 非重复 GGC 非重复 GCC 非重复 GGC 非重复 GCC 非重复 CAG 非重复 GGC 非重复 GGC 非重复 GGC 非重复 GCG 非重复 GGC 非重复 GGC 非重复 GGC 非重复 GGC 非重复x3 CAG 非重复 CAG 非重复 GCG 非重复 CAG 非重复 CAA 非重复 GCC 非重复 GGC 非重复 GGC 非重复 GCG 非重复 GCC 非重复 GCG CAA 非重复x2 GCG 非重复 GGC CAG CAA GCC CAA 非重复 GCG 非重复 GGC 非重复 GGC 非重复 GCC 非重复 CAA 非重复 GGC 非重复 GCG 非重复 GCC 非重复 GCC 非重复 CAA GCC 非重复 GGC 非重复x5 GGC 非重复 GGC 非重复 CAG 非重复 GGC CAA 非重复 CAG 非重复 CAG 非重复 GGC 非重复 GGC 非重复 CAA 非重复 GGC 非重复 GGC GCC 非重复 GCC 非重复 GCG 非重复 CAA 非重复 GGC 非重复 GCC 非重复 GGC GCC 非重复 GCC 非重复 CAG 非重复x3 GCC 非重复 GCC GCG 非重复 CAG 非重复 GGC 非重复 GCCx2 非重复 GCC GCG 非重复 GGC 非重复 GGC 非重复 CAG 非重复 GCC 非重复 GCC 非重复 GCG CAA 非重复 GGC 非重复 GCC 非重复 CAG 非重复 GGC GCG 非重复 GGC 非重复 CAGx2 非重复 GGC 非重复 CAG 非重复 GGC 非重复 CAG 非重复 GCG 非重复 GGC 非重复 GCC 非重复 GGC 非重复 GCGx2 非重复 GGC 非重复 GCGx2 非重复 GCC 非重复 GCCx2 非重复 CAA 非重复 CAG 非重复 CAG 非重复 GGC 非重复 GGC 非重复 GGC 非重复 CAG 非重复 GCC CAA 非重复 GGC 非重复x3 GCG 非重复 GGC GCGx2 非重复 CAGx3 非重复 CAG 非重复 GCC GGC 非重复 GCC 非重复 GGC 非重复 GCG 非重复 GGC 非重复x4 CAG 非重复 GGC GCC 非重复 GCCx2 非重复 GCG 非重复 GGC 非重复 CAA 非重复 CAA 非重复 GGC CAA CAG 非重复 GCC 非重复 CAG 非重复 GCC 非重复 CAG 非重复 CAA 非重复 CAA GGC 非重复 CAG 非重复 GGC 非重复 GGC 非重复x3 CAG 非重复 GCC 非重复x3 GGC 非重复 CAG GGC 非重复 GCG 非重复
seq10_14.0	54	2382	518	278	240	CAA=33;CAG=61;GCC=63;GCG=42;GGC=79	非重复 GGCx2 非重复 CAG 非重复 CAA 非重复 GCG 非重复x3 GCC 非重复 GCC 非重复 GGC 非重复 GCC GCG 非重复 GCG 非重复 CAA 非重复 GGC 非重复 CAG 非重复 GCG 非重复 CAG 非重复 GCG GGC 非重复 GGC 非重复 CAG 非重复 GGC 非重复 GGC 非重复 GCCx3 非重复x5 CAG 非重复 GGC 非重复 GGC 非重复x2 GCGx5 非重复 CAG 非重复 GCGx2 GCCx5 GCG CAA CAG CAA CAG 非重复x2 CAG 非重复x4 CAG 非重复x2 CAG CAA 非重复x2 CAGx7 CAAx2 CAG 非重复 CAA 非重复 CAG CAA GCC 非重复 GCG 非重复 GGCx2 非重复 GGC 非重复 GCG 非重复 GGC 非重复 GCG 非重复 GCCx8 非重复x2 GCG 非重复 CAG 非重复 CAG 非重复 GCC 非重复 GCC 非重复 GCC 非重复 CAGx2 非重复 GCG 非重复 GCC CAA 非重复 GGC 非重复 GGC 非重复 CAA 非重复 GGC 非重复 CAA 非重复 CAA 非重复 CAG 非重复 CAG 非重复x3 CAG 非重复 GCC 非重复 CAA 非重复 CAG 非重复 GGCx2 非重复 GGC 非重复 GGC 非重复x3 GGC 非重复 GGC 非重复 GCC CAA 非重复 GGC 非重复 GGC 非重复 CAG 非重复 GCC 非重复 CAA 非重复 CAG 非重复 GGC 非重复 GGC CAG 非重复 GCG 非重复 GCC 非重复 GGC 非重复 GCC 非重复 GGC 非重复 GCC 非重复 CAG 非重复 GGC 非重复 GGC 非重复 GGC 非重复 GCG 非重复 GGC 非重复 GGC 非重复 GGC 非重复 GGC 非重复x3 CAG 非重复 CAG 非重复 GCG 非重复 CAG 非重复 CAA 非重复 GCC 非重复 GGC 非重复 GGC 非重复 GCG 非重复 GCC 非重复 GCG CAA 非重复x2 GCG 非重复 GGC CAG CAA GCC CAA 非重复 GCG 非重复 GGC 非重复 GGC 非重复 GCC 非重复 CAA 非重复 GGC 非重复 GCG 非重复 GCC 非重复 GCC 非重复 CAA GCC 非重复 GGC 非重复x5 GGC 非重复 GGC 非重复 CAG 非重复 GGC CAA 非重复 CAG 非重复 CAG 非重复 GGC 非重复 GGC 非重复 CAA 非重复 GGC 非重复 GGC GCC 非重复 GCC 非重复 GCG 非重复 CAA 非重复 GGC 非重复 GCC 非重复 GGC GCC 非重复 GCC 非重复 CAG 非重复x3 GCC 非重复 GCC GCG 非重复 CAG 非重复 GGC 非重复 GCCx2 非重复 GCC GCG 非重复 GGC 非重复 GGC 非重复 CAG 非重复 GCC 非重复 GCC 非重复 GCG CAA 非重复 GGC 非重复 GCC 非重复 CAG 非重复 GGC GCG 非重复 GGC 非重复 CAGx2 非重复 GGC 非重复 CAG 非重复 GGC 非重复 CAG 非重复 GCG 非重复 GGC 非重复 GCC 非重复 GGC 非重复 GCGx2 非重复 GGC 非重复 GCGx2 非重复 GCC 非重复 GCCx2 非重复 CAA 非重复 CAG 非重复 CAG 非重复 GGC 非重复 GGC 非重复 GGC 非重复 CAG 非重复 GCC CAA 非重复 GGC 非重复x3 GCG 非重复 GGC GCGx2 非重复 CAGx3 非重复 CAG 非重复 GCC GGC 非重复 GCC 非重复 GGC 非重复 GCG 非重复 GGC 非重复x4 CAG 非重复 GGC GCC 非重复 GCCx2 非重复 GCG 非重复 GGC 非重复 CAA 非重复 CAA 非重复 GGC CAA CAG 非重复 GCC 非重复 CAG 非重复 GCC 非重复 CAG 非重复 CAA 非重复 CAA GGC 非重复 CAG 非重复 GGC 非重复 GGC 非重复x3 CAG 非重复 GCC 非重复x3 GGC 非重复 CAG GGC 非重复 GCG 非重复
seq11_3.0	58	2397	523	282	241	CAA=33;CAG=61;GCC=67;GCG=42;GGC=79	非重复 GGCx2 非重复 CAG 非重复 CAA 非重复 GCG 非重复x3 GCC 非重复 GCC 非重复 GGC 非重复 GCC GCG 非重复 GCG 非重复 CAA 非重复 GGC 非重复 CAG 非重复 GCG 非重复 CAG 非重复 GCG GGC 非重复 GGC 非重复 CAG 非重复 GGC 非重复 GGC 非重复 GCCx3 非重复x5 CAG 非重复 GGC 非重复 GGC 非重复x2 GCGx5 非重复 CAG 非重复 GCGx2 GCCx5 GCG CAA CAG CAA CAG 非重复x2 CAG 非重复x4 CAG 非重复x2 CAG CAA 非重复x2 CAGx7 CAAx2 CAG 非重复 CAA 非重复 CAG CAA GCC 非重复 GCG 非重复 GGCx2 非重复 GGC 非重复 GCG 非重复 GGC 非重复 GCG 非重复 GCCx3 非重复 GCCx9 非重复x2 GCG 非重复 CAG 非重复 CAG 非重复 GCC 非重复 GCC 非重复 GCC 非重复 CAGx2 非重复 GCG 非重复 GCC CAA 非重复 GGC 非重复 GGC 非重复 CAA 非重复 GGC 非重复 CAA 非重复 CAA 非重复 CAG 非重复 CAG 非重复x3 CAG 非重复 GCC 非重复 CAA 非重复 CAG 非重复 GGCx2 非重复 GGC 非重复 GGC 非重复x3 GGC 非重复 GGC 非重复 GCC CAA 非重复 GGC 非重复 GGC 非重复 CAG 非重复 GCC 非重复 CAA 非重复 CAG 非重复 GGC 非重复 GGC CAG 非重复 GCG 非重复 GCC 非重复 GGC 非重复 GCC 非重复 GGC 非重复 GCC 非重复 CAG 非重复 GGC 非重复 GGC 非重复 GGC 非重复 GCG 非重复 GGC 非重复 GGC 非重复 GGC 非重复 GGC 非重复x3 CAG 非重复 CAG 非重复 GCG 非重复 CAG 非重复 CAA 非重复 GCC 非重复 GGC 非重复 GGC 非重复 GCG 非重复 GCC 非重复 GCG CAA 非重复x2 GCG 非重复 GGC CAG CAA GCC CAA 非重复 GCG 非重复 GGC 非重复 GGC 非重复 GCC 非重复 CAA 非重复 GGC 非重复 GCG 非重复 GCC 非重复 GCC 非重复 CAA GCC 非重复 GGC 非重复x5 GGC 非重复 GGC 非重复 CAG 非重复 GGC CAA 非重复 CAG 非重复 CAG 非重复 GGC 非重复 GGC 非重复 CAA 非重复 GGC 非重复 GGC GCC 非重复 GCC 非重复 GCG 非重复 CAA 非重复 GGC 非重复 GCC 非重复 GGC GCC 非重复 GCC 非重复 CAG 非重复x3 GCC 非重复 GCC GCG 非重复 CAG 非重复 GGC 非重复 GCCx2 非重复 GCC GCG 非重复 GGC 非重复 GGC 非重复 CAG 非重复 GCC 非重复 GCC 非重复 GCG CAA 非重复 GGC 非重复 GCC 非重复 CAG 非重复 GGC GCG 非重复 GGC 非重复 CAGx2 非重复 GGC 非重复 CAG 非重复 GGC 非重复 CAG 非重复 GCG 非重复 GGC 非重复 GCC 非重复 GGC 非重复 GCGx2 非重复 GGC 非重复 GCGx2 非重复 GCC 非重复 GCCx2 非重复 CAA 非重复 CAG 非重复 CAG 非重复 GGC 非重复 GGC 非重复 GGC 非重复 CAG 非重复 GCC CAA 非重复 GGC 非重复x3 GCG 非重复 GGC GCGx2 非重复 CAGx3 非重复 CAG 非重复 GCC GGC 非重复 GCC 非重复 GGC 非重复 GCG 非重复 GGC 非重复x4 CAG 非重复 GGC GCC 非重复 GCCx2 非重复 GCG 非重复 GGC 非重复 CAA 非重复 CAA 非重复 GGC CAA CAG 非重复 GCC 非重复 CAG 非重复 GCC 非重复 CAG 非重复 CAA 非重复 CAA GGC 非重复 CAG 非重复 GGC 非重复 GGC 非重复x3 CAG 非重复 GCC 非重复x3 GGC 非重复 CAG GGC 非重复 GCG 非重复
seq12_1.0	55	2385	519	279	240	CAA=33;CAG=61;GCC=64;GCG=42;GGC=79	非重复 GGCx2 非重复 CAG 非重复 CAA 非重复 GCG 非重复x3 GCC 非重复 GCC 非重复 GGC 非重复 GCC GCG 非重复 GCG 非重复 CAA 非重复 GGC 非重复 CAG 非重复 GCG 非重复 CAG 非重复 GCG GGC 非重复 GGC 非重复 CAG 非重复 GGC 非重复 GGC 非重复 GCCx3 非重复x5 CAG 非重复 GGC 非重复 GGC 非重复x2 GCGx5 非重复 CAG 非重复 GCGx2 GCCx5 GCG CAA CAG CAA CAG 非重复x2 CAG 非重复x4 CAG 非重复x2 CAG CAA 非重复x2 CAGx7 CAAx2 CAG 非重复 CAA 非重复 CAG CAA GCC 非重复 GCG 非重复 GGCx2 非重复 GGC 非重复 GCG 非重复 GGC 非重复 GCG 非重复 GCCx9 非重复x2 GCG 非重复 CAG 非重复 CAG 非重复 GCC 非重复 GCC 非重复 GCC 非重复 CAGx2 非重复 GCG 非重复 GCC CAA 非重复 GGC 非重复 GGC 非重复 CAA 非重复 GGC 非重复 CAA 非重复 CAA 非重复 CAG 非重复 CAG 非重复x3 CAG 非重复 GCC 非重复 CAA 非重复 CAG 非重复 GGCx2 非重复 GGC 非重复 GGC 非重复x3 GGC 非重复 GGC 非重复 GCC CAA 非重复 GGC 非重复 GGC 非重复 CAG 非重复 GCC 非重复 CAA 非重复 CAG 非重复 GGC 非重复 GGC CAG 非重复 GCG 非重复 GCC 非重复 GGC 非重复 GCC 非重复 GGC 非重复 GCC 非重复 CAG 非重复 GGC 非重复 GGC 非重复 GGC 非重复 GCG 非重复 GGC 非重复 GGC 非重复 GGC 非重复 GGC 非重复x3 CAG 非重复 CAG 非重复 GCG 非重复 CAG 非重复 CAA 非重复 GCC 非重复 GGC 非重复 GGC 非重复 GCG 非重复 GCC 非重复 GCG CAA 非重复x2 GCG 非重复 GGC CAG CAA GCC CAA 非重复 GCG 非重复 GGC 非重复 GGC 非重复 GCC 非重复 CAA 非重复 GGC 非重复 GCG 非重复 GCC 非重复 GCC 非重复 CAA GCC 非重复 GGC 非重复x5 GGC 非重复 GGC 非重复 CAG 非重复 GGC CAA 非重复 CAG 非重复 CAG 非重复 GGC 非重复 GGC 非重复 CAA 非重复 GGC 非重复 GGC GCC 非重复 GCC 非重复 GCG 非重复 CAA 非重复 GGC 非重复 GCC 非重复 GGC GCC 非重复 GCC 非重复 CAG 非重复x3 GCC 非重复 GCC GCG 非重复 CAG 非重复 GGC 非重复 GCCx2 非重复 GCC GCG 非重复 GGC 非重复 GGC 非重复 CAG 非重复 GCC 非重复 GCC 非重复 GCG CAA 非重复 GGC 非重复 GCC 非重复 CAG 非重复 GGC GCG 非重复 GGC 非重复 CAGx2 非重复 GGC 非重复 CAG 非重复 GGC 非重复 CAG 非重复 GCG 非重复 GGC 非重复 GCC 非重复 GGC 非重复 GCGx2 非重复 GGC 非重复 GCGx2 非重复 GCC 非重复 GCCx2 非重复 CAA 非重复 CAG 非重复 CAG 非重复 GGC 非重复 GGC 非重复 GGC 非重复 CAG 非重复 GCC CAA 非重复 GGC 非重复x3 GCG 非重复 GGC GCGx2 非重复 CAGx3 非重复 CAG 非重复 GCC GGC 非重复 GCC 非重复 GGC 非重复 GCG 非重复 GGC 非重复x4 CAG 非重复 GGC GCC 非重复 GCCx2 非重复 GCG 非重复 GGC 非重复 CAA 非重复 CAA 非重复 GGC CAA CAG 非重复 GCC 非重复 CAG 非重复 GCC 非重复 CAG 非重复 CAA 非重复 CAA GGC 非重复 CAG 非重复 GGC 非重复 GGC 非重复x3 CAG 非重复 GCC 非重复x3 GGC 非重复 CAG GGC 非重复 GCG 非重复
seq13_1.0	56	2388	520	280	240	CAA=33;CAG=61;GCC=65;GCG=42;GGC=79	非重复 GGCx2 非重复 CAG 非重复 CAA 非重复 GCG 非重复x3 GCC 非重复 GCC 非重复 GGC 非重复 GCC GCG 非重复 GCG 非重复 CAA 非重复 GGC 非重复 CAG 非重复 GCG 非重复 CAG 非重复 GCG GGC 非重复 GGC 非重复 CAG 非重复 GGC 非重复 GGC 非重复 GCCx3 非重复x5 CAG 非重复 GGC 非重复 GGC 非重复x2 GCGx5 非重复 CAG 非重复 GCGx2 GCCx5 GCG CAA CAG CAA CAG 非重复x2 CAG 非重复x4 CAG 非重复x2 CAG CAA 非重复x2 CAGx7 CAAx2 CAG 非重复 CAA 非重复 CAG CAA GCC 非重复 GCG 非重复 GGCx2 非重复 GGC 非重复 GCG 非重复 GGC 非重复 GCG 非重复 GCCx10 非重复x2 GCG 非重复 CAG 非重复 CAG 非重复 GCC 非重复 GCC 非重复 GCC 非重复 CAGx2 非重复 GCG 非重复 GCC CAA 非重复 GGC 非重复 GGC 非重复 CAA 非重复 GGC 非重复 CAA 非重复 CAA 非重复 CAG 非重复 CAG 非重复x3 CAG 非重复 GCC 非重复 CAA 非重复 CAG 非重复 GGCx2 非重复 GGC 非重复 GGC 非重复x3 GGC 非重复 GGC 非重复 GCC CAA 非重复 GGC 非重复 GGC 非重复 CAG 非重复 GCC 非重复 CAA 非重复 CAG 非重复 GGC 非重复 GGC CAG 非重复 GCG 非重复 GCC 非重复 GGC 非重复 GCC 非重复 GGC 非重复 GCC 非重复 CAG 非重复 GGC 非重复 GGC 非重复 GGC 非重复 GCG 非重复 GGC 非重复 GGC 非重复 GGC 非重复 GGC 非重复x3 CAG 非重复 CAG 非重复 GCG 非重复 CAG 非重复 CAA 非重复 GCC 非重复 GGC 非重复 GGC 非重复 GCG 非重复 GCC 非重复 GCG CAA 非重复x2 GCG 非重复 GGC CAG CAA GCC CAA 非重复 GCG 非重复 GGC 非重复 GGC 非重复 GCC 非重复 CAA 非重复 GGC 非重复 GCG 非重复 GCC 非重复 GCC 非重复 CAA GCC 非重复 GGC 非重复x5 GGC 非重复 GGC 非重复 CAG 非重复 GGC CAA 非重复 CAG 非重复 CAG 非重复 GGC 非重复 GGC 非重复 CAA 非重复 GGC 非重复 GGC GCC 非重复 GCC 非重复 GCG 非重复 CAA 非重复 GGC 非重复 GCC 非重复 GGC GCC 非重复 GCC 非重复 CAG 非重复x3 GCC 非重复 GCC GCG 非重复 CAG 非重复 GGC 非重复 GCCx2 非重复 GCC GCG 非重复 GGC 非重复 GGC 非重复 CAG 非重复 GCC 非重复 GCC 非重复 GCG CAA 非重复 GGC 非重复 GCC 非重复 CAG 非重复 GGC GCG 非重复 GGC 非重复 CAGx2 非重复 GGC 非重复 CAG 非重复 GGC 非重复 CAG 非重复 GCG 非重复 GGC 非重复 GCC 非重复 GGC 非重复 GCGx2 非重复 GGC 非重复 GCGx2 非重复 GCC 非重复 GCCx2 非重复 CAA 非重复 CAG 非重复 CAG 非重复 GGC 非重复 GGC 非重复 GGC 非重复 CAG 非重复 GCC CAA 非重复 GGC 非重复x3 GCG 非重复 GGC GCGx2 非重复 CAGx3 非重复 CAG 非重复 GCC GGC 非重复 GCC 非重复 GGC 非重复 GCG 非重复 GGC 非重复x4 CAG 非重复 GGC GCC 非重复 GCCx2 非重复 GCG 非重复 GGC 非重复 CAA 非重复 CAA 非重复 GGC CAA CAG 非重复 GCC 非重复 CAG 非重复 GCC 非重复 CAG 非重复 CAA 非重复 CAA GGC 非重复 CAG 非重复 GGC 非重复 GGC 非重复x3 CAG 非重复 GCC 非重复x3 GGC 非重复 CAG GGC 非重复 GCG 非重复
seq14_4.0	55	2385	519	279	240	CAA=32;CAG=62;GCC=64;GCG=42;GGC=79	非重复 GGCx2 非重复 CAG 非重复 CAA 非重复 GCG 非重复x3 GCC 非重复 GCC 非重复 GGC 非重复 GCC GCG 非重复 GCG 非重复 CAA 非重复 GGC 非重复 CAG 非重复 GCG 非重复 CAG 非重复 GCG GGC 非重复 GGC 非重复 CAG 非重复 GGC 非重复 GGC 非重复 GCCx3 非重复x5 CAG 非重复 GGC 非重复 GGC 非重复x2 GCGx5 非重复 CAG 非重复 GCGx2 GCCx5 GCG CAA CAG CAA CAG 非重复x2 CAGx2 非重复x4 CAG 非重复x2 CAG 非重复x2 CAGx7 CAAx2 CAG 非重复 CAA 非重复 CAG CAA GCC 非重复 GCG 非重复 GGCx2 非重复 GGC 非重复 GCG 非重复 GGC 非重复 GCG 非重复 GCCx9 非重复x2 GCG 非重复 CAG 非重复 CAG 非重复 GCC 非重复 GCC 非重复 GCC 非重复 CAGx2 非重复 GCG 非重复 GCC CAA 非重复 GGC 非重复 GGC 非重复 CAA 非重复 GGC 非重复 CAA 非重复 CAA 非重复 CAG 非重复 CAG 非重复x3 CAG 非重复 GCC 非重复 CAA 非重复 CAG 非重复 GGCx2 非重复 GGC 非重复 GGC 非重复x3 GGC 非重复 GGC 非重复 GCC CAA 非重复 GGC 非重复 GGC 非重复 CAG 非重复 GCC 非重复 CAA 非重复 CAG 非重复 GGC 非重复 GGC CAG 非重复 GCG 非重复 GCC 非重复 GGC 非重复 GCC 非重复 GGC 非重复 GCC 非重复 CAG 非重复 GGC 非重复 GGC 非重复 GGC 非重复 GCG 非重复 GGC 非重复 GGC 非重复 GGC 非重复 GGC 非重复x3 CAG 非重复 CAG 非重复 GCG 非重复 CAG 非重复 CAA 非重复 GCC 非重复 GGC 非重复 GGC 非重复 GCG 非重复 GCC 非重复 GCG CAA 非重复x2 GCG 非重复 GGC CAG CAA GCC CAA 非重复 GCG 非重复 GGC 非重复 GGC 非重复 GCC 非重复 CAA 非重复 GGC 非重复 GCG 非重复 GCC 非重复 GCC 非重复 CAA GCC 非重复 GGC 非重复x5 GGC 非重复 GGC 非重复 CAG 非重复 GGC CAA 非重复 CAG 非重复 CAG 非重复 GGC 非重复 GGC 非重复 CAA 非重复 GGC 非重复 GGC GCC 非重复 GCC 非重复 GCG 非重复 CAA 非重复 GGC 非重复 GCC 非重复 GGC GCC 非重复 GCC 非重复 CAG 非重复x3 GCC 非重复 GCC GCG 非重复 CAG 非重复 GGC 非重复 GCCx2 非重复 GCC GCG 非重复 GGC 非重复 GGC 非重复 CAG 非重复 GCC 非重复 GCC 非重复 GCG CAA 非重复 GGC 非重复 GCC 非重复 CAG 非重复 GGC GCG 非重复 GGC 非重复 CAGx2 非重复 GGC 非重复 CAG 非重复 GGC 非重复 CAG 非重复 GCG 非重复 GGC 非重复 GCC 非重复 GGC 非重复 GCGx2 非重复 GGC 非重复 GCGx2 非重复 GCC 非重复 GCCx2 非重复 CAA 非重复 CAG 非重复 CAG 非重复 GGC 非重复 GGC 非重复 GGC 非重复 CAG 非重复 GCC CAA 非重复 GGC 非重复x3 GCG 非重复 GGC GCGx2 非重复 CAGx3 非重复 CAG 非重复 GCC GGC 非重复 GCC 非重复 GGC 非重复 GCG 非重复 GGC 非重复x4 CAG 非重复 GGC GCC 非重复 GCCx2 非重复 GCG 非重复 GGC 非重复 CAA 非重复 CAA 非重复 GGC CAA CAG 非重复 GCC 非重复 CAG 非重复 GCC 非重复 CAG 非重复 CAA 非重复 CAA GGC 非重复 CAG 非重复 GGC 非重复 GGC 非重复x3 CAG 非重复 GCC 非重复x3 GGC 非重复 CAG GGC 非重复 GCG 非重复
seq15_1.0	56	2388	520	280	240	CAA=33;CAG=62;GCC=64;GCG=42;GGC=79	非重复 GGCx2 非重复 CAG 非重复 CAA 非重复 GCG 非重复x3 GCC 非重复 GCC 非重复 GGC 非重复 GCC GCG 非重复 GCG 非重复 CAA 非重复 GGC 非重复 CAG 非重复 GCG 非重复 CAG 非重复 GCG GGC 非重复 GGC 非重复 CAG 非重复 GGC 非重复 GGC 非重复 GCCx3 非重复x5 CAG 非重复 GGC 非重复 GGC 非重复x2 GCGx5 非重复 CAG 非重复 GCGx2 GCCx5 GCG CAA CAG CAA CAG 非重复x2 CAGx2 非重复x4 CAG 非重复x2 CAG CAA 非重复x2 CAGx7 CAAx2 CAG 非重复 CAA 非重复 CAG CAA GCC 非重复 GCG 非重复 GGCx2 非重复 GGC 非重复 GCG 非重复 GGC 非重复 GCG 非重复 GCCx9 非重复x2 GCG 非重复 CAG 非重复 CAG 非重复 GCC 非重复 GCC 非重复 GCC 非重复 CAGx2 非重复 GCG 非重复 GCC CAA 非重复 GGC 非重复 GGC 非重复 CAA 非重复 GGC 非重复 CAA 非重复 CAA 非重复 CAG 非重复 CAG 非重复x3 CAG 非重复 GCC 非重复 CAA 非重复 CAG 非重复 GGCx2 非重复 GGC 非重复 GGC 非重复x3 GGC 非重复 GGC 非重复 GCC CAA 非重复 GGC 非重复 GGC 非重复 CAG 非重复 GCC 非重复 CAA 非重复 CAG 非重复 GGC 非重复 GGC CAG 非重复 GCG 非重复 GCC 非重复 GGC 非重复 GCC 非重复 GGC 非重复 GCC 非重复 CAG 非重复 GGC 非重复 GGC 非重复 GGC 非重复 GCG 非重复 GGC 非重复 GGC 非重复 GGC 非重复 GGC 非重复x3 CAG 非重复 CAG 非重复 GCG 非重复 CAG 非重复 CAA 非重复 GCC 非重复 GGC 非重复 GGC 非重复 GCG 非重复 GCC 非重复 GCG CAA 非重复x2 GCG 非重复 GGC CAG CAA GCC CAA 非重复 GCG 非重复 GGC 非重复 GGC 非重复 GCC 非重复 CAA 非重复 GGC 非重复 GCG 非重复 GCC 非重复 GCC 非重复 CAA GCC 非重复 GGC 非重复x5 GGC 非重复 GGC 非重复 CAG 非重复 GGC CAA 非重复 CAG 非重复 CAG 非重复 GGC 非重复 GGC 非重复 CAA 非重复 GGC 非重复 GGC GCC 非重复 GCC 非重复 GCG 非重复 CAA 非重复 GGC 非重复 GCC 非重复 GGC GCC 非重复 GCC 非重复 CAG 非重复x3 GCC 非重复 GCC GCG 非重复 CAG 非重复 GGC 非重复 GCCx2 非重复 GCC GCG 非重复 GGC 非重复 GGC 非重复 CAG 非重复 GCC 非重复 GCC 非重复 GCG CAA 非重复 GGC 非重复 GCC 非重复 CAG 非重复 GGC GCG 非重复 GGC 非重复 CAGx2 非重复 GGC 非重复 CAG 非重复 GGC 非重复 CAG 非重复 GCG 非重复 GGC 非重复 GCC 非重复 GGC 非重复 GCGx2 非重复 GGC 非重复 GCGx2 非重复 GCC 非重复 GCCx2 非重复 CAA 非重复 CAG 非重复 CAG 非重复 GGC 非重复 GGC 非重复 GGC 非重复 CAG 非重复 GCC CAA 非重复 GGC 非重复x3 GCG 非重复 GGC GCGx2 非重复 CAGx3 非重复 CAG 非重复 GCC GGC 非重复 GCC 非重复 GGC 非重复 GCG 非重复 GGC 非重复x4 CAG 非重复 GGC GCC 非重复 GCCx2 非重复 GCG 非重复 GGC 非重复 CAA 非重复 CAA 非重复 GGC CAA CAG 非重复 GCC 非重复 CAG 非重复 GCC 非重复 CAG 非重复 CAA 非重复 CAA GGC 非重复 CAG 非重复 GGC 非重复 GGC 非重复x3 CAG 非重复 GCC 非重复x3 GGC 非重复 CAG GGC 非重复 GCG 非重复
seq16_1.0	62	2406	527	285	242	CAA=33;CAG=65;GCC=66;GCG=42;GGC=79	非重复 GGCx2 非重复 CAG 非重复 CAA 非重复 GCG 非重复x3 GCC 非重复 GCC 非重复 GGC 非重复 GCC GCG 非重复 GCG 非重复 CAA 非重复 GGC 非重复 CAG 非重复 GCG 非重复 CAG 非重复 GCG GGC 非重复 GGC 非重复 CAG 非重复 GGC 非重复 GGC 非重复 GCCx3 非重复x5 CAG 非重复 GGC 非重复 GGC 非重复x2 GCGx5 非重复 CAG 非重复 GCGx2 GCCx5 GCG CAA CAG CAA CAG 非重复x2 CAGx2 非重复x2 CAGx3 非重复x4 CAG 非重复x2 CAG CAA 非重复x2 CAGx7 CAAx2 CAG 非重复 CAA 非重复 CAG CAA GCC 非重复 GCG 非重复 GGCx2 非重复 GGC 非重复 GCG 非重复 GGC 非重复 GCG 非重复 GCCx11 非重复x2 GCG 非重复 CAG 非重复 CAG 非重复 GCC 非重复 GCC 非重复 GCC 非重复 CAGx2 非重复 GCG 非重复 GCC CAA 非重复 GGC 非重复 GGC 非重复 CAA 非重复 GGC 非重复 CAA 非重复 CAA 非重复 CAG 非重复 CAG 非重复x3 CAG 非重复 GCC 非重复 CAA 非重复 CAG 非重复 GGCx2 非重复 GGC 非重复 GGC 非重复x3 GGC 非重复 GGC 非重复 GCC CAA 非重复 GGC 非重复 GGC 非重复 CAG 非重复 GCC 非重复 CAA 非重复 CAG 非重复 GGC 非重复 GGC CAG 非重复 GCG 非重复 GCC 非重复 GGC 非重复 GCC 非重复 GGC 非重复 GCC 非重复 CAG 非重复 GGC 非重复 GGC 非重复 GGC 非重复 GCG 非重复 GGC 非重复 GGC 非重复 GGC 非重复 GGC 非重复x3 CAG 非重复 CAG 非重复 GCG 非重复 CAG 非重复 CAA 非重复 GCC 非重复 GGC 非重复 GGC 非重复 GCG 非重复 GCC 非重复 GCG CAA 非重复x2 GCG 非重复 GGC CAG CAA GCC CAA 非重复 GCG 非重复 GGC 非重复 GGC 非重复 GCC 非重复 CAA 非重复 GGC 非重复 GCG 非重复 GCC 非重复 GCC 非重复 CAA GCC 非重复 GGC 非重复x5 GGC 非重复 GGC 非重复 CAG 非重复 GGC CAA 非重复 CAG 非重复 CAG 非重复 GGC 非重复 GGC 非重复 CAA 非重复 GGC 非重复 GGC GCC 非重复 GCC 非重复 GCG 非重复 CAA 非重复 GGC 非重复 GCC 非重复 GGC GCC 非重复 GCC 非重复 CAG 非重复x3 GCC 非重复 GCC GCG 非重复 CAG 非重复 GGC 非重复 GCCx2 非重复 GCC GCG 非重复 GGC 非重复 GGC 非重复 CAG 非重复 GCC 非重复 GCC 非重复 GCG CAA 非重复 GGC 非重复 GCC 非重复 CAG 非重复 GGC GCG 非重复 GGC 非重复 CAGx2 非重复 GGC 非重复 CAG 非重复 GGC 非重复 CAG 非重复 GCG 非重复 GGC 非重复 GCC 非重复 GGC 非重复 GCGx2 非重复 GGC 非重复 GCGx2 非重复 GCC 非重复 GCCx2 非重复 CAA 非重复 CAG 非重复 CAG 非重复 GGC 非重复 GGC 非重复 GGC 非重复 CAG 非重复 GCC CAA 非重复 GGC 非重复x3 GCG 非重复 GGC GCGx2 非重复 CAGx3 非重复 CAG 非重复 GCC GGC 非重复 GCC 非重复 GGC 非重复 GCG 非重复 GGC 非重复x4 CAG 非重复 GGC GCC 非重复 GCCx2 非重复 GCG 非重复 GGC 非重复 CAA 非重复 CAA 非重复 GGC CAA CAG 非重复 GCC 非重复 CAG 非重复 GCC 非重复 CAG 非重复 CAA 非重复 CAA GGC 非重复 CAG 非重复 GGC 非重复 GGC 非重复x3 CAG 非重复 GCC 非重复x3 GGC 非重复 CAG GGC 非重复 GCG 非重复
seq17_3.0	53	2376	516	276	240	CAA=33;CAG=61;GCC=61;GCG=42;GGC=79	非重复 GGCx2 非重复 CAG 非重复 CAA 非重复 GCG 非重复x3 GCC 非重复 GCC 非重复 GGC 非重复 GCC GCG 非重复 GCG 非重复 CAA 非重复 GGC 非重复 CAG 非重复 GCG 非重复 CAG 非重复 GCG GGC 非重复 GGC 非重复 CAG 非重复 GGC 非重复 GGC 非重复 GCCx3 非重复x5 CAG 非重复 GGC 非重复 GGC 非重复x2 GCGx5 非重复 CAG 非重复 GCGx2 GCCx5 GCG CAA CAG CAA CAG 非重复x2 CAG 非重复x4 CAG 非重复x2 CAG CAA 非重复x2 CAGx7 CAAx2 CAG 非重复 CAA 非重复 CAG CAA GCC 非重复 GCG 非重复 GGCx2 非重复 GGC 非重复 GCG 非重复 GGC 非重复 GCG 非重复 GCCx6 非重复x2 GCG 非重复 CAG 非重复 CAG 非重复 GCC 非重复 GCC 非重复 GCC 非重复 CAGx2 非重复 GCG 非重复 GCC CAA 非重复 GGC 非重复 GGC 非重复 CAA 非重复 GGC 非重复 CAA 非重复 CAA 非重复 CAG 非重复 CAG 非重复x3 CAG 非重复 GCC 非重复 CAA 非重复 CAG 非重复 GGCx2 非重复 GGC 非重复 GGC 非重复x3 GGC 非重复 GGC 非重复 GCC CAA 非重复 GGC 非重复 GGC 非重复 CAG 非重复 GCC 非重复 CAA 非重复 CAG 非重复 GGC 非重复 GGC CAG 非重复 GCG 非重复 GCC 非重复 GGC 非重复 GCC 非重复 GGC 非重复 GCC 非重复 CAG 非重复 GGC 非重复 GGC 非重复 GGC 非重复 GCG 非重复 GGC 非重复 GGC 非重复 GGC 非重复 GGC 非重复x3 CAG 非重复 CAG 非重复 GCG 非重复 CAG 非重复 CAA 非重复 GCC 非重复 GGC 非重复 GGC 非重复 GCG 非重复 GCC 非重复 GCG CAA 非重复x2 GCG 非重复 GGC CAG CAA GCC CAA 非重复 GCG 非重复 GGC 非重复 GGC 非重复 GCC 非重复 CAA 非重复 GGC 非重复 GCG 非重复 GCC 非重复 GCC 非重复 CAA GCC 非重复 GGC 非重复x5 GGC 非重复 GGC 非重复 CAG 非重复 GGC CAA 非重复 CAG 非重复 CAG 非重复 GGC 非重复 GGC 非重复 CAA 非重复 GGC 非重复 GGC GCC 非重复 GCC 非重复 GCG 非重复 CAA 非重复 GGC 非重复 GCC 非重复 GGC GCC 非重复 GCC 非重复 CAG 非重复x3 GCC 非重复 GCC GCG 非重复 CAG 非重复 GGC 非重复 GCCx2 非重复 GCC GCG 非重复 GGC 非重复 GGC 非重复 CAG 非重复 GCC 非重复 GCC 非重复 GCG CAA 非重复 GGC 非重复 GCC 非重复 CAG 非重复 GGC GCG 非重复 GGC 非重复 CAGx2 非重复 GGC 非重复 CAG 非重复 GGC 非重复 CAG 非重复 GCG 非重复 GGC 非重复 GCC 非重复 GGC 非重复 GCGx2 非重复 GGC 非重复 GCGx2 非重复 GCC 非重复 GCCx2 非重复 CAA 非重复 CAG 非重复 CAG 非重复 GGC 非重复 GGC 非重复 GGC 非重复 CAG 非重复 GCC CAA 非重复 GGC 非重复x3 GCG 非重复 GGC GCGx2 非重复 CAGx3 非重复 CAG 非重复 GCC GGC 非重复 GCC 非重复 GGC 非重复 GCG 非重复 GGC 非重复x4 CAG 非重复 GGC GCC 非重复 GCCx2 非重复 GCG 非重复 GGC 非重复 CAA 非重复 CAA 非重复 GGC CAA CAG 非重复 GCC 非重复 CAG 非重复 GCC 非重复 CAG 非重复 CAA 非重复 CAA GGC 非重复 CAG 非重复 GGC 非重复 GGC 非重复x3 CAG 非重复 GCC 非重复x3 GGC 非重复 CAG GGC 非重复 GCG 非重复
seq18_3.0	56	2388	520	280	240	CAA=33;CAG=62;GCC=64;GCG=42;GGC=79	非重复 GGCx2 非重复 CAG 非重复 CAA 非重复 GCG 非重复x3 GCC 非重复 GCC 非重复 GGC 非重复 GCC GCG 非重复 GCG 非重复 CAA 非重复 GGC 非重复 CAG 非重复 GCG 非重复 CAG 非重复 GCG GGC 非重复 GGC 非重复 CAG 非重复 GGC 非重复 GGC 非重复 GCCx3 非重复x5 CAG 非重复 GGC 非重复 GGC 非重复x2 GCGx5 非重复 CAG 非重复 GCGx2 GCCx5 GCG CAA CAG CAA CAG 非重复x2 CAGx2 非重复x4 CAG 非重复x2 CAG CAA 非重复x2 CAGx7 CAAx2 CAG 非重复 CAA 非重复 CAG CAA GCC 非重复 GCG 非重复 GGCx2 非重复 GGC 非重复 GCG 非重复 GGC 非重复 GCG 非重复 GCCx9 非重复x2 GCG 非重复 CAG 非重复 CAG 非重复 GCC 非重复 GCC 非重复 GCC 非重复 CAGx2 非重复 GCG 非重复 GCC CAA 非重复 GGC 非重复 GGC 非重复 CAA 非重复 GGC 非重复 CAA 非重复 CAA 非重复 CAG 非重复 CAG 非重复x3 CAG 非重复 GCC 非重复 CAA 非重复 CAG 非重复 GGCx2 非重复 GGC 非重复 GGC 非重复x3 GGC 非重复 GGC 非重复 GCC CAA 非重复 GGC 非重复 GGC 非重复 CAG 非重复 GCC 非重复 CAA 非重复 CAG 非重复 GGC 非重复 GGC CAG 非重复 GCG 非重复 GCC 非重复 GGC 非重复 GCC 非重复 GGC 非重复 GCC 非重复 CAG 非重复 GGC 非重复 GGC 非重复 GGC 非重复 GCG 非重复 GGC 非重复 GGC 非重复 GGC 非重复 GGC 非重复x3 CAG 非重复 CAG 非重复 GCG 非重复 CAG 非重复 CAA 非重复 GCC 非重复 GGC 非重复 GGC 非重复 GCG 非重复 GCC 非重复 GCG CAA 非重复x2 GCG 非重复 GGC CAG CAA GCC CAA 非重复 GCG 非重复 GGC 非重复 GGC 非重复 GCC 非重复 CAA 非重复 GGC 非重复 GCG 非重复 GCC 非重复 GCC 非重复 CAA GCC 非重复 GGC 非重复x5 GGC 非重复 GGC 非重复 CAG 非重复 GGC CAA 非重复 CAG 非重复 CAG 非重复 GGC 非重复 GGC 非重复 CAA 非重复 GGC 非重复 GGC GCC 非重复 GCC 非重复 GCG 非重复 CAA 非重复 GGC 非重复 GCC 非重复 GGC GCC 非重复 GCC 非重复 CAG 非重复x3 GCC 非重复 GCC GCG 非重复 CAG 非重复 GGC 非重复 GCCx2 非重复 GCC GCG 非重复 GGC 非重复 GGC 非重复 CAG 非重复 GCC 非重复 GCC 非重复 GCG CAA 非重复 GGC 非重复 GCC 非重复 CAG 非重复 GGC GCG 非重复 GGC 非重复 CAGx2 非重复 GGC 非重复 CAG 非重复 GGC 非重复 CAG 非重复 GCG 非重复 GGC 非重复 GCC 非重复 GGC 非重复 GCGx2 非重复 GGC 非重复 GCGx2 非重复 GCC 非重复 GCCx2 非重复 CAA 非重复 CAG 非重复 CAG 非重复 GGC 非重复 GGC 非重复 GGC 非重复 CAG 非重复 GCC CAA 非重复 GGC 非重复x3 GCG 非重复 GGC GCGx2 非重复 CAGx3 非重复 CAG 非重复 GCC GGC 非重复 GCC 非重复 GGC 非重复 GCG 非重复 GGC 非重复x4 CAG 非重复 GGC GCC 非重复 GCCx2 非重复 GCG 非重复 GGC 非重复 CAA 非重复 CAA 非重复 GGC CAA CAG 非重复 GCC 非重复 CAG 非重复 GCC 非重复 CAG 非重复 CAA 非重复 CAA GGC 非重复 CAG 非重复 GGC 非重复 GGC 非重复x3 CAG 非重复 GCC 非重复x3 GGC 非重复 CAG GGC 非重复 GCG 非重复
seq19_13.0	52	2379	516	278	238	CAA=33;CAG=60;GCC=64;GCG=42;GGC=79	非重复 GGCx2 非重复 CAG 非重复 CAA 非重复 GCG 非重复x3 GCC 非重复 GCC 非重复 GGC 非重复 GCC GCG 非重复 GCG 非重复 CAA 非重复 GGC 非重复 CAG 非重复 GCG 非重复 CAG 非重复 GCG GGC 非重复 GGC 非重复 CAG 非重复 GGC 非重复 GGC 非重复 GCCx3 非重复x5 CAG 非重复 GGC 非重复 GGC 非重复x2 GCGx5 非重复 CAG 非重复 GCGx2 GCCx5 GCG CAA CAG CAA CAG 非重复x2 CAG 非重复x4 CAG CAA 非重复x2 CAGx7 CAAx2 CAG 非重复 CAA 非重复 CAG CAA GCC 非重复 GCG 非重复 GGCx2 非重复 GGC 非重复 GCG 非重复 GGC 非重复 GCG 非重复 GCCx9 非重复x2 GCG 非重复 CAG 非重复 CAG 非重复 GCC 非重复 GCC 非重复 GCC 非重复 CAGx2 非重复 GCG 非重复 GCC CAA 非重复 GGC 非重复 GGC 非重复 CAA 非重复 GGC 非重复 CAA 非重复 CAA 非重复 CAG 非重复 CAG 非重复x3 CAG 非重复 GCC 非重复 CAA 非重复 CAG 非重复 GGCx2 非重复 GGC 非重复 GGC 非重复x3 GGC 非重复 GGC 非重复 GCC CAA 非重复 GGC 非重复 GGC 非重复 CAG 非重复 GCC 非重复 CAA 非重复 CAG 非重复 GGC 非重复 GGC CAG 非重复 GCG 非重复 GCC 非重复 GGC 非重复 GCC 非重复 GGC 非重复 GCC 非重复 CAG 非重复 GGC 非重复 GGC 非重复 GGC 非重复 GCG 非重复 GGC 非重复 GGC 非重复 GGC 非重复 GGC 非重复x3 CAG 非重复 CAG 非重复 GCG 非重复 CAG 非重复 CAA 非重复 GCC 非重复 GGC 非重复 GGC 非重复 GCG 非重复 GCC 非重复 GCG CAA 非重复x2 GCG 非重复 GGC CAG CAA GCC CAA 非重复 GCG 非重复 GGC 非重复 GGC 非重复 GCC 非重复 CAA 非重复 GGC 非重复 GCG 非重复 GCC 非重复 GCC 非重复 CAA GCC 非重复 GGC 非重复x5 GGC 非重复 GGC 非重复 CAG 非重复 GGC CAA 非重复 CAG 非重复 CAG 非重复 GGC 非重复 GGC 非重复 CAA 非重复 GGC 非重复 GGC GCC 非重复 GCC 非重复 GCG 非重复 CAA 非重复 GGC 非重复 GCC 非重复 GGC GCC 非重复 GCC 非重复 CAG 非重复x3 GCC 非重复 GCC GCG 非重复 CAG 非重复 GGC 非重复 GCCx2 非重复 GCC GCG 非重复 GGC 非重复 GGC 非重复 CAG 非重复 GCC 非重复 GCC 非重复 GCG CAA 非重复 GGC 非重复 GCC 非重复 CAG 非重复 GGC GCG 非重复 GGC 非重复 CAGx2 非重复 GGC 非重复 CAG 非重复 GGC 非重复 CAG 非重复 GCG 非重复 GGC 非重复 GCC 非重复 GGC 非重复 GCGx2 非重复 GGC 非重复 GCGx2 非重复 GCC 非重复 GCCx2 非重复 CAA 非重复 CAG 非重复 CAG 非重复 GGC 非重复 GGC 非重复 GGC 非重复 CAG 非重复 GCC CAA 非重复 GGC 非重复x3 GCG 非重复 GGC GCGx2 非重复 CAGx3 非重复 CAG 非重复 GCC GGC 非重复 GCC 非重复 GGC 非重复 GCG 非重复 GGC 非重复x4 CAG 非重复 GGC GCC 非重复 GCCx2 非重复 GCG 非重复 GGC 非重复 CAA 非重复 CAA 非重复 GGC CAA CAG 非重复 GCC 非重复 CAG 非重复 GCC 非重复 CAG 非重复 CAA 非重复 CAA GGC 非重复 CAG 非重复 GGC 非重复 GGC 非重复x3 CAG 非重复 GCC 非重复x3 GGC 非重复 CAG GGC 非重复 GCG 非重复
seq20_1.0	55	2388	520	280	240	CAA=32;CAG=63;GCC=64;GCG=42;GGC=79	非重复 GGCx2 非重复 CAG 非重复 CAA 非重复 GCG 非重复x3 GCC 非重复 GCC 非重复 GGC 非重复 GCC GCG 非重复 GCG 非重复 CAA 非重复 GGC 非重复 CAG 非重复 GCG 非重复 CAG 非重复 GCG GGC 非重复 GGC 非重复 CAG 非重复 GGC 非重复 GGC 非重复 GCCx3 非重复x5 CAG 非重复 GGC 非重复 GGC 非重复x2 GCGx5 非重复 CAG 非重复 GCGx2 GCCx5 GCG CAA CAG CAA CAG 非重复x2 CAG 非重复x2 CAGx3 非重复x4 CAG 非重复x2 CAGx7 CAAx2 CAG 非重复 CAA 非重复 CAG CAA GCC 非重复 GCG 非重复 GGCx2 非重复 GGC 非重复 GCG 非重复 GGC 非重复 GCG 非重复 GCCx9 非重复x2 GCG 非重复 CAG 非重复 CAG 非重复 GCC 非重复 GCC 非重复 GCC 非重复 CAGx2 非重复 GCG 非重复 GCC CAA 非重复 GGC 非重复 GGC 非重复 CAA 非重复 GGC 非重复 CAA 非重复 CAA 非重复 CAG 非重复 CAG 非重复x3 CAG 非重复 GCC 非重复 CAA 非重复 CAG 非重复 GGCx2 非重复 GGC 非重复 GGC 非重复x3 GGC 非重复 GGC 非重复 GCC CAA 非重复 GGC 非重复 GGC 非重复 CAG 非重复 GCC 非重复 CAA 非重复 CAG 非重复 GGC 非重复 GGC CAG 非重复 GCG 非重复 GCC 非重复 GGC 非重复 GCC 非重复 GGC 非重复 GCC 非重复 CAG 非重复 GGC 非重复 GGC 非重复 GGC 非重复 GCG 非重复 GGC 非重复 GGC 非重复 GGC 非重复 GGC 非重复x3 CAG 非重复 CAG 非重复 GCG 非重复 CAG 非重复 CAA 非重复 GCC 非重复 GGC 非重复 GGC 非重复 GCG 非重复 GCC 非重复 GCG CAA 非重复x2 GCG 非重复 GGC CAG CAA GCC CAA 非重复 GCG 非重复 GGC 非重复 GGC 非重复 GCC 非重复 CAA 非重复 GGC 非重复 GCG 非重复 GCC 非重复 GCC 非重复 CAA GCC 非重复 GGC 非重复x5 GGC 非重复 GGC 非重复 CAG 非重复 GGC CAA 非重复 CAG 非重复 CAG 非重复 GGC 非重复 GGC 非重复 CAA 非重复 GGC 非重复 GGC GCC 非重复 GCC 非重复 GCG 非重复 CAA 非重复 GGC 非重复 GCC 非重复 GGC GCC 非重复 GCC 非重复 CAG 非重复x3 GCC 非重复 GCC GCG 非重复 CAG 非重复 GGC 非重复 GCCx2 非重复 GCC GCG 非重复 GGC 非重复 GGC 非重复 CAG 非重复 GCC 非重复 GCC 非重复 GCG CAA 非重复 GGC 非重复 GCC 非重复 CAG 非重复 GGC GCG 非重复 GGC 非重复 CAGx2 非重复 GGC 非重复 CAG 非重复 GGC 非重复 CAG 非重复 GCG 非重复 GGC 非重复 GCC 非重复 GGC 非重复 GCGx2 非重复 GGC 非重复 GCGx2 非重复 GCC 非重复 GCCx2 非重复 CAA 非重复 CAG 非重复 CAG 非重复 GGC 非重复 GGC 非重复 GGC 非重复 CAG 非重复 GCC CAA 非重复 GGC 非重复x3 GCG 非重复 GGC GCGx2 非重复 CAGx3 非重复 CAG 非重复 GCC GGC 非重复 GCC 非重复 GGC 非重复 GCG 非重复 GGC 非重复x4 CAG 非重复 GGC GCC 非重复 GCCx2 非重复 GCG 非重复 GGC 非重复 CAA 非重复 CAA 非重复 GGC CAA CAG 非重复 GCC 非重复 CAG 非重复 GCC 非重复 CAG 非重复 CAA 非重复 CAA GGC 非重复 CAG 非重复 GGC 非重复 GGC 非重复x3 CAG 非重复 GCC 非重复x3 GGC 非重复 CAG GGC 非重复 GCG 非重复
seq21_1.0	54	2382	518	278	240	CAA=32;CAG=61;GCC=64;GCG=42;GGC=79	非重复 GGCx2 非重复 CAG 非重复 CAA 非重复 GCG 非重复x3 GCC 非重复 GCC 非重复 GGC 非重复 GCC GCG 非重复 GCG 非重复 CAA 非重复 GGC 非重复 CAG 非重复 GCG 非重复 CAG 非重复 GCG GGC 非重复 GGC 非重复 CAG 非重复 GGC 非重复 GGC 非重复 GCCx3 非重复x5 CAG 非重复 GGC 非重复 GGC 非重复x2 GCGx5 非重复 CAG 非重复 GCGx2 GCCx5 GCG CAA CAG CAA CAG 非重复x2 CAG 非重复x4 CAG 非重复x2 CAG 非重复x2 CAGx7 CAAx2 CAG 非重复 CAA 非重复 CAG CAA GCC 非重复 GCG 非重复 GGCx2 非重复 GGC 非重复 GCG 非重复 GGC 非重复 GCG 非重复 GCCx9 非重复x2 GCG 非重复 CAG 非重复 CAG 非重复 GCC 非重复 GCC 非重复 GCC 非重复 CAGx2 非重复 GCG 非重复 GCC CAA 非重复 GGC 非重复 GGC 非重复 CAA 非重复 GGC 非重复 CAA 非重复 CAA 非重复 CAG 非重复 CAG 非重复x3 CAG 非重复 GCC 非重复 CAA 非重复 CAG 非重复 GGCx2 非重复 GGC 非重复 GGC 非重复x3 GGC 非重复 GGC 非重复 GCC CAA 非重复 GGC 非重复 GGC 非重复 CAG 非重复 GCC 非重复 CAA 非重复 CAG 非重复 GGC 非重复 GGC CAG 非重复 GCG 非重复 GCC 非重复 GGC 非重复 GCC 非重复 GGC 非重复 GCC 非重复 CAG 非重复 GGC 非重复 GGC 非重复 GGC 非重复 GCG 非重复 GGC 非重复 GGC 非重复 GGC 非重复 GGC 非重复x3 CAG 非重复 CAG 非重复 GCG 非重复 CAG 非重复 CAA 非重复 GCC 非重复 GGC 非重复 GGC 非重复 GCG 非重复 GCC 非重复 GCG CAA 非重复x2 GCG 非重复 GGC CAG CAA GCC CAA 非重复 GCG 非重复 GGC 非重复 GGC 非重复 GCC 非重复 CAA 非重复 GGC 非重复 GCG 非重复 GCC 非重复 GCC 非重复 CAA GCC 非重复 GGC 非重复x5 GGC 非重复 GGC 非重复 CAG 非重复 GGC CAA 非重复 CAG 非重复 CAG 非重复 GGC 非重复 GGC 非重复 CAA 非重复 GGC 非重复 GGC GCC 非重复 GCC 非重复 GCG 非重复 CAA 非重复 GGC 非重复 GCC 非重复 GGC GCC 非重复 GCC 非重复 CAG 非重复x3 GCC 非重复 GCC GCG 非重复 CAG 非重复 GGC 非重复 GCCx2 非重复 GCC GCG 非重复 GGC 非重复 GGC 非重复 CAG 非重复 GCC 非重复 GCC 非重复 GCG CAA 非重复 GGC 非重复 GCC 非重复 CAG 非重复 GGC GCG 非重复 GGC 非重复 CAGx2 非重复 GGC 非重复 CAG 非重复 GGC 非重复 CAG 非重复 GCG 非重复 GGC 非重复 GCC 非重复 GGC 非重复 GCGx2 非重复 GGC 非重复 GCGx2 非重复 GCC 非重复 GCCx2 非重复 CAA 非重复 CAG 非重复 CAG 非重复 GGC 非重复 GGC 非重复 GGC 非重复 CAG 非重复 GCC CAA 非重复 GGC 非重复x3 GCG 非重复 GGC GCGx2 非重复 CAGx3 非重复 CAG 非重复 GCC GGC 非重复 GCC 非重复 GGC 非重复 GCG 非重复 GGC 非重复x4 CAG 非重复 GGC GCC 非重复 GCCx2 非重复 GCG 非重复 GGC 非重复 CAA 非重复 CAA 非重复 GGC CAA CAG 非重复 GCC 非重复 CAG 非重复 GCC 非重复 CAG 非重复 CAA 非重复 CAA GGC 非重复 CAG 非重复 GGC 非重复 GGC 非重复x3 CAG 非重复 GCC 非重复x3 GGC 非重复 CAG GGC 非重复 GCG 非重复
seq22_2.0	55	2388	520	280	240	CAA=32;CAG=63;GCC=64;GCG=42;GGC=79	非重复 GGCx2 非重复 CAG 非重复 CAA 非重复 GCG 非重复x3 GCC 非重复 GCC 非重复 GGC 非重复 GCC GCG 非重复 GCG 非重复 CAA 非重复 GGC 非重复 CAG 非重复 GCG 非重复 CAG 非重复 GCG GGC 非重复 GGC 非重复 CAG 非重复 GGC 非重复 GGC 非重复 GCCx3 非重复x5 CAG 非重复 GGC 非重复 GGC 非重复x2 GCGx5 非重复 CAG 非重复 GCGx2 GCCx5 GCG CAA CAG CAA CAG 非重复x2 CAG 非重复x2 CAGx3 非重复x4 CAG 非重复x2 CAGx7 CAAx2 CAG 非重复 CAA 非重复 CAG CAA GCC 非重复 GCG 非重复 GGCx2 非重复 GGC 非重复 GCG 非重复 GGC 非重复 GCG 非重复 GCCx9 非重复x2 GCG 非重复 CAG 非重复 CAG 非重复 GCC 非重复 GCC 非重复 GCC 非重复 CAGx2 非重复 GCG 非重复 GCC CAA 非重复 GGC 非重复 GGC 非重复 CAA 非重复 GGC 非重复 CAA 非重复 CAA 非重复 CAG 非重复 CAG 非重复x3 CAG 非重复 GCC 非重复 CAA 非重复 CAG 非重复 GGCx2 非重复 GGC 非重复 GGC 非重复x3 GGC 非重复 GGC 非重复 GCC CAA 非重复 GGC 非重复 GGC 非重复 CAG 非重复 GCC 非重复 CAA 非重复 CAG 非重复 GGC 非重复 GGC CAG 非重复 GCG 非重复 GCC 非重复 GGC 非重复 GCC 非重复 GGC 非重复 GCC 非重复 CAG 非重复 GGC 非重复 GGC 非重复 GGC 非重复 GCG 非重复 GGC 非重复 GGC 非重复 GGC 非重复 GGC 非重复x3 CAG 非重复 CAG 非重复 GCG 非重复 CAG 非重复 CAA 非重复 GCC 非重复 GGC 非重复 GGC 非重复 GCG 非重复 GCC 非重复 GCG CAA 非重复x2 GCG 非重复 GGC CAG CAA GCC CAA 非重复 GCG 非重复 GGC 非重复 GGC 非重复 GCC 非重复 CAA 非重复 GGC 非重复 GCG 非重复 GCC 非重复 GCC 非重复 CAA GCC 非重复 GGC 非重复x5 GGC 非重复 GGC 非重复 CAG 非重复 GGC CAA 非重复 CAG 非重复 CAG 非重复 GGC 非重复 GGC 非重复 CAA 非重复 GGC 非重复 GGC GCC 非重复 GCC 非重复 GCG 非重复 CAA 非重复 GGC 非重复 GCC 非重复 GGC GCC 非重复 GCC 非重复 CAG 非重复x3 GCC 非重复 GCC GCG 非重复 CAG 非重复 GGC 非重复 GCCx2 非重复 GCC GCG 非重复 GGC 非重复 GGC 非重复 CAG 非重复 GCC 非重复 GCC 非重复 GCG CAA 非重复 GGC 非重复 GCC 非重复 CAG 非重复 GGC GCG 非重复 GGC 非重复 CAGx2 非重复 GGC 非重复 CAG 非重复 GGC 非重复 CAG 非重复 GCG 非重复 GGC 非重复 GCC 非重复 GGC 非重复 GCGx2 非重复 GGC 非重复 GCGx2 非重复 GCC 非重复 GCCx2 非重复 CAA 非重复 CAG 非重复 CAG 非重复 GGC 非重复 GGC 非重复 GGC 非重复 CAG 非重复 GCC CAA 非重复 GGC 非重复x3 GCG 非重复 GGC GCGx2 非重复 CAGx3 非重复 CAG 非重复 GCC GGC 非重复 GCC 非重复 GGC 非重复 GCG 非重复 GGC 非重复x4 CAG 非重复 GGC GCC 非重复 GCCx2 非重复 GCG 非重复 GGC 非重复 CAA 非重复 CAA 非重复 GGC CAA CAG 非重复 GCC 非重复 CAG 非重复 GCC 非重复 CAG 非重复 CAA 非重复 CAA GGC 非重复 CAG 非重复 GGC 非重复 GGC 非重复x3 CAG 非重复 GCC 非重复x3 GGC 非重复 CAG GGC 非重复 GCG 非重复
seq23_12.0	55	2388	520	280	240	CAA=32;CAG=63;GCC=64;GCG=42;GGC=79	非重复 GGCx2 非重复 CAG 非重复 CAA 非重复 GCG 非重复x3 GCC 非重复 GCC 非重复 GGC 非重复 GCC GCG 非重复 GCG 非重复 CAA 非重复 GGC 非重复 CAG 非重复 GCG 非重复 CAG 非重复 GCG GGC 非重复 GGC 非重复 CAG 非重复 GGC 非重复 GGC 非重复 GCCx3 非重复x5 CAG 非重复 GGC 非重复 GGC 非重复x2 GCGx5 非重复 CAG 非重复 GCGx2 GCCx5 GCG CAA CAG CAA CAG 非重复x2 CAG 非重复x2 CAGx3 非重复x4 CAG 非重复x2 CAGx7 CAAx2 CAG 非重复 CAA 非重复 CAG CAA GCC 非重复 GCG 非重复 GGCx2 非重复 GGC 非重复 GCG 非重复 GGC 非重复 GCG 非重复 GCCx9 非重复x2 GCG 非重复 CAG 非重复 CAG 非重复 GCC 非重复 GCC 非重复 GCC 非重复 CAGx2 非重复 GCG 非重复 GCC CAA 非重复 GGC 非重复 GGC 非重复 CAA 非重复 GGC 非重复 CAA 非重复 CAA 非重复 CAG 非重复 CAG 非重复x3 CAG 非重复 GCC 非重复 CAA 非重复 CAG 非重复 GGCx2 非重复 GGC 非重复 GGC 非重复x3 GGC 非重复 GGC 非重复 GCC CAA 非重复 GGC 非重复 GGC 非重复 CAG 非重复 GCC 非重复 CAA 非重复 CAG 非重复 GGC 非重复 GGC CAG 非重复 GCG 非重复 GCC 非重复 GGC 非重复 GCC 非重复 GGC 非重复 GCC 非重复 CAG 非重复 GGC 非重复 GGC 非重复 GGC 非重复 GCG 非重复 GGC 非重复 GGC 非重复 GGC 非重复 GGC 非重复x3 CAG 非重复 CAG 非重复 GCG 非重复 CAG 非重复 CAA 非重复 GCC 非重复 GGC 非重复 GGC 非重复 GCG 非重复 GCC 非重复 GCG CAA 非重复x2 GCG 非重复 GGC CAG CAA GCC CAA 非重复 GCG 非重复 GGC 非重复 GGC 非重复 GCC 非重复 CAA 非重复 GGC 非重复 GCG 非重复 GCC 非重复 GCC 非重复 CAA GCC 非重复 GGC 非重复x5 GGC 非重复 GGC 非重复 CAG 非重复 GGC CAA 非重复 CAG 非重复 CAG 非重复 GGC 非重复 GGC 非重复 CAA 非重复 GGC 非重复 GGC GCC 非重复 GCC 非重复 GCG 非重复 CAA 非重复 GGC 非重复 GCC 非重复 GGC GCC 非重复 GCC 非重复 CAG 非重复x3 GCC 非重复 GCC GCG 非重复 CAG 非重复 GGC 非重复 GCCx2 非重复 GCC GCG 非重复 GGC 非重复 GGC 非重复 CAG 非重复 GCC 非重复 GCC 非重复 GCG CAA 非重复 GGC 非重复 GCC 非重复 CAG 非重复 GGC GCG 非重复 GGC 非重复 CAGx2 非重复 GGC 非重复 CAG 非重复 GGC 非重复 CAG 非重复 GCG 非重复 GGC 非重复 GCC 非重复 GGC 非重复 GCGx2 非重复 GGC 非重复 GCGx2 非重复 GCC 非重复 GCCx2 非重复 CAA 非重复 CAG 非重复 CAG 非重复 GGC 非重复 GGC 非重复 GGC 非重复 CAG 非重复 GCC CAA 非重复 GGC 非重复x3 GCG 非重复 GGC GCGx2 非重复 CAGx3 非重复 CAG 非重复 GCC GGC 非重复 GCC 非重复 GGC 非重复 GCG 非重复 GGC 非重复x4 CAG 非重复 GGC GCC 非重复 GCCx2 非重复 GCG 非重复 GGC 非重复 CAA 非重复 CAA 非重复 GGC CAA CAG 非重复 GCC 非重复 CAG 非重复 GCC 非重复 CAG 非重复 CAA 非重复 CAA GGC 非重复 CAG 非重复 GGC 非重复 GGC 非重复x3 CAG 非重复 GCC 非重复x3 GGC 非重复 CAG GGC 非重复 GCG 非重复
seq24_1.0	55	2385	519	279	240	CAA=33;CAG=61;GCC=64;GCG=42;GGC=79	非重复 GGCx2 非重复 CAG 非重复 CAA 非重复 GCG 非重复x3 GCC 非重复 GCC 非重复 GGC 非重复 GCC GCG 非重复 GCG 非重复 CAA 非重复 GGC 非重复 CAG 非重复 GCG 非重复 CAG 非重复 GCG GGC 非重复 GGC 非重复 CAG 非重复 GGC 非重复 GGC 非重复 GCCx3 非重复x5 CAG 非重复 GGC 非重复 GGC 非重复x2 GCGx5 非重复 CAG 非重复 GCGx2 GCCx5 GCG CAA CAG CAA CAG 非重复x2 CAG 非重复x4 CAG 非重复x2 CAG CAA 非重复x2 CAGx7 CAAx2 CAG 非重复 CAA 非重复 CAG CAA GCC 非重复 GCG 非重复 GGCx2 非重复 GGC 非重复 GCG 非重复 GGC 非重复 GCG 非重复 GCCx9 非重复x2 GCG 非重复 CAG 非重复 CAG 非重复 GCC 非重复 GCC 非重复 GCC 非重复 CAGx2 非重复 GCG 非重复 GCC CAA 非重复 GGC 非重复 GGC 非重复 CAA 非重复 GGC 非重复 CAA 非重复 CAA 非重复 CAG 非重复 CAG 非重复x3 CAG 非重复 GCC 非重复 CAA 非重复 CAG 非重复 GGCx2 非重复 GGC 非重复 GGC 非重复x3 GGC 非重复 GGC 非重复 GCC CAA 非重复 GGC 非重复 GGC 非重复 CAG 非重复 GCC 非重复 CAA 非重复 CAG 非重复 GGC 非重复 GGC CAG 非重复 GCG 非重复 GCC 非重复 GGC 非重复 GCC 非重复 GGC 非重复 GCC 非重复 CAG 非重复 GGC 非重复 GGC 非重复 GGC 非重复 GCG 非重复 GGC 非重复 GGC 非重复 GGC 非重复 GGC 非重复x3 CAG 非重复 CAG 非重复 GCG 非重复 CAG 非重复 CAA 非重复 GCC 非重复 GGC 非重复 GGC 非重复 GCG 非重复 GCC 非重复 GCG CAA 非重复x2 GCG 非重复 GGC CAG CAA GCC CAA 非重复 GCG 非重复 GGC 非重复 GGC 非重复 GCC 非重复 CAA 非重复 GGC 非重复 GCG 非重复 GCC 非重复 GCC 非重复 CAA GCC 非重复 GGC 非重复x5 GGC 非重复 GGC 非重复 CAG 非重复 GGC CAA 非重复 CAG 非重复 CAG 非重复 GGC 非重复 GGC 非重复 CAA 非重复 GGC 非重复 GGC GCC 非重复 GCC 非重复 GCG 非重复 CAA 非重复 GGC 非重复 GCC 非重复 GGC GCC 非重复 GCC 非重复 CAG 非重复x3 GCC 非重复 GCC GCG 非重复 CAG 非重复 GGC 非重复 GCCx2 非重复 GCC GCG 非重复 GGC 非重复 GGC 非重复 CAG 非重复 GCC 非重复 GCC 非重复 GCG CAA 非重复 GGC 非重复 GCC 非重复 CAG 非重复 GGC GCG 非重复 GGC 非重复 CAGx2 非重复 GGC 非重复 CAG 非重复 GGC 非重复 CAG 非重复 GCG 非重复 GGC 非重复 GCC 非重复 GGC 非重复 GCGx2 非重复 GGC 非重复 GCGx2 非重复 GCC 非重复 GCCx2 非重复 CAA 非重复 CAG 非重复 CAG 非重复 GGC 非重复 GGC 非重复 GGC 非重复 CAG 非重复 GCC CAA 非重复 GGC 非重复x3 GCG 非重复 GGC GCGx2 非重复 CAGx3 非重复 CAG 非重复 GCC GGC 非重复 GCC 非重复 GGC 非重复 GCG 非重复 GGC 非重复x4 CAG 非重复 GGC GCC 非重复 GCCx2 非重复 GCG 非重复 GGC 非重复 CAA 非重复 CAA 非重复 GGC CAA CAG 非重复 GCC 非重复 CAG 非重复 GCC 非重复 CAG 非重复 CAA 非重复 CAA GGC 非重复 CAG 非重复 GGC 非重复 GGC 非重复x3 CAG 非重复 GCC 非重复x3 GGC 非重复 CAG GGC 非重复 GCG 非重复
seq25_2.0	56	2388	520	280	240	CAA=33;CAG=62;GCC=64;GCG=42;GGC=79	非重复 GGCx2 非重复 CAG 非重复 CAA 非重复 GCG 非重复x3 GCC 非重复 GCC 非重复 GGC 非重复 GCC GCG 非重复 GCG 非重复 CAA 非重复 GGC 非重复 CAG 非重复 GCG 非重复 CAG 非重复 GCG GGC 非重复 GGC 非重复 CAG 非重复 GGC 非重复 GGC 非重复 GCCx3 非重复x5 CAG 非重复 GGC 非重复 GGC 非重复x2 GCGx5 非重复 CAG 非重复 GCGx2 GCCx5 GCG CAA CAG CAA CAG 非重复x2 CAGx2 非重复x4 CAG 非重复x2 CAG CAA 非重复x2 CAGx7 CAAx2 CAG 非重复 CAA 非重复 CAG CAA GCC 非重复 GCG 非重复 GGCx2 非重复 GGC 非重复 GCG 非重复 GGC 非重复 GCG 非重复 GCCx9 非重复x2 GCG 非重复 CAG 非重复 CAG 非重复 GCC 非重复 GCC 非重复 GCC 非重复 CAGx2 非重复 GCG 非重复 GCC CAA 非重复 GGC 非重复 GGC 非重复 CAA 非重复 GGC 非重复 CAA 非重复 CAA 非重复 CAG 非重复 CAG 非重复x3 CAG 非重复 GCC 非重复 CAA 非重复 CAG 非重复 GGCx2 非重复 GGC 非重复 GGC 非重复x3 GGC 非重复 GGC 非重复 GCC CAA 非重复 GGC 非重复 GGC 非重复 CAG 非重复 GCC 非重复 CAA 非重复 CAG 非重复 GGC 非重复 GGC CAG 非重复 GCG 非重复 GCC 非重复 GGC 非重复 GCC 非重复 GGC 非重复 GCC 非重复 CAG 非重复 GGC 非重复 GGC 非重复 GGC 非重复 GCG 非重复 GGC 非重复 GGC 非重复 GGC 非重复 GGC 非重复x3 CAG 非重复 CAG 非重复 GCG 非重复 CAG 非重复 CAA 非重复 GCC 非重复 GGC 非重复 GGC 非重复 GCG 非重复 GCC 非重复 GCG CAA 非重复x2 GCG 非重复 GGC CAG CAA GCC CAA 非重复 GCG 非重复 GGC 非重复 GGC 非重复 GCC 非重复 CAA 非重复 GGC 非重复 GCG 非重复 GCC 非重复 GCC 非重复 CAA GCC 非重复 GGC 非重复x5 GGC 非重复 GGC 非重复 CAG 非重复 GGC CAA 非重复 CAG 非重复 CAG 非重复 GGC 非重复 GGC 非重复 CAA 非重复 GGC 非重复 GGC GCC 非重复 GCC 非重复 GCG 非重复 CAA 非重复 GGC 非重复 GCC 非重复 GGC GCC 非重复 GCC 非重复 CAG 非重复x3 GCC 非重复 GCC GCG 非重复 CAG 非重复 GGC 非重复 GCCx2 非重复 GCC GCG 非重复 GGC 非重复 GGC 非重复 CAG 非重复 GCC 非重复 GCC 非重复 GCG CAA 非重复 GGC 非重复 GCC 非重复 CAG 非重复 GGC GCG 非重复 GGC 非重复 CAGx2 非重复 GGC 非重复 CAG 非重复 GGC 非重复 CAG 非重复 GCG 非重复 GGC 非重复 GCC 非重复 GGC 非重复 GCGx2 非重复 GGC 非重复 GCGx2 非重复 GCC 非重复 GCCx2 非重复 CAA 非重复 CAG 非重复 CAG 非重复 GGC 非重复 GGC 非重复 GGC 非重复 CAG 非重复 GCC CAA 非重复 GGC 非重复x3 GCG 非重复 GGC GCGx2 非重复 CAGx3 非重复 CAG 非重复 GCC GGC 非重复 GCC 非重复 GGC 非重复 GCG 非重复 GGC 非重复x4 CAG 非重复 GGC GCC 非重复 GCCx2 非重复 GCG 非重复 GGC 非重复 CAA 非重复 CAA 非重复 GGC CAA CAG 非重复 GCC 非重复 CAG 非重复 GCC 非重复 CAG 非重复 CAA 非重复 CAA GGC 非重复 CAG 非重复 GGC 非重复 GGC 非重复x3 CAG 非重复 GCC 非重复x3 GGC 非重复 CAG GGC 非重复 GCG 非重复
seq26_1.0	58	2394	523	281	242	CAA=32;CAG=64;GCC=64;GCG=42;GGC=79	非重复 GGCx2 非重复 CAG 非重复 CAA 非重复 GCG 非重复x3 GCC 非重复 GCC 非重复 GGC 非重复 GCC GCG 非重复 GCG 非重复 CAA 非重复 GGC 非重复 CAG 非重复 GCG 非重复 CAG 非重复 GCG GGC 非重复 GGC 非重复 CAG 非重复 GGC 非重复 GGC 非重复 GCCx3 非重复x5 CAG 非重复 GGC 非重复 GGC 非重复x2 GCGx5 非重复 CAG 非重复 GCGx2 GCCx5 GCG CAA CAG CAA CAG 非重复x2 CAG 非重复x2 CAGx3 非重复x4 CAG 非重复x2 CAG 非重复x2 CAGx7 CAAx2 CAG 非重复 CAA 非重复 CAG CAA GCC 非重复 GCG 非重复 GGCx2 非重复 GGC 非重复 GCG 非重复 GGC 非重复 GCG 非重复 GCCx9 非重复x2 GCG 非重复 CAG 非重复 CAG 非重复 GCC 非重复 GCC 非重复 GCC 非重复 CAGx2 非重复 GCG 非重复 GCC CAA 非重复 GGC 非重复 GGC 非重复 CAA 非重复 GGC 非重复 CAA 非重复 CAA 非重复 CAG 非重复 CAG 非重复x3 CAG 非重复 GCC 非重复 CAA 非重复 CAG 非重复 GGCx2 非重复 GGC 非重复 GGC 非重复x3 GGC 非重复 GGC 非重复 GCC CAA 非重复 GGC 非重复 GGC 非重复 CAG 非重复 GCC 非重复 CAA 非重复 CAG 非重复 GGC 非重复 GGC CAG 非重复 GCG 非重复 GCC 非重复 GGC 非重复 GCC 非重复 GGC 非重复 GCC 非重复 CAG 非重复 GGC 非重复 GGC 非重复 GGC 非重复 GCG 非重复 GGC 非重复 GGC 非重复 GGC 非重复 GGC 非重复x3 CAG 非重复 CAG 非重复 GCG 非重复 CAG 非重复 CAA 非重复 GCC 非重复 GGC 非重复 GGC 非重复 GCG 非重复 GCC 非重复 GCG CAA 非重复x2 GCG 非重复 GGC CAG CAA GCC CAA 非重复 GCG 非重复 GGC 非重复 GGC 非重复 GCC 非重复 CAA 非重复 GGC 非重复 GCG 非重复 GCC 非重复 GCC 非重复 CAA GCC 非重复 GGC 非重复x5 GGC 非重复 GGC 非重复 CAG 非重复 GGC CAA 非重复 CAG 非重复 CAG 非重复 GGC 非重复 GGC 非重复 CAA 非重复 GGC 非重复 GGC GCC 非重复 GCC 非重复 GCG 非重复 CAA 非重复 GGC 非重复 GCC 非重复 GGC GCC 非重复 GCC 非重复 CAG 非重复x3 GCC 非重复 GCC GCG 非重复 CAG 非重复 GGC 非重复 GCCx2 非重复 GCC GCG 非重复 GGC 非重复 GGC 非重复 CAG 非重复 GCC 非重复 GCC 非重复 GCG CAA 非重复 GGC 非重复 GCC 非重复 CAG 非重复 GGC GCG 非重复 GGC 非重复 CAGx2 非重复 GGC 非重复 CAG 非重复 GGC 非重复 CAG 非重复 GCG 非重复 GGC 非重复 GCC 非重复 GGC 非重复 GCGx2 非重复 GGC 非重复 GCGx2 非重复 GCC 非重复 GCCx2 非重复 CAA 非重复 CAG 非重复 CAG 非重复 GGC 非重复 GGC 非重复 GGC 非重复 CAG 非重复 GCC CAA 非重复 GGC 非重复x3 GCG 非重复 GGC GCGx2 非重复 CAGx3 非重复 CAG 非重复 GCC GGC 非重复 GCC 非重复 GGC 非重复 GCG 非重复 GGC 非重复x4 CAG 非重复 GGC GCC 非重复 GCCx2 非重复 GCG 非重复 GGC 非重复 CAA 非重复 CAA 非重复 GGC CAA CAG 非重复 GCC 非重复 CAG 非重复 GCC 非重复 CAG 非重复 CAA 非重复 CAA GGC 非重复 CAG 非重复 GGC 非重复 GGC 非重复x3 CAG 非重复 GCC 非重复x3 GGC 非重复 CAG GGC 非重复 GCG 非重复
seq27_3.0	55	2385	519	279	240	CAA=33;CAG=61;GCC=64;GCG=42;GGC=79	非重复 GGCx2 非重复 CAG 非重复 CAA 非重复 GCG 非重复x3 GCC 非重复 GCC 非重复 GGC 非重复 GCC GCG 非重复 GCG 非重复 CAA 非重复 GGC 非重复 CAG 非重复 GCG 非重复 CAG 非重复 GCG GGC 非重复 GGC 非重复 CAG 非重复 GGC 非重复 GGC 非重复 GCCx3 非重复x5 CAG 非重复 GGC 非重复 GGC 非重复x2 GCGx5 非重复 CAG 非重复 GCGx2 GCCx5 GCG CAA CAG CAA CAG 非重复x2 CAG 非重复x4 CAG 非重复x2 CAG CAA 非重复x2 CAGx7 CAAx2 CAG 非重复 CAA 非重复 CAG CAA GCC 非重复 GCG 非重复 GGCx2 非重复 GGC 非重复 GCG 非重复 GGC 非重复 GCG 非重复 GCCx9 非重复x2 GCG 非重复 CAG 非重复 CAG 非重复 GCC 非重复 GCC 非重复 GCC 非重复 CAGx2 非重复 GCG 非重复 GCC CAA 非重复 GGC 非重复 GGC 非重复 CAA 非重复 GGC 非重复 CAA 非重复 CAA 非重复 CAG 非重复 CAG 非重复x3 CAG 非重复 GCC 非重复 CAA 非重复 CAG 非重复 GGCx2 非重复 GGC 非重复 GGC 非重复x3 GGC 非重复 GGC 非重复 GCC CAA 非重复 GGC 非重复 GGC 非重复 CAG 非重复 GCC 非重复 CAA 非重复 CAG 非重复 GGC 非重复 GGC CAG 非重复 GCG 非重复 GCC 非重复 GGC 非重复 GCC 非重复 GGC 非重复 GCC 非重复 CAG 非重复 GGC 非重复 GGC 非重复 GGC 非重复 GCG 非重复 GGC 非重复 GGC 非重复 GGC 非重复 GGC 非重复x3 CAG 非重复 CAG 非重复 GCG 非重复 CAG 非重复 CAA 非重复 GCC 非重复 GGC 非重复 GGC 非重复 GCG 非重复 GCC 非重复 GCG CAA 非重复x2 GCG 非重复 GGC CAG CAA GCC CAA 非重复 GCG 非重复 GGC 非重复 GGC 非重复 GCC 非重复 CAA 非重复 GGC 非重复 GCG 非重复 GCC 非重复 GCC 非重复 CAA GCC 非重复 GGC 非重复x5 GGC 非重复 GGC 非重复 CAG 非重复 GGC CAA 非重复 CAG 非重复 CAG 非重复 GGC 非重复 GGC 非重复 CAA 非重复 GGC 非重复 GGC GCC 非重复 GCC 非重复 GCG 非重复 CAA 非重复 GGC 非重复 GCC 非重复 GGC GCC 非重复 GCC 非重复 CAG 非重复x3 GCC 非重复 GCC GCG 非重复 CAG 非重复 GGC 非重复 GCCx2 非重复 GCC GCG 非重复 GGC 非重复 GGC 非重复 CAG 非重复 GCC 非重复 GCC 非重复 GCG CAA 非重复 GGC 非重复 GCC 非重复 CAG 非重复 GGC GCG 非重复 GGC 非重复 CAGx2 非重复 GGC 非重复 CAG 非重复 GGC 非重复 CAG 非重复 GCG 非重复 GGC 非重复 GCC 非重复 GGC 非重复 GCGx2 非重复 GGC 非重复 GCGx2 非重复 GCC 非重复 GCCx2 非重复 CAA 非重复 CAG 非重复 CAG 非重复 GGC 非重复 GGC 非重复 GGC 非重复 CAG 非重复 GCC CAA 非重复 GGC 非重复x3 GCG 非重复 GGC GCGx2 非重复 CAGx3 非重复 CAG 非重复 GCC GGC 非重复 GCC 非重复 GGC 非重复 GCG 非重复 GGC 非重复x4 CAG 非重复 GGC GCC 非重复 GCCx2 非重复 GCG 非重复 GGC 非重复 CAA 非重复 CAA 非重复 GGC CAA CAG 非重复 GCC 非重复 CAG 非重复 GCC 非重复 CAG 非重复 CAA 非重复 CAA GGC 非重复 CAG 非重复 GGC 非重复 GGC 非重复x3 CAG 非重复 GCC 非重复x3 GGC 非重复 CAG GGC 非重复 GCG 非重复
seq28_3.0	55	2385	519	279	240	CAA=33;CAG=61;GCC=64;GCG=42;GGC=79	非重复 GGCx2 非重复 CAG 非重复 CAA 非重复 GCG 非重复x3 GCC 非重复 GCC 非重复 GGC 非重复 GCC GCG 非重复 GCG 非重复 CAA 非重复 GGC 非重复 CAG 非重复 GCG 非重复 CAG 非重复 GCG GGC 非重复 GGC 非重复 CAG 非重复 GGC 非重复 GGC 非重复 GCCx3 非重复x5 CAG 非重复 GGC 非重复 GGC 非重复x2 GCGx5 非重复 CAG 非重复 GCGx2 GCCx5 GCG CAA CAG CAA CAG 非重复x2 CAG 非重复x4 CAG 非重复x2 CAG CAA 非重复x2 CAGx7 CAAx2 CAG 非重复 CAA 非重复 CAG CAA GCC 非重复 GCG 非重复 GGCx2 非重复 GGC 非重复 GCG 非重复 GGC 非重复 GCG 非重复 GCCx9 非重复x2 GCG 非重复 CAG 非重复 CAG 非重复 GCC 非重复 GCC 非重复 GCC 非重复 CAGx2 非重复 GCG 非重复 GCC CAA 非重复 GGC 非重复 GGC 非重复 CAA 非重复 GGC 非重复 CAA 非重复 CAA 非重复 CAG 非重复 CAG 非重复x3 CAG 非重复 GCC 非重复 CAA 非重复 CAG 非重复 GGCx2 非重复 GGC 非重复 GGC 非重复x3 GGC 非重复 GGC 非重复 GCC CAA 非重复 GGC 非重复 GGC 非重复 CAG 非重复 GCC 非重复 CAA 非重复 CAG 非重复 GGC 非重复 GGC CAG 非重复 GCG 非重复 GCC 非重复 GGC 非重复 GCC 非重复 GGC 非重复 GCC 非重复 CAG 非重复 GGC 非重复 GGC 非重复 GGC 非重复 GCG 非重复 GGC 非重复 GGC 非重复 GGC 非重复 GGC 非重复x3 CAG 非重复 CAG 非重复 GCG 非重复 CAG 非重复 CAA 非重复 GCC 非重复 GGC 非重复 GGC 非重复 GCG 非重复 GCC 非重复 GCG CAA 非重复x2 GCG 非重复 GGC CAG CAA GCC CAA 非重复 GCG 非重复 GGC 非重复 GGC 非重复 GCC 非重复 CAA 非重复 GGC 非重复 GCG 非重复 GCC 非重复 GCC 非重复 CAA GCC 非重复 GGC 非重复x5 GGC 非重复 GGC 非重复 CAG 非重复 GGC CAA 非重复 CAG 非重复 CAG 非重复 GGC 非重复 GGC 非重复 CAA 非重复 GGC 非重复 GGC GCC 非重复 GCC 非重复 GCG 非重复 CAA 非重复 GGC 非重复 GCC 非重复 GGC GCC 非重复 GCC 非重复 CAG 非重复x3 GCC 非重复 GCC GCG 非重复 CAG 非重复 GGC 非重复 GCCx2 非重复 GCC GCG 非重复 GGC 非重复 GGC 非重复 CAG 非重复 GCC 非重复 GCC 非重复 GCG CAA 非重复 GGC 非重复 GCC 非重复 CAG 非重复 GGC GCG 非重复 GGC 非重复 CAGx2 非重复 GGC 非重复 CAG 非重复 GGC 非重复 CAG 非重复 GCG 非重复 GGC 非重复 GCC 非重复 GGC 非重复 GCGx2 非重复 GGC 非重复 GCGx2 非重复 GCC 非重复 GCCx2 非重复 CAA 非重复 CAG 非重复 CAG 非重复 GGC 非重复 GGC 非重复 GGC 非重复 CAG 非重复 GCC CAA 非重复 GGC 非重复x3 GCG 非重复 GGC GCGx2 非重复 CAGx3 非重复 CAG 非重复 GCC GGC 非重复 GCC 非重复 GGC 非重复 GCG 非重复 GGC 非重复x4 CAG 非重复 GGC GCC 非重复 GCCx2 非重复 GCG 非重复 GGC 非重复 CAA 非重复 CAA 非重复 GGC CAA CAG 非重复 GCC 非重复 CAG 非重复 GCC 非重复 CAG 非重复 CAA 非重复 CAA GGC 非重复 CAG 非重复 GGC 非重复 GGC 非重复x3 CAG 非重复 GCC 非重复x3 GGC 非重复 CAG GGC 非重复 GCG 非重复
seq29_1.0	57	2391	522	280	242	CAA=32;CAG=63;GCC=64;GCG=42;GGC=79	非重复 GGCx2 非重复 CAG 非重复 CAA 非重复 GCG 非重复x3 GCC 非重复 GCC 非重复 GGC 非重复 GCC GCG 非重复 GCG 非重复 CAA 非重复 GGC 非重复 CAG 非重复 GCG 非重复 CAG 非重复 GCG GGC 非重复 GGC 非重复 CAG 非重复 GGC 非重复 GGC 非重复 GCCx3 非重复x5 CAG 非重复 GGC 非重复 GGC 非重复x2 GCGx5 非重复 CAG 非重复 GCGx2 GCCx5 GCG CAA CAG CAA CAG 非重复x2 CAG 非重复x2 CAGx3 非重复x6 CAG 非重复x2 CAGx7 CAAx2 CAG 非重复 CAA 非重复 CAG CAA GCC 非重复 GCG 非重复 GGCx2 非重复 GGC 非重复 GCG 非重复 GGC 非重复 GCG 非重复 GCCx9 非重复x2 GCG 非重复 CAG 非重复 CAG 非重复 GCC 非重复 GCC 非重复 GCC 非重复 CAGx2 非重复 GCG 非重复 GCC CAA 非重复 GGC 非重复 GGC 非重复 CAA 非重复 GGC 非重复 CAA 非重复 CAA 非重复 CAG 非重复 CAG 非重复x3 CAG 非重复 GCC 非重复 CAA 非重复 CAG 非重复 GGCx2 非重复 GGC 非重复 GGC 非重复x3 GGC 非重复 GGC 非重复 GCC CAA 非重复 GGC 非重复 GGC 非重复 CAG 非重复 GCC 非重复 CAA 非重复 CAG 非重复 GGC 非重复 GGC CAG 非重复 GCG 非重复 GCC 非重复 GGC 非重复 GCC 非重复 GGC 非重复 GCC 非重复 CAG 非重复 GGC 非重复 GGC 非重复 GGC 非重复 GCG 非重复 GGC 非重复 GGC 非重复 GGC 非重复 GGC 非重复x3 CAG 非重复 CAG 非重复 GCG 非重复 CAG 非重复 CAA 非重复 GCC 非重复 GGC 非重复 GGC 非重复 GCG 非重复 GCC 非重复 GCG CAA 非重复x2 GCG 非重复 GGC CAG CAA GCC CAA 非重复 GCG 非重复 GGC 非重复 GGC 非重复 GCC 非重复 CAA 非重复 GGC 非重复 GCG 非重复 GCC 非重复 GCC 非重复 CAA GCC 非重复 GGC 非重复x5 GGC 非重复 GGC 非重复 CAG 非重复 GGC CAA 非重复 CAG 非重复 CAG 非重复 GGC 非重复 GGC 非重复 CAA 非重复 GGC 非重复 GGC GCC 非重复 GCC 非重复 GCG 非重复 CAA 非重复 GGC 非重复 GCC 非重复 GGC GCC 非重复 GCC 非重复 CAG 非重复x3 GCC 非重复 GCC GCG 非重复 CAG 非重复 GGC 非重复 GCCx2 非重复 GCC GCG 非重复 GGC 非重复 GGC 非重复 CAG 非重复 GCC 非重复 GCC 非重复 GCG CAA 非重复 GGC 非重复 GCC 非重复 CAG 非重复 GGC GCG 非重复 GGC 非重复 CAGx2 非重复 GGC 非重复 CAG 非重复 GGC 非重复 CAG 非重复 GCG 非重复 GGC 非重复 GCC 非重复 GGC 非重复 GCGx2 非重复 GGC 非重复 GCGx2 非重复 GCC 非重复 GCCx2 非重复 CAA 非重复 CAG 非重复 CAG 非重复 GGC 非重复 GGC 非重复 GGC 非重复 CAG 非重复 GCC CAA 非重复 GGC 非重复x3 GCG 非重复 GGC GCGx2 非重复 CAGx3 非重复 CAG 非重复 GCC GGC 非重复 GCC 非重复 GGC 非重复 GCG 非重复 GGC 非重复x4 CAG 非重复 GGC GCC 非重复 GCCx2 非重复 GCG 非重复 GGC 非重复 CAA 非重复 CAA 非重复 GGC CAA CAG 非重复 GCC 非重复 CAG 非重复 GCC 非重复 CAG 非重复 CAA 非重复 CAA GGC 非重复 CAG 非重复 GGC 非重复 GGC 非重复x3 CAG 非重复 GCC 非重复x3 GGC 非重复 CAG GGC 非重复 GCG 非重复
seq30_1.0	55	2388	520	280	240	CAA=33;CAG=63;GCC=63;GCG=42;GGC=79	非重复 GGCx2 非重复 CAG 非重复 CAA 非重复 GCG 非重复x3 GCC 非重复 GCC 非重复 GGC 非重复 GCC GCG 非重复 GCG 非重复 CAA 非重复 GGC 非重复 CAG 非重复 GCG 非重复 CAG 非重复 GCG GGC 非重复 GGC 非重复 CAG 非重复 GGC 非重复 GGC 非重复 GCCx3 非重复x5 CAG 非重复 GGC 非重复 GGC 非重复x2 GCGx5 非重复 CAG 非重复 GCGx2 GCCx5 GCG CAA CAG CAA CAG 非重复x2 CAG 非重复x2 CAGx3 非重复x4 CAG CAA 非重复x2 CAGx7 CAAx2 CAG 非重复 CAA 非重复 CAG CAA GCC 非重复 GCG 非重复 GGCx2 非重复 GGC 非重复 GCG 非重复 GGC 非重复 GCG 非重复 GCCx8 非重复x2 GCG 非重复 CAG 非重复 CAG 非重复 GCC 非重复 GCC 非重复 GCC 非重复 CAGx2 非重复 GCG 非重复 GCC CAA 非重复 GGC 非重复 GGC 非重复 CAA 非重复 GGC 非重复 CAA 非重复 CAA 非重复 CAG 非重复 CAG 非重复x3 CAG 非重复 GCC 非重复 CAA 非重复 CAG 非重复 GGCx2 非重复 GGC 非重复 GGC 非重复x3 GGC 非重复 GGC 非重复 GCC CAA 非重复 GGC 非重复 GGC 非重复 CAG 非重复 GCC 非重复 CAA 非重复 CAG 非重复 GGC 非重复 GGC CAG 非重复 GCG 非重复 GCC 非重复 GGC 非重复 GCC 非重复 GGC 非重复 GCC 非重复 CAG 非重复 GGC 非重复 GGC 非重复 GGC 非重复 GCG 非重复 GGC 非重复 GGC 非重复 GGC 非重复 GGC 非重复x3 CAG 非重复 CAG 非重复 GCG 非重复 CAG 非重复 CAA 非重复 GCC 非重复 GGC 非重复 GGC 非重复 GCG 非重复 GCC 非重复 GCG CAA 非重复x2 GCG 非重复 GGC CAG CAA GCC CAA 非重复 GCG 非重复 GGC 非重复 GGC 非重复 GCC 非重复 CAA 非重复 GGC 非重复 GCG 非重复 GCC 非重复 GCC 非重复 CAA GCC 非重复 GGC 非重复x5 GGC 非重复 GGC 非重复 CAG 非重复 GGC CAA 非重复 CAG 非重复 CAG 非重复 GGC 非重复 GGC 非重复 CAA 非重复 GGC 非重复 GGC GCC 非重复 GCC 非重复 GCG 非重复 CAA 非重复 GGC 非重复 GCC 非重复 GGC GCC 非重复 GCC 非重复 CAG 非重复x3 GCC 非重复 GCC GCG 非重复 CAG 非重复 GGC 非重复 GCCx2 非重复 GCC GCG 非重复 GGC 非重复 GGC 非重复 CAG 非重复 GCC 非重复 GCC 非重复 GCG CAA 非重复 GGC 非重复 GCC 非重复 CAG 非重复 GGC GCG 非重复 GGC 非重复 CAGx2 非重复 GGC 非重复 CAG 非重复 GGC 非重复 CAG 非重复 GCG 非重复 GGC 非重复 GCC 非重复 GGC 非重复 GCGx2 非重复 GGC 非重复 GCGx2 非重复 GCC 非重复 GCCx2 非重复 CAA 非重复 CAG 非重复 CAG 非重复 GGC 非重复 GGC 非重复 GGC 非重复 CAG 非重复 GCC CAA 非重复 GGC 非重复x3 GCG 非重复 GGC GCGx2 非重复 CAGx3 非重复 CAG 非重复 GCC GGC 非重复 GCC 非重复 GGC 非重复 GCG 非重复 GGC 非重复x4 CAG 非重复 GGC GCC 非重复 GCCx2 非重复 GCG 非重复 GGC 非重复 CAA 非重复 CAA 非重复 GGC CAA CAG 非重复 GCC 非重复 CAG 非重复 GCC 非重复 CAG 非重复 CAA 非重复 CAA GGC 非重复 CAG 非重复 GGC 非重复 GGC 非重复x3 CAG 非重复 GCC 非重复x3 GGC 非重复 CAG GGC 非重复 GCG 非重复
seq31_1.0	50	2373	514	276	238	CAA=32;CAG=59;GCC=64;GCG=42;GGC=79	非重复 GGCx2 非重复 CAG 非重复 CAA 非重复 GCG 非重复x3 GCC 非重复 GCC 非重复 GGC 非重复 GCC GCG 非重复 GCG 非重复 CAA 非重复 GGC 非重复 CAG 非重复 GCG 非重复 CAG 非重复 GCG GGC 非重复 GGC 非重复 CAG 非重复 GGC 非重复 GGC 非重复 GCCx3 非重复x5 CAG 非重复 GGC 非重复 GGC 非重复x2 GCGx5 非重复 CAG 非重复 GCGx2 GCCx5 GCG CAA CAG CAA CAG 非重复x6 CAG 非重复x2 CAGx7 CAAx2 CAG 非重复 CAA 非重复 CAG CAA GCC 非重复 GCG 非重复 GGCx2 非重复 GGC 非重复 GCG 非重复 GGC 非重复 GCG 非重复 GCCx9 非重复x2 GCG 非重复 CAG 非重复 CAG 非重复 GCC 非重复 GCC 非重复 GCC 非重复 CAGx2 非重复 GCG 非重复 GCC CAA 非重复 GGC 非重复 GGC 非重复 CAA 非重复 GGC 非重复 CAA 非重复 CAA 非重复 CAG 非重复 CAG 非重复x3 CAG 非重复 GCC 非重复 CAA 非重复 CAG 非重复 GGCx2 非重复 GGC 非重复 GGC 非重复x3 GGC 非重复 GGC 非重复 GCC CAA 非重复 GGC 非重复 GGC 非重复 CAG 非重复 GCC 非重复 CAA 非重复 CAG 非重复 GGC 非重复 GGC CAG 非重复 GCG 非重复 GCC 非重复 GGC 非重复 GCC 非重复 GGC 非重复 GCC 非重复 CAG 非重复 GGC 非重复 GGC 非重复 GGC 非重复 GCG 非重复 GGC 非重复 GGC 非重复 GGC 非重复 GGC 非重复x3 CAG 非重复 CAG 非重复 GCG 非重复 CAG 非重复 CAA 非重复 GCC 非重复 GGC 非重复 GGC 非重复 GCG 非重复 GCC 非重复 GCG CAA 非重复x2 GCG 非重复 GGC CAG CAA GCC CAA 非重复 GCG 非重复 GGC 非重复 GGC 非重复 GCC 非重复 CAA 非重复 GGC 非重复 GCG 非重复 GCC 非重复 GCC 非重复 CAA GCC 非重复 GGC 非重复x5 GGC 非重复 GGC 非重复 CAG 非重复 GGC CAA 非重复 CAG 非重复 CAG 非重复 GGC 非重复 GGC 非重复 CAA 非重复 GGC 非重复 GGC GCC 非重复 GCC 非重复 GCG 非重复 CAA 非重复 GGC 非重复 GCC 非重复 GGC GCC 非重复 GCC 非重复 CAG 非重复x3 GCC 非重复 GCC GCG 非重复 CAG 非重复 GGC 非重复 GCCx2 非重复 GCC GCG 非重复 GGC 非重复 GGC 非重复 CAG 非重复 GCC 非重复 GCC 非重复 GCG CAA 非重复 GGC 非重复 GCC 非重复 CAG 非重复 GGC GCG 非重复 GGC 非重复 CAGx2 非重复 GGC 非重复 CAG 非重复 GGC 非重复 CAG 非重复 GCG 非重复 GGC 非重复 GCC 非重复 GGC 非重复 GCGx2 非重复 GGC 非重复 GCGx2 非重复 GCC 非重复 GCCx2 非重复 CAA 非重复 CAG 非重复 CAG 非重复 GGC 非重复 GGC 非重复 GGC 非重复 CAG 非重复 GCC CAA 非重复 GGC 非重复x3 GCG 非重复 GGC GCGx2 非重复 CAGx3 非重复 CAG 非重复 GCC GGC 非重复 GCC 非重复 GGC 非重复 GCG 非重复 GGC 非重复x4 CAG 非重复 GGC GCC 非重复 GCCx2 非重复 GCG 非重复 GGC 非重复 CAA 非重复 CAA 非重复 GGC CAA CAG 非重复 GCC 非重复 CAG 非重复 GCC 非重复 CAG 非重复 CAA 非重复 CAA GGC 非重复 CAG 非重复 GGC 非重复 GGC 非重复x3 CAG 非重复 GCC 非重复x3 GGC 非重复 CAG GGC 非重复 GCG 非重复
seq32_1.0	54	2376	515	277	238	CAA=33;CAG=61;GCC=64;GCG=40;GGC=79	非重复 GGCx2 非重复 CAG 非重复 CAA 非重复 GCG 非重复x3 GCC 非重复 GCC 非重复 GGC 非重复 GCC GCG 非重复 GCG 非重复 CAA 非重复 GGC 非重复 CAG 非重复 GCG 非重复 CAG 非重复 GCG GGC 非重复 GGC 非重复 CAG 非重复 GGC 非重复 GGC 非重复 GCCx3 非重复x5 CAG 非重复 GGC 非重复 GGC 非重复x2 GCGx5 GCCx5 GCG CAA CAG CAA CAG 非重复x2 CAGx2 非重复x4 CAG 非重复x2 CAG CAA 非重复x2 CAGx7 CAAx2 CAG 非重复 CAA 非重复 CAG CAA GCC 非重复 GCG 非重复 GGCx2 非重复 GGC 非重复 GCG 非重复 GGC 非重复 GCG 非重复 GCCx9 非重复x2 GCG 非重复 CAG 非重复 CAG 非重复 GCC 非重复 GCC 非重复 GCC 非重复 CAGx2 非重复 GCG 非重复 GCC CAA 非重复 GGC 非重复 GGC 非重复 CAA 非重复 GGC 非重复 CAA 非重复 CAA 非重复 CAG 非重复 CAG 非重复x3 CAG 非重复 GCC 非重复 CAA 非重复 CAG 非重复 GGCx2 非重复 GGC 非重复 GGC 非重复x3 GGC 非重复 GGC 非重复 GCC CAA 非重复 GGC 非重复 GGC 非重复 CAG 非重复 GCC 非重复 CAA 非重复 CAG 非重复 GGC 非重复 GGC CAG 非重复 GCG 非重复 GCC 非重复 GGC 非重复 GCC 非重复 GGC 非重复 GCC 非重复 CAG 非重复 GGC 非重复 GGC 非重复 GGC 非重复 GCG 非重复 GGC 非重复 GGC 非重复 GGC 非重复 GGC 非重复x3 CAG 非重复 CAG 非重复 GCG 非重复 CAG 非重复 CAA 非重复 GCC 非重复 GGC 非重复 GGC 非重复 GCG 非重复 GCC 非重复 GCG CAA 非重复x2 GCG 非重复 GGC CAG CAA GCC CAA 非重复 GCG 非重复 GGC 非重复 GGC 非重复 GCC 非重复 CAA 非重复 GGC 非重复 GCG 非重复 GCC 非重复 GCC 非重复 CAA GCC 非重复 GGC 非重复x5 GGC 非重复 GGC 非重复 CAG 非重复 GGC CAA 非重复 CAG 非重复 CAG 非重复 GGC 非重复 GGC 非重复 CAA 非重复 GGC 非重复 GGC GCC 非重复 GCC 非重复 GCG 非重复 CAA 非重复 GGC 非重复 GCC 非重复 GGC GCC 非重复 GCC 非重复 CAG 非重复x3 GCC 非重复 GCC GCG 非重复 CAG 非重复 GGC 非重复 GCCx2 非重复 GCC GCG 非重复 GGC 非重复 GGC 非重复 CAG 非重复 GCC 非重复 GCC 非重复 GCG CAA 非重复 GGC 非重复 GCC 非重复 CAG 非重复 GGC GCG 非重复 GGC 非重复 CAGx2 非重复 GGC 非重复 CAG 非重复 GGC 非重复 CAG 非重复 GCG 非重复 GGC 非重复 GCC 非重复 GGC 非重复 GCGx2 非重复 GGC 非重复 GCGx2 非重复 GCC 非重复 GCCx2 非重复 CAA 非重复 CAG 非重复 CAG 非重复 GGC 非重复 GGC 非重复 GGC 非重复 CAG 非重复 GCC CAA 非重复 GGC 非重复x3 GCG 非重复 GGC GCGx2 非重复 CAGx3 非重复 CAG 非重复 GCC GGC 非重复 GCC 非重复 GGC 非重复 GCG 非重复 GGC 非重复x4 CAG 非重复 GGC GCC 非重复 GCCx2 非重复 GCG 非重复 GGC 非重复 CAA 非重复 CAA 非重复 GGC CAA CAG 非重复 GCC 非重复 CAG 非重复 GCC 非重复 CAG 非重复 CAA 非重复 CAA GGC 非重复 CAG 非重复 GGC 非重复 GGC 非重复x3 CAG 非重复 GCC 非重复x3 GGC 非重复 CAG GGC 非重复 GCG 非重复
seq33_2.0	59	2397	524	282	242	CAA=32;CAG=65;GCC=64;GCG=42;GGC=79	非重复 GGCx2 非重复 CAG 非重复 CAA 非重复 GCG 非重复x3 GCC 非重复 GCC 非重复 GGC 非重复 GCC GCG 非重复 GCG 非重复 CAA 非重复 GGC 非重复 CAG 非重复 GCG 非重复 CAG 非重复 GCG GGC 非重复 GGC 非重复 CAG 非重复 GGC 非重复 GGC 非重复 GCCx3 非重复x5 CAG 非重复 GGC 非重复 GGC 非重复x2 GCGx5 非重复 CAG 非重复 GCGx2 GCCx5 GCG CAA CAG CAA CAG 非重复x2 CAGx2 非重复x2 CAGx3 非重复x4 CAG 非重复x2 CAG 非重复x2 CAGx7 CAAx2 CAG 非重复 CAA 非重复 CAG CAA GCC 非重复 GCG 非重复 GGCx2 非重复 GGC 非重复 GCG 非重复 GGC 非重复 GCG 非重复 GCCx9 非重复x2 GCG 非重复 CAG 非重复 CAG 非重复 GCC 非重复 GCC 非重复 GCC 非重复 CAGx2 非重复 GCG 非重复 GCC CAA 非重复 GGC 非重复 GGC 非重复 CAA 非重复 GGC 非重复 CAA 非重复 CAA 非重复 CAG 非重复 CAG 非重复x3 CAG 非重复 GCC 非重复 CAA 非重复 CAG 非重复 GGCx2 非重复 GGC 非重复 GGC 非重复x3 GGC 非重复 GGC 非重复 GCC CAA 非重复 GGC 非重复 GGC 非重复 CAG 非重复 GCC 非重复 CAA 非重复 CAG 非重复 GGC 非重复 GGC CAG 非重复 GCG 非重复 GCC 非重复 GGC 非重复 GCC 非重复 GGC 非重复 GCC 非重复 CAG 非重复 GGC 非重复 GGC 非重复 GGC 非重复 GCG 非重复 GGC 非重复 GGC 非重复 GGC 非重复 GGC 非重复x3 CAG 非重复 CAG 非重复 GCG 非重复 CAG 非重复 CAA 非重复 GCC 非重复 GGC 非重复 GGC 非重复 GCG 非重复 GCC 非重复 GCG CAA 非重复x2 GCG 非重复 GGC CAG CAA GCC CAA 非重复 GCG 非重复 GGC 非重复 GGC 非重复 GCC 非重复 CAA 非重复 GGC 非重复 GCG 非重复 GCC 非重复 GCC 非重复 CAA GCC 非重复 GGC 非重复x5 GGC 非重复 GGC 非重复 CAG 非重复 GGC CAA 非重复 CAG 非重复 CAG 非重复 GGC 非重复 GGC 非重复 CAA 非重复 GGC 非重复 GGC GCC 非重复 GCC 非重复 GCG 非重复 CAA 非重复 GGC 非重复 GCC 非重复 GGC GCC 非重复 GCC 非重复 CAG 非重复x3 GCC 非重复 GCC GCG 非重复 CAG 非重复 GGC 非重复 GCCx2 非重复 GCC GCG 非重复 GGC 非重复 GGC 非重复 CAG 非重复 GCC 非重复 GCC 非重复 GCG CAA 非重复 GGC 非重复 GCC 非重复 CAG 非重复 GGC GCG 非重复 GGC 非重复 CAGx2 非重复 GGC 非重复 CAG 非重复 GGC 非重复 CAG 非重复 GCG 非重复 GGC 非重复 GCC 非重复 GGC 非重复 GCGx2 非重复 GGC 非重复 GCGx2 非重复 GCC 非重复 GCCx2 非重复 CAA 非重复 CAG 非重复 CAG 非重复 GGC 非重复 GGC 非重复 GGC 非重复 CAG 非重复 GCC CAA 非重复 GGC 非重复x3 GCG 非重复 GGC GCGx2 非重复 CAGx3 非重复 CAG 非重复 GCC GGC 非重复 GCC 非重复 GGC 非重复 GCG 非重复 GGC 非重复x4 CAG 非重复 GGC GCC 非重复 GCCx2 非重复 GCG 非重复 GGC 非重复 CAA 非重复 CAA 非重复 GGC CAA CAG 非重复 GCC 非重复 CAG 非重复 GCC 非重复 CAG 非重复 CAA 非重复 CAA GGC 非重复 CAG 非重复 GGC 非重复 GGC 非重复x3 CAG 非重复 GCC 非重复x3 GGC 非重复 CAG GGC 非重复 GCG 非重复
seq34_1.0	58	2394	523	281	242	CAA=32;CAG=63;GCC=65;GCG=42;GGC=79	非重复 GGCx2 非重复 CAG 非重复 CAA 非重复 GCG 非重复x3 GCC 非重复 GCC 非重复 GGC 非重复 GCC GCG 非重复 GCG 非重复 CAA 非重复 GGC 非重复 CAG 非重复 GCG 非重复 CAG 非重复 GCG GGC 非重复 GGC 非重复 CAG 非重复 GGC 非重复 GGC 非重复 GCCx3 非重复x5 CAG 非重复 GGC 非重复 GGC 非重复x2 GCGx5 非重复 CAG 非重复 GCGx2 GCCx5 GCG CAA CAG CAA CAG 非重复x2 CAG 非重复x2 CAGx3 非重复x6 CAG 非重复x2 CAGx7 CAAx2 CAG 非重复 CAA 非重复 CAG CAA GCC 非重复 GCG 非重复 GGCx2 非重复 GGC 非重复 GCG 非重复 GGC 非重复 GCG 非重复 GCCx10 非重复x2 GCG 非重复 CAG 非重复 CAG 非重复 GCC 非重复 GCC 非重复 GCC 非重复 CAGx2 非重复 GCG 非重复 GCC CAA 非重复 GGC 非重复 GGC 非重复 CAA 非重复 GGC 非重复 CAA 非重复 CAA 非重复 CAG 非重复 CAG 非重复x3 CAG 非重复 GCC 非重复 CAA 非重复 CAG 非重复 GGCx2 非重复 GGC 非重复 GGC 非重复x3 GGC 非重复 GGC 非重复 GCC CAA 非重复 GGC 非重复 GGC 非重复 CAG 非重复 GCC 非重复 CAA 非重复 CAG 非重复 GGC 非重复 GGC CAG 非重复 GCG 非重复 GCC 非重复 GGC 非重复 GCC 非重复 GGC 非重复 GCC 非重复 CAG 非重复 GGC 非重复 GGC 非重复 GGC 非重复 GCG 非重复 GGC 非重复 GGC 非重复 GGC 非重复 GGC 非重复x3 CAG 非重复 CAG 非重复 GCG 非重复 CAG 非重复 CAA 非重复 GCC 非重复 GGC 非重复 GGC 非重复 GCG 非重复 GCC 非重复 GCG CAA 非重复x2 GCG 非重复 GGC CAG CAA GCC CAA 非重复 GCG 非重复 GGC 非重复 GGC 非重复 GCC 非重复 CAA 非重复 GGC 非重复 GCG 非重复 GCC 非重复 GCC 非重复 CAA GCC 非重复 GGC 非重复x5 GGC 非重复 GGC 非重复 CAG 非重复 GGC CAA 非重复 CAG 非重复 CAG 非重复 GGC 非重复 GGC 非重复 CAA 非重复 GGC 非重复 GGC GCC 非重复 GCC 非重复 GCG 非重复 CAA 非重复 GGC 非重复 GCC 非重复 GGC GCC 非重复 GCC 非重复 CAG 非重复x3 GCC 非重复 GCC GCG 非重复 CAG 非重复 GGC 非重复 GCCx2 非重复 GCC GCG 非重复 GGC 非重复 GGC 非重复 CAG 非重复 GCC 非重复 GCC 非重复 GCG CAA 非重复 GGC 非重复 GCC 非重复 CAG 非重复 GGC GCG 非重复 GGC 非重复 CAGx2 非重复 GGC 非重复 CAG 非重复 GGC 非重复 CAG 非重复 GCG 非重复 GGC 非重复 GCC 非重复 GGC 非重复 GCGx2 非重复 GGC 非重复 GCGx2 非重复 GCC 非重复 GCCx2 非重复 CAA 非重复 CAG 非重复 CAG 非重复 GGC 非重复 GGC 非重复 GGC 非重复 CAG 非重复 GCC CAA 非重复 GGC 非重复x3 GCG 非重复 GGC GCGx2 非重复 CAGx3 非重复 CAG 非重复 GCC GGC 非重复 GCC 非重复 GGC 非重复 GCG 非重复 GGC 非重复x4 CAG 非重复 GGC GCC 非重复 GCCx2 非重复 GCG 非重复 GGC 非重复 CAA 非重复 CAA 非重复 GGC CAA CAG 非重复 GCC 非重复 CAG 非重复 GCC 非重复 CAG 非重复 CAA 非重复 CAA GGC 非重复 CAG 非重复 GGC 非重复 GGC 非重复x3 CAG 非重复 GCC 非重复x3 GGC 非重复 CAG GGC 非重复 GCG 非重复
seq35_1.0	57	2391	522	280	242	CAA=32;CAG=63;GCC=64;GCG=42;GGC=79	非重复 GGCx2 非重复 CAG 非重复 CAA 非重复 GCG 非重复x3 GCC 非重复 GCC 非重复 GGC 非重复 GCC GCG 非重复 GCG 非重复 CAA 非重复 GGC 非重复 CAG 非重复 GCG 非重复 CAG 非重复 GCG GGC 非重复 GGC 非重复 CAG 非重复 GGC 非重复 GGC 非重复 GCCx3 非重复x5 CAG 非重复 GGC 非重复 GGC 非重复x2 GCGx5 非重复 CAG 非重复 GCGx2 GCCx5 GCG CAA CAG CAA CAG 非重复x2 CAG 非重复x2 CAGx3 非重复x6 CAG 非重复x2 CAGx7 CAAx2 CAG 非重复 CAA 非重复 CAG CAA GCC 非重复 GCG 非重复 GGCx2 非重复 GGC 非重复 GCG 非重复 GGC 非重复 GCG 非重复 GCCx9 非重复x2 GCG 非重复 CAG 非重复 CAG 非重复 GCC 非重复 GCC 非重复 GCC 非重复 CAGx2 非重复 GCG 非重复 GCC CAA 非重复 GGC 非重复 GGC 非重复 CAA 非重复 GGC 非重复 CAA 非重复 CAA 非重复 CAG 非重复 CAG 非重复x3 CAG 非重复 GCC 非重复 CAA 非重复 CAG 非重复 GGCx2 非重复 GGC 非重复 GGC 非重复x3 GGC 非重复 GGC 非重复 GCC CAA 非重复 GGC 非重复 GGC 非重复 CAG 非重复 GCC 非重复 CAA 非重复 CAG 非重复 GGC 非重复 GGC CAG 非重复 GCG 非重复 GCC 非重复 GGC 非重复 GCC 非重复 GGC 非重复 GCC 非重复 CAG 非重复 GGC 非重复 GGC 非重复 GGC 非重复 GCG 非重复 GGC 非重复 GGC 非重复 GGC 非重复 GGC 非重复x3 CAG 非重复 CAG 非重复 GCG 非重复 CAG 非重复 CAA 非重复 GCC 非重复 GGC 非重复 GGC 非重复 GCG 非重复 GCC 非重复 GCG CAA 非重复x2 GCG 非重复 GGC CAG CAA GCC CAA 非重复 GCG 非重复 GGC 非重复 GGC 非重复 GCC 非重复 CAA 非重复 GGC 非重复 GCG 非重复 GCC 非重复 GCC 非重复 CAA GCC 非重复 GGC 非重复x5 GGC 非重复 GGC 非重复 CAG 非重复 GGC CAA 非重复 CAG 非重复 CAG 非重复 GGC 非重复 GGC 非重复 CAA 非重复 GGC 非重复 GGC GCC 非重复 GCC 非重复 GCG 非重复 CAA 非重复 GGC 非重复 GCC 非重复 GGC GCC 非重复 GCC 非重复 CAG 非重复x3 GCC 非重复 GCC GCG 非重复 CAG 非重复 GGC 非重复 GCCx2 非重复 GCC GCG 非重复 GGC 非重复 GGC 非重复 CAG 非重复 GCC 非重复 GCC 非重复 GCG CAA 非重复 GGC 非重复 GCC 非重复 CAG 非重复 GGC GCG 非重复 GGC 非重复 CAGx2 非重复 GGC 非重复 CAG 非重复 GGC 非重复 CAG 非重复 GCG 非重复 GGC 非重复 GCC 非重复 GGC 非重复 GCGx2 非重复 GGC 非重复 GCGx2 非重复 GCC 非重复 GCCx2 非重复 CAA 非重复 CAG 非重复 CAG 非重复 GGC 非重复 GGC 非重复 GGC 非重复 CAG 非重复 GCC CAA 非重复 GGC 非重复x3 GCG 非重复 GGC GCGx2 非重复 CAGx3 非重复 CAG 非重复 GCC GGC 非重复 GCC 非重复 GGC 非重复 GCG 非重复 GGC 非重复x4 CAG 非重复 GGC GCC 非重复 GCCx2 非重复 GCG 非重复 GGC 非重复 CAA 非重复 CAA 非重复 GGC CAA CAG 非重复 GCC 非重复 CAG 非重复 GCC 非重复 CAG 非重复 CAA 非重复 CAA GGC 非重复 CAG 非重复 GGC 非重复 GGC 非重复x3 CAG 非重复 GCC 非重复x3 GGC 非重复 CAG GGC 非重复 GCG 非重复
seq36_1.0	55	2385	519	279	240	CAA=33;CAG=61;GCC=64;GCG=42;GGC=79	非重复 GGCx2 非重复 CAG 非重复 CAA 非重复 GCG 非重复x3 GCC 非重复 GCC 非重复 GGC 非重复 GCC GCG 非重复 GCG 非重复 CAA 非重复 GGC 非重复 CAG 非重复 GCG 非重复 CAG 非重复 GCG GGC 非重复 GGC 非重复 CAG 非重复 GGC 非重复 GGC 非重复 GCCx3 非重复x5 CAG 非重复 GGC 非重复 GGC 非重复x2 GCGx5 非重复 CAG 非重复 GCGx2 GCCx5 GCG CAA CAG CAA CAG 非重复x2 CAG 非重复x4 CAG 非重复x2 CAG CAA 非重复x2 CAGx7 CAAx2 CAG 非重复 CAA 非重复 CAG CAA GCC 非重复 GCG 非重复 GGCx2 非重复 GGC 非重复 GCG 非重复 GGC 非重复 GCG 非重复 GCCx9 非重复x2 GCG 非重复 CAG 非重复 CAG 非重复 GCC 非重复 GCC 非重复 GCC 非重复 CAGx2 非重复 GCG 非重复 GCC CAA 非重复 GGC 非重复 GGC 非重复 CAA 非重复 GGC 非重复 CAA 非重复 CAA 非重复 CAG 非重复 CAG 非重复x3 CAG 非重复 GCC 非重复 CAA 非重复 CAG 非重复 GGCx2 非重复 GGC 非重复 GGC 非重复x3 GGC 非重复 GGC 非重复 GCC CAA 非重复 GGC 非重复 GGC 非重复 CAG 非重复 GCC 非重复 CAA 非重复 CAG 非重复 GGC 非重复 GGC CAG 非重复 GCG 非重复 GCC 非重复 GGC 非重复 GCC 非重复 GGC 非重复 GCC 非重复 CAG 非重复 GGC 非重复 GGC 非重复 GGC 非重复 GCG 非重复 GGC 非重复 GGC 非重复 GGC 非重复 GGC 非重复x3 CAG 非重复 CAG 非重复 GCG 非重复 CAG 非重复 CAA 非重复 GCC 非重复 GGC 非重复 GGC 非重复 GCG 非重复 GCC 非重复 GCG CAA 非重复x2 GCG 非重复 GGC CAG CAA GCC CAA 非重复 GCG 非重复 GGC 非重复 GGC 非重复 GCC 非重复 CAA 非重复 GGC 非重复 GCG 非重复 GCC 非重复 GCC 非重复 CAA GCC 非重复 GGC 非重复x5 GGC 非重复 GGC 非重复 CAG 非重复 GGC CAA 非重复 CAG 非重复 CAG 非重复 GGC 非重复 GGC 非重复 CAA 非重复 GGC 非重复 GGC GCC 非重复 GCC 非重复 GCG 非重复 CAA 非重复 GGC 非重复 GCC 非重复 GGC GCC 非重复 GCC 非重复 CAG 非重复x3 GCC 非重复 GCC GCG 非重复 CAG 非重复 GGC 非重复 GCCx2 非重复 GCC GCG 非重复 GGC 非重复 GGC 非重复 CAG 非重复 GCC 非重复 GCC 非重复 GCG CAA 非重复 GGC 非重复 GCC 非重复 CAG 非重复 GGC GCG 非重复 GGC 非重复 CAGx2 非重复 GGC 非重复 CAG 非重复 GGC 非重复 CAG 非重复 GCG 非重复 GGC 非重复 GCC 非重复 GGC 非重复 GCGx2 非重复 GGC 非重复 GCGx2 非重复 GCC 非重复 GCCx2 非重复 CAA 非重复 CAG 非重复 CAG 非重复 GGC 非重复 GGC 非重复 GGC 非重复 CAG 非重复 GCC CAA 非重复 GGC 非重复x3 GCG 非重复 GGC GCGx2 非重复 CAGx3 非重复 CAG 非重复 GCC GGC 非重复 GCC 非重复 GGC 非重复 GCG 非重复 GGC 非重复x4 CAG 非重复 GGC GCC 非重复 GCCx2 非重复 GCG 非重复 GGC 非重复 CAA 非重复 CAA 非重复 GGC CAA CAG 非重复 GCC 非重复 CAG 非重复 GCC 非重复 CAG 非重复 CAA 非重复 CAA GGC 非重复 CAG 非重复 GGC 非重复 GGC 非重复x3 CAG 非重复 GCC 非重复x3 GGC 非重复 CAG GGC 非重复 GCG 非重复
seq37_1.0	57	2391	521	281	240	CAA=33;CAG=62;GCC=65;GCG=42;GGC=79	非重复 GGCx2 非重复 CAG 非重复 CAA 非重复 GCG 非重复x3 GCC 非重复 GCC 非重复 GGC 非重复 GCC GCG 非重复 GCG 非重复 CAA 非重复 GGC 非重复 CAG 非重复 GCG 非重复 CAG 非重复 GCG GGC 非重复 GGC 非重复 CAG 非重复 GGC 非重复 GGC 非重复 GCCx3 非重复x5 CAG 非重复 GGC 非重复 GGC 非重复x2 GCGx5 非重复 CAG 非重复 GCGx2 GCCx5 GCG CAA CAG CAA CAG 非重复x2 CAGx2 非重复x4 CAG 非重复x2 CAG CAA 非重复x2 CAGx7 CAAx2 CAG 非重复 CAA 非重复 CAG CAA GCC 非重复 GCG 非重复 GGCx2 非重复 GGC 非重复 GCG 非重复 GGC 非重复 GCG 非重复 GCCx10 非重复x2 GCG 非重复 CAG 非重复 CAG 非重复 GCC 非重复 GCC 非重复 GCC 非重复 CAGx2 非重复 GCG 非重复 GCC CAA 非重复 GGC 非重复 GGC 非重复 CAA 非重复 GGC 非重复 CAA 非重复 CAA 非重复 CAG 非重复 CAG 非重复x3 CAG 非重复 GCC 非重复 CAA 非重复 CAG 非重复 GGCx2 非重复 GGC 非重复 GGC 非重复x3 GGC 非重复 GGC 非重复 GCC CAA 非重复 GGC 非重复 GGC 非重复 CAG 非重复 GCC 非重复 CAA 非重复 CAG 非重复 GGC 非重复 GGC CAG 非重复 GCG 非重复 GCC 非重复 GGC 非重复 GCC 非重复 GGC 非重复 GCC 非重复 CAG 非重复 GGC 非重复 GGC 非重复 GGC 非重复 GCG 非重复 GGC 非重复 GGC 非重复 GGC 非重复 GGC 非重复x3 CAG 非重复 CAG 非重复 GCG 非重复 CAG 非重复 CAA 非重复 GCC 非重复 GGC 非重复 GGC 非重复 GCG 非重复 GCC 非重复 GCG CAA 非重复x2 GCG 非重复 GGC CAG CAA GCC CAA 非重复 GCG 非重复 GGC 非重复 GGC 非重复 GCC 非重复 CAA 非重复 GGC 非重复 GCG 非重复 GCC 非重复 GCC 非重复 CAA GCC 非重复 GGC 非重复x5 GGC 非重复 GGC 非重复 CAG 非重复 GGC CAA 非重复 CAG 非重复 CAG 非重复 GGC 非重复 GGC 非重复 CAA 非重复 GGC 非重复 GGC GCC 非重复 GCC 非重复 GCG 非重复 CAA 非重复 GGC 非重复 GCC 非重复 GGC GCC 非重复 GCC 非重复 CAG 非重复x3 GCC 非重复 GCC GCG 非重复 CAG 非重复 GGC 非重复 GCCx2 非重复 GCC GCG 非重复 GGC 非重复 GGC 非重复 CAG 非重复 GCC 非重复 GCC 非重复 GCG CAA 非重复 GGC 非重复 GCC 非重复 CAG 非重复 GGC GCG 非重复 GGC 非重复 CAGx2 非重复 GGC 非重复 CAG 非重复 GGC 非重复 CAG 非重复 GCG 非重复 GGC 非重复 GCC 非重复 GGC 非重复 GCGx2 非重复 GGC 非重复 GCGx2 非重复 GCC 非重复 GCCx2 非重复 CAA 非重复 CAG 非重复 CAG 非重复 GGC 非重复 GGC 非重复 GGC 非重复 CAG 非重复 GCC CAA 非重复 GGC 非重复x3 GCG 非重复 GGC GCGx2 非重复 CAGx3 非重复 CAG 非重复 GCC GGC 非重复 GCC 非重复 GGC 非重复 GCG 非重复 GGC 非重复x4 CAG 非重复 GGC GCC 非重复 GCCx2 非重复 GCG 非重复 GGC 非重复 CAA 非重复 CAA 非重复 GGC CAA CAG 非重复 GCC 非重复 CAG 非重复 GCC 非重复 CAG 非重复 CAA 非重复 CAA GGC 非重复 CAG 非重复 GGC 非重复 GGC 非重复x3 CAG 非重复 GCC 非重复x3 GGC 非重复 CAG GGC 非重复 GCG 非重复
seq38_1.0	60	2400	525	283	242	CAA=33;CAG=65;GCC=64;GCG=42;GGC=79	非重复 GGCx2 非重复 CAG 非重复 CAA 非重复 GCG 非重复x3 GCC 非重复 GCC 非重复 GGC 非重复 GCC GCG 非重复 GCG 非重复 CAA 非重复 GGC 非重复 CAG 非重复 GCG 非重复 CAG 非重复 GCG GGC 非重复 GGC 非重复 CAG 非重复 GGC 非重复 GGC 非重复 GCCx3 非重复x5 CAG 非重复 GGC 非重复 GGC 非重复x2 GCGx5 非重复 CAG 非重复 GCGx2 GCCx5 GCG CAA CAG CAA CAG 非重复x2 CAGx2 非重复x2 CAGx3 非重复x4 CAG 非重复x2 CAG CAA 非重复x2 CAGx7 CAAx2 CAG 非重复 CAA 非重复 CAG CAA GCC 非重复 GCG 非重复 GGCx2 非重复 GGC 非重复 GCG 非重复 GGC 非重复 GCG 非重复 GCCx9 非重复x2 GCG 非重复 CAG 非重复 CAG 非重复 GCC 非重复 GCC 非重复 GCC 非重复 CAGx2 非重复 GCG 非重复 GCC CAA 非重复 GGC 非重复 GGC 非重复 CAA 非重复 GGC 非重复 CAA 非重复 CAA 非重复 CAG 非重复 CAG 非重复x3 CAG 非重复 GCC 非重复 CAA 非重复 CAG 非重复 GGCx2 非重复 GGC 非重复 GGC 非重复x3 GGC 非重复 GGC 非重复 GCC CAA 非重复 GGC 非重复 GGC 非重复 CAG 非重复 GCC 非重复 CAA 非重复 CAG 非重复 GGC 非重复 GGC CAG 非重复 GCG 非重复 GCC 非重复 GGC 非重复 GCC 非重复 GGC 非重复 GCC 非重复 CAG 非重复 GGC 非重复 GGC 非重复 GGC 非重复 GCG 非重复 GGC 非重复 GGC 非重复 GGC 非重复 GGC 非重复x3 CAG 非重复 CAG 非重复 GCG 非重复 CAG 非重复 CAA 非重复 GCC 非重复 GGC 非重复 GGC 非重复 GCG 非重复 GCC 非重复 GCG CAA 非重复x2 GCG 非重复 GGC CAG CAA GCC CAA 非重复 GCG 非重复 GGC 非重复 GGC 非重复 GCC 非重复 CAA 非重复 GGC 非重复 GCG 非重复 GCC 非重复 GCC 非重复 CAA GCC 非重复 GGC 非重复x5 GGC 非重复 GGC 非重复 CAG 非重复 GGC CAA 非重复 CAG 非重复 CAG 非重复 GGC 非重复 GGC 非重复 CAA 非重复 GGC 非重复 GGC GCC 非重复 GCC 非重复 GCG 非重复 CAA 非重复 GGC 非重复 GCC 非重复 GGC GCC 非重复 GCC 非重复 CAG 非重复x3 GCC 非重复 GCC GCG 非重复 CAG 非重复 GGC 非重复 GCCx2 非重复 GCC GCG 非重复 GGC 非重复 GGC 非重复 CAG 非重复 GCC 非重复 GCC 非重复 GCG CAA 非重复 GGC 非重复 GCC 非重复 CAG 非重复 GGC GCG 非重复 GGC 非重复 CAGx2 非重复 GGC 非重复 CAG 非重复 GGC 非重复 CAG 非重复 GCG 非重复 GGC 非重复 GCC 非重复 GGC 非重复 GCGx2 非重复 GGC 非重复 GCGx2 非重复 GCC 非重复 GCCx2 非重复 CAA 非重复 CAG 非重复 CAG 非重复 GGC 非重复 GGC 非重复 GGC 非重复 CAG 非重复 GCC CAA 非重复 GGC 非重复x3 GCG 非重复 GGC GCGx2 非重复 CAGx3 非重复 CAG 非重复 GCC GGC 非重复 GCC 非重复 GGC 非重复 GCG 非重复 GGC 非重复x4 CAG 非重复 GGC GCC 非重复 GCCx2 非重复 GCG 非重复 GGC 非重复 CAA 非重复 CAA 非重复 GGC CAA CAG 非重复 GCC 非重复 CAG 非重复 GCC 非重复 CAG 非重复 CAA 非重复 CAA GGC 非重复 CAG 非重复 GGC 非重复 GGC 非重复x3 CAG 非重复 GCC 非重复x3 GGC 非重复 CAG GGC 非重复 GCG 非重复
seq39_1.0	52	2379	516	278	238	CAA=33;CAG=60;GCC=64;GCG=42;GGC=79	非重复 GGCx2 非重复 CAG 非重复 CAA 非重复 GCG 非重复x3 GCC 非重复 GCC 非重复 GGC 非重复 GCC GCG 非重复 GCG 非重复 CAA 非重复 GGC 非重复 CAG 非重复 GCG 非重复 CAG 非重复 GCG GGC 非重复 GGC 非重复 CAG 非重复 GGC 非重复 GGC 非重复 GCCx3 非重复x5 CAG 非重复 GGC 非重复 GGC 非重复x2 GCGx5 非重复 CAG 非重复 GCGx2 GCCx5 GCG CAA CAG CAA CAG 非重复x2 CAG 非重复x4 CAG CAA 非重复x2 CAGx7 CAAx2 CAG 非重复 CAA 非重复 CAG CAA GCC 非重复 GCG 非重复 GGCx2 非重复 GGC 非重复 GCG 非重复 GGC 非重复 GCG 非重复 GCCx9 非重复x2 GCG 非重复 CAG 非重复 CAG 非重复 GCC 非重复 GCC 非重复 GCC 非重复 CAGx2 非重复 GCG 非重复 GCC CAA 非重复 GGC 非重复 GGC 非重复 CAA 非重复 GGC 非重复 CAA 非重复 CAA 非重复 CAG 非重复 CAG 非重复x3 CAG 非重复 GCC 非重复 CAA 非重复 CAG 非重复 GGCx2 非重复 GGC 非重复 GGC 非重复x3 GGC 非重复 GGC 非重复 GCC CAA 非重复 GGC 非重复 GGC 非重复 CAG 非重复 GCC 非重复 CAA 非重复 CAG 非重复 GGC 非重复 GGC CAG 非重复 GCG 非重复 GCC 非重复 GGC 非重复 GCC 非重复 GGC 非重复 GCC 非重复 CAG 非重复 GGC 非重复 GGC 非重复 GGC 非重复 GCG 非重复 GGC 非重复 GGC 非重复 GGC 非重复 GGC 非重复x3 CAG 非重复 CAG 非重复 GCG 非重复 CAG 非重复 CAA 非重复 GCC 非重复 GGC 非重复 GGC 非重复 GCG 非重复 GCC 非重复 GCG CAA 非重复x2 GCG 非重复 GGC CAG CAA GCC CAA 非重复 GCG 非重复 GGC 非重复 GGC 非重复 GCC 非重复 CAA 非重复 GGC 非重复 GCG 非重复 GCC 非重复 GCC 非重复 CAA GCC 非重复 GGC 非重复x5 GGC 非重复 GGC 非重复 CAG 非重复 GGC CAA 非重复 CAG 非重复 CAG 非重复 GGC 非重复 GGC 非重复 CAA 非重复 GGC 非重复 GGC GCC 非重复 GCC 非重复 GCG 非重复 CAA 非重复 GGC 非重复 GCC 非重复 GGC GCC 非重复 GCC 非重复 CAG 非重复x3 GCC 非重复 GCC GCG 非重复 CAG 非重复 GGC 非重复 GCCx2 非重复 GCC GCG 非重复 GGC 非重复 GGC 非重复 CAG 非重复 GCC 非重复 GCC 非重复 GCG CAA 非重复 GGC 非重复 GCC 非重复 CAG 非重复 GGC GCG 非重复 GGC 非重复 CAGx2 非重复 GGC 非重复 CAG 非重复 GGC 非重复 CAG 非重复 GCG 非重复 GGC 非重复 GCC 非重复 GGC 非重复 GCGx2 非重复 GGC 非重复 GCGx2 非重复 GCC 非重复 GCCx2 非重复 CAA 非重复 CAG 非重复 CAG 非重复 GGC 非重复 GGC 非重复 GGC 非重复 CAG 非重复 GCC CAA 非重复 GGC 非重复x3 GCG 非重复 GGC GCGx2 非重复 CAGx3 非重复 CAG 非重复 GCC GGC 非重复 GCC 非重复 GGC 非重复 GCG 非重复 GGC 非重复x4 CAG 非重复 GGC GCC 非重复 GCCx2 非重复 GCG 非重复 GGC 非重复 CAA 非重复 CAA 非重复 GGC CAA CAG 非重复 GCC 非重复 CAG 非重复 GCC 非重复 CAG 非重复 CAA 非重复 CAA GGC 非重复 CAG 非重复 GGC 非重复 GGC 非重复x3 CAG 非重复 GCC 非重复x3 GGC 非重复 CAG GGC 非重复 GCG 非重复
seq40_1.0	56	2391	521	281	240	CAA=33;CAG=63;GCC=64;GCG=42;GGC=79	非重复 GGCx2 非重复 CAG 非重复 CAA 非重复 GCG 非重复x3 GCC 非重复 GCC 非重复 GGC 非重复 GCC GCG 非重复 GCG 非重复 CAA 非重复 GGC 非重复 CAG 非重复 GCG 非重复 CAG 非重复 GCG GGC 非重复 GGC 非重复 CAG 非重复 GGC 非重复 GGC 非重复 GCCx3 非重复x5 CAG 非重复 GGC 非重复 GGC 非重复x2 GCGx5 非重复 CAG 非重复 GCGx2 GCCx5 GCG CAA CAG CAA CAG 非重复x2 CAG 非重复x2 CAGx3 非重复x4 CAG CAA 非重复x2 CAGx7 CAAx2 CAG 非重复 CAA 非重复 CAG CAA GCC 非重复 GCG 非重复 GGCx2 非重复 GGC 非重复 GCG 非重复 GGC 非重复 GCG 非重复 GCCx9 非重复x2 GCG 非重复 CAG 非重复 CAG 非重复 GCC 非重复 GCC 非重复 GCC 非重复 CAGx2 非重复 GCG 非重复 GCC CAA 非重复 GGC 非重复 GGC 非重复 CAA 非重复 GGC 非重复 CAA 非重复 CAA 非重复 CAG 非重复 CAG 非重复x3 CAG 非重复 GCC 非重复 CAA 非重复 CAG 非重复 GGCx2 非重复 GGC 非重复 GGC 非重复x3 GGC 非重复 GGC 非重复 GCC CAA 非重复 GGC 非重复 GGC 非重复 CAG 非重复 GCC 非重复 CAA 非重复 CAG 非重复 GGC 非重复 GGC CAG 非重复 GCG 非重复 GCC 非重复 GGC 非重复 GCC 非重复 GGC 非重复 GCC 非重复 CAG 非重复 GGC 非重复 GGC 非重复 GGC 非重复 GCG 非重复 GGC 非重复 GGC 非重复 GGC 非重复 GGC 非重复x3 CAG 非重复 CAG 非重复 GCG 非重复 CAG 非重复 CAA 非重复 GCC 非重复 GGC 非重复 GGC 非重复 GCG 非重复 GCC 非重复 GCG CAA 非重复x2 GCG 非重复 GGC CAG CAA GCC CAA 非重复 GCG 非重复 GGC 非重复 GGC 非重复 GCC 非重复 CAA 非重复 GGC 非重复 GCG 非重复 GCC 非重复 GCC 非重复 CAA GCC 非重复 GGC 非重复x5 GGC 非重复 GGC 非重复 CAG 非重复 GGC CAA 非重复 CAG 非重复 CAG 非重复 GGC 非重复 GGC 非重复 CAA 非重复 GGC 非重复 GGC GCC 非重复 GCC 非重复 GCG 非重复 CAA 非重复 GGC 非重复 GCC 非重复 GGC GCC 非重复 GCC 非重复 CAG 非重复x3 GCC 非重复 GCC GCG 非重复 CAG 非重复 GGC 非重复 GCCx2 非重复 GCC GCG 非重复 GGC 非重复 GGC 非重复 CAG 非重复 GCC 非重复 GCC 非重复 GCG CAA 非重复 GGC 非重复 GCC 非重复 CAG 非重复 GGC GCG 非重复 GGC 非重复 CAGx2 非重复 GGC 非重复 CAG 非重复 GGC 非重复 CAG 非重复 GCG 非重复 GGC 非重复 GCC 非重复 GGC 非重复 GCGx2 非重复 GGC 非重复 GCGx2 非重复 GCC 非重复 GCCx2 非重复 CAA 非重复 CAG 非重复 CAG 非重复 GGC 非重复 GGC 非重复 GGC 非重复 CAG 非重复 GCC CAA 非重复 GGC 非重复x3 GCG 非重复 GGC GCGx2 非重复 CAGx3 非重复 CAG 非重复 GCC GGC 非重复 GCC 非重复 GGC 非重复 GCG 非重复 GGC 非重复x4 CAG 非重复 GGC GCC 非重复 GCCx2 非重复 GCG 非重复 GGC 非重复 CAA 非重复 CAA 非重复 GGC CAA CAG 非重复 GCC 非重复 CAG 非重复 GCC 非重复 CAG 非重复 CAA 非重复 CAA GGC 非重复 CAG 非重复 GGC 非重复 GGC 非重复x3 CAG 非重复 GCC 非重复x3 GGC 非重复 CAG GGC 非重复 GCG 非重复
seq41_1.0	53	2382	517	279	238	CAA=33;CAG=61;GCC=64;GCG=42;GGC=79	非重复 GGCx2 非重复 CAG 非重复 CAA 非重复 GCG 非重复x3 GCC 非重复 GCC 非重复 GGC 非重复 GCC GCG 非重复 GCG 非重复 CAA 非重复 GGC 非重复 CAG 非重复 GCG 非重复 CAG 非重复 GCG GGC 非重复 GGC 非重复 CAG 非重复 GGC 非重复 GGC 非重复 GCCx3 非重复x5 CAG 非重复 GGC 非重复 GGC 非重复x2 GCGx5 非重复 CAG 非重复 GCGx2 GCCx5 GCG CAA CAG CAA CAG 非重复x2 CAGx2 非重复x4 CAG CAA 非重复x2 CAGx7 CAAx2 CAG 非重复 CAA 非重复 CAG CAA GCC 非重复 GCG 非重复 GGCx2 非重复 GGC 非重复 GCG 非重复 GGC 非重复 GCG 非重复 GCCx9 非重复x2 GCG 非重复 CAG 非重复 CAG 非重复 GCC 非重复 GCC 非重复 GCC 非重复 CAGx2 非重复 GCG 非重复 GCC CAA 非重复 GGC 非重复 GGC 非重复 CAA 非重复 GGC 非重复 CAA 非重复 CAA 非重复 CAG 非重复 CAG 非重复x3 CAG 非重复 GCC 非重复 CAA 非重复 CAG 非重复 GGCx2 非重复 GGC 非重复 GGC 非重复x3 GGC 非重复 GGC 非重复 GCC CAA 非重复 GGC 非重复 GGC 非重复 CAG 非重复 GCC 非重复 CAA 非重复 CAG 非重复 GGC 非重复 GGC CAG 非重复 GCG 非重复 GCC 非重复 GGC 非重复 GCC 非重复 GGC 非重复 GCC 非重复 CAG 非重复 GGC 非重复 GGC 非重复 GGC 非重复 GCG 非重复 GGC 非重复 GGC 非重复 GGC 非重复 GGC 非重复x3 CAG 非重复 CAG 非重复 GCG 非重复 CAG 非重复 CAA 非重复 GCC 非重复 GGC 非重复 GGC 非重复 GCG 非重复 GCC 非重复 GCG CAA 非重复x2 GCG 非重复 GGC CAG CAA GCC CAA 非重复 GCG 非重复 GGC 非重复 GGC 非重复 GCC 非重复 CAA 非重复 GGC 非重复 GCG 非重复 GCC 非重复 GCC 非重复 CAA GCC 非重复 GGC 非重复x5 GGC 非重复 GGC 非重复 CAG 非重复 GGC CAA 非重复 CAG 非重复 CAG 非重复 GGC 非重复 GGC 非重复 CAA 非重复 GGC 非重复 GGC GCC 非重复 GCC 非重复 GCG 非重复 CAA 非重复 GGC 非重复 GCC 非重复 GGC GCC 非重复 GCC 非重复 CAG 非重复x3 GCC 非重复 GCC GCG 非重复 CAG 非重复 GGC 非重复 GCCx2 非重复 GCC GCG 非重复 GGC 非重复 GGC 非重复 CAG 非重复 GCC 非重复 GCC 非重复 GCG CAA 非重复 GGC 非重复 GCC 非重复 CAG 非重复 GGC GCG 非重复 GGC 非重复 CAGx2 非重复 GGC 非重复 CAG 非重复 GGC 非重复 CAG 非重复 GCG 非重复 GGC 非重复 GCC 非重复 GGC 非重复 GCGx2 非重复 GGC 非重复 GCGx2 非重复 GCC 非重复 GCCx2 非重复 CAA 非重复 CAG 非重复 CAG 非重复 GGC 非重复 GGC 非重复 GGC 非重复 CAG 非重复 GCC CAA 非重复 GGC 非重复x3 GCG 非重复 GGC GCGx2 非重复 CAGx3 非重复 CAG 非重复 GCC GGC 非重复 GCC 非重复 GGC 非重复 GCG 非重复 GGC 非重复x4 CAG 非重复 GGC GCC 非重复 GCCx2 非重复 GCG 非重复 GGC 非重复 CAA 非重复 CAA 非重复 GGC CAA CAG 非重复 GCC 非重复 CAG 非重复 GCC 非重复 CAG 非重复 CAA 非重复 CAA GGC 非重复 CAG 非重复 GGC 非重复 GGC 非重复x3 CAG 非重复 GCC 非重复x3 GGC 非重复 CAG GGC 非重复 GCG 非重复
seq42_1.0	55	2385	519	279	240	CAA=33;CAG=61;GCC=64;GCG=42;GGC=79	非重复 GGCx2 非重复 CAG 非重复 CAA 非重复 GCG 非重复x3 GCC 非重复 GCC 非重复 GGC 非重复 GCC GCG 非重复 GCG 非重复 CAA 非重复 GGC 非重复 CAG 非重复 GCG 非重复 CAG 非重复 GCG GGC 非重复 GGC 非重复 CAG 非重复 GGC 非重复 GGC 非重复 GCCx3 非重复x5 CAG 非重复 GGC 非重复 GGC 非重复x2 GCGx5 非重复 CAG 非重复 GCGx2 GCCx5 GCG CAA CAG CAA CAG 非重复x2 CAG 非重复x4 CAG 非重复x2 CAG CAA 非重复x2 CAGx7 CAAx2 CAG 非重复 CAA 非重复 CAG CAA GCC 非重复 GCG 非重复 GGCx2 非重复 GGC 非重复 GCG 非重复 GGC 非重复 GCG 非重复 GCCx9 非重复x2 GCG 非重复 CAG 非重复 CAG 非重复 GCC 非重复 GCC 非重复 GCC 非重复 CAGx2 非重复 GCG 非重复 GCC CAA 非重复 GGC 非重复 GGC 非重复 CAA 非重复 GGC 非重复 CAA 非重复 CAA 非重复 CAG 非重复 CAG 非重复x3 CAG 非重复 GCC 非重复 CAA 非重复 CAG 非重复 GGCx2 非重复 GGC 非重复 GGC 非重复x3 GGC 非重复 GGC 非重复 GCC CAA 非重复 GGC 非重复 GGC 非重复 CAG 非重复 GCC 非重复 CAA 非重复 CAG 非重复 GGC 非重复 GGC CAG 非重复 GCG 非重复 GCC 非重复 GGC 非重复 GCC 非重复 GGC 非重复 GCC 非重复 CAG 非重复 GGC 非重复 GGC 非重复 GGC 非重复 GCG 非重复 GGC 非重复 GGC 非重复 GGC 非重复 GGC 非重复x3 CAG 非重复 CAG 非重复 GCG 非重复 CAG 非重复 CAA 非重复 GCC 非重复 GGC 非重复 GGC 非重复 GCG 非重复 GCC 非重复 GCG CAA 非重复x2 GCG 非重复 GGC CAG CAA GCC CAA 非重复 GCG 非重复 GGC 非重复 GGC 非重复 GCC 非重复 CAA 非重复 GGC 非重复 GCG 非重复 GCC 非重复 GCC 非重复 CAA GCC 非重复 GGC 非重复x5 GGC 非重复 GGC 非重复 CAG 非重复 GGC CAA 非重复 CAG 非重复 CAG 非重复 GGC 非重复 GGC 非重复 CAA 非重复 GGC 非重复 GGC GCC 非重复 GCC 非重复 GCG 非重复 CAA 非重复 GGC 非重复 GCC 非重复 GGC GCC 非重复 GCC 非重复 CAG 非重复x3 GCC 非重复 GCC GCG 非重复 CAG 非重复 GGC 非重复 GCCx2 非重复 GCC GCG 非重复 GGC 非重复 GGC 非重复 CAG 非重复 GCC 非重复 GCC 非重复 GCG CAA 非重复 GGC 非重复 GCC 非重复 CAG 非重复 GGC GCG 非重复 GGC 非重复 CAGx2 非重复 GGC 非重复 CAG 非重复 GGC 非重复 CAG 非重复 GCG 非重复 GGC 非重复 GCC 非重复 GGC 非重复 GCGx2 非重复 GGC 非重复 GCGx2 非重复 GCC 非重复 GCCx2 非重复 CAA 非重复 CAG 非重复 CAG 非重复 GGC 非重复 GGC 非重复 GGC 非重复 CAG 非重复 GCC CAA 非重复 GGC 非重复x3 GCG 非重复 GGC GCGx2 非重复 CAGx3 非重复 CAG 非重复 GCC GGC 非重复 GCC 非重复 GGC 非重复 GCG 非重复 GGC 非重复x4 CAG 非重复 GGC GCC 非重复 GCCx2 非重复 GCG 非重复 GGC 非重复 CAA 非重复 CAA 非重复 GGC CAA CAG 非重复 GCC 非重复 CAG 非重复 GCC 非重复 CAG 非重复 CAA 非重复 CAA GGC 非重复 CAG 非重复 GGC 非重复 GGC 非重复x3 CAG 非重复 GCC 非重复x3 GGC 非重复 CAG GGC 非重复 GCG 非重复
seq43_1.0	56	2388	520	280	240	CAA=33;CAG=62;GCC=64;GCG=42;GGC=79	非重复 GGCx2 非重复 CAG 非重复 CAA 非重复 GCG 非重复x3 GCC 非重复 GCC 非重复 GGC 非重复 GCC GCG 非重复 GCG 非重复 CAA 非重复 GGC 非重复 CAG 非重复 GCG 非重复 CAG 非重复 GCG GGC 非重复 GGC 非重复 CAG 非重复 GGC 非重复 GGC 非重复 GCCx3 非重复x5 CAG 非重复 GGC 非重复 GGC 非重复x2 GCGx5 非重复 CAG 非重复 GCGx2 GCCx5 GCG CAA CAG CAA CAG 非重复x2 CAGx2 非重复x4 CAG 非重复x2 CAG CAA 非重复x2 CAGx7 CAAx2 CAG 非重复 CAA 非重复 CAG CAA GCC 非重复 GCG 非重复 GGCx2 非重复 GGC 非重复 GCG 非重复 GGC 非重复 GCG 非重复 GCCx9 非重复x2 GCG 非重复 CAG 非重复 CAG 非重复 GCC 非重复 GCC 非重复 GCC 非重复 CAGx2 非重复 GCG 非重复 GCC CAA 非重复 GGC 非重复 GGC 非重复 CAA 非重复 GGC 非重复 CAA 非重复 CAA 非重复 CAG 非重复 CAG 非重复x3 CAG 非重复 GCC 非重复 CAA 非重复 CAG 非重复 GGCx2 非重复 GGC 非重复 GGC 非重复x3 GGC 非重复 GGC 非重复 GCC CAA 非重复 GGC 非重复 GGC 非重复 CAG 非重复 GCC 非重复 CAA 非重复 CAG 非重复 GGC 非重复 GGC CAG 非重复 GCG 非重复 GCC 非重复 GGC 非重复 GCC 非重复 GGC 非重复 GCC 非重复 CAG 非重复 GGC 非重复 GGC 非重复 GGC 非重复 GCG 非重复 GGC 非重复 GGC 非重复 GGC 非重复 GGC 非重复x3 CAG 非重复 CAG 非重复 GCG 非重复 CAG 非重复 CAA 非重复 GCC 非重复 GGC 非重复 GGC 非重复 GCG 非重复 GCC 非重复 GCG CAA 非重复x2 GCG 非重复 GGC CAG CAA GCC CAA 非重复 GCG 非重复 GGC 非重复 GGC 非重复 GCC 非重复 CAA 非重复 GGC 非重复 GCG 非重复 GCC 非重复 GCC 非重复 CAA GCC 非重复 GGC 非重复x5 GGC 非重复 GGC 非重复 CAG 非重复 GGC CAA 非重复 CAG 非重复 CAG 非重复 GGC 非重复 GGC 非重复 CAA 非重复 GGC 非重复 GGC GCC 非重复 GCC 非重复 GCG 非重复 CAA 非重复 GGC 非重复 GCC 非重复 GGC GCC 非重复 GCC 非重复 CAG 非重复x3 GCC 非重复 GCC GCG 非重复 CAG 非重复 GGC 非重复 GCCx2 非重复 GCC GCG 非重复 GGC 非重复 GGC 非重复 CAG 非重复 GCC 非重复 GCC 非重复 GCG CAA 非重复 GGC 非重复 GCC 非重复 CAG 非重复 GGC GCG 非重复 GGC 非重复 CAGx2 非重复 GGC 非重复 CAG 非重复 GGC 非重复 CAG 非重复 GCG 非重复 GGC 非重复 GCC 非重复 GGC 非重复 GCGx2 非重复 GGC 非重复 GCGx2 非重复 GCC 非重复 GCCx2 非重复 CAA 非重复 CAG 非重复 CAG 非重复 GGC 非重复 GGC 非重复 GGC 非重复 CAG 非重复 GCC CAA 非重复 GGC 非重复x3 GCG 非重复 GGC GCGx2 非重复 CAGx3 非重复 CAG 非重复 GCC GGC 非重复 GCC 非重复 GGC 非重复 GCG 非重复 GGC 非重复x4 CAG 非重复 GGC GCC 非重复 GCCx2 非重复 GCG 非重复 GGC 非重复 CAA 非重复 CAA 非重复 GGC CAA CAG 非重复 GCC 非重复 CAG 非重复 GCC 非重复 CAG 非重复 CAA 非重复 CAA GGC 非重复 CAG 非重复 GGC 非重复 GGC 非重复x3 CAG 非重复 GCC 非重复x3 GGC 非重复 CAG GGC 非重复 GCG 非重复
seq44_1.0	53	2382	517	279	238	CAA=33;CAG=61;GCC=64;GCG=42;GGC=79	非重复 GGCx2 非重复 CAG 非重复 CAA 非重复 GCG 非重复x3 GCC 非重复 GCC 非重复 GGC 非重复 GCC GCG 非重复 GCG 非重复 CAA 非重复 GGC 非重复 CAG 非重复 GCG 非重复 CAG 非重复 GCG GGC 非重复 GGC 非重复 CAG 非重复 GGC 非重复 GGC 非重复 GCCx3 非重复x5 CAG 非重复 GGC 非重复 GGC 非重复x2 GCGx5 非重复 CAG 非重复 GCGx2 GCCx5 GCG CAA CAG CAA CAG 非重复x2 CAGx2 非重复x4 CAG CAA 非重复x2 CAGx7 CAAx2 CAG 非重复 CAA 非重复 CAG CAA GCC 非重复 GCG 非重复 GGCx2 非重复 GGC 非重复 GCG 非重复 GGC 非重复 GCG 非重复 GCCx9 非重复x2 GCG 非重复 CAG 非重复 CAG 非重复 GCC 非重复 GCC 非重复 GCC 非重复 CAGx2 非重复 GCG 非重复 GCC CAA 非重复 GGC 非重复 GGC 非重复 CAA 非重复 GGC 非重复 CAA 非重复 CAA 非重复 CAG 非重复 CAG 非重复x3 CAG 非重复 GCC 非重复 CAA 非重复 CAG 非重复 GGCx2 非重复 GGC 非重复 GGC 非重复x3 GGC 非重复 GGC 非重复 GCC CAA 非重复 GGC 非重复 GGC 非重复 CAG 非重复 GCC 非重复 CAA 非重复 CAG 非重复 GGC 非重复 GGC CAG 非重复 GCG 非重复 GCC 非重复 GGC 非重复 GCC 非重复 GGC 非重复 GCC 非重复 CAG 非重复 GGC 非重复 GGC 非重复 GGC 非重复 GCG 非重复 GGC 非重复 GGC 非重复 GGC 非重复 GGC 非重复x3 CAG 非重复 CAG 非重复 GCG 非重复 CAG 非重复 CAA 非重复 GCC 非重复 GGC 非重复 GGC 非重复 GCG 非重复 GCC 非重复 GCG CAA 非重复x2 GCG 非重复 GGC CAG CAA GCC CAA 非重复 GCG 非重复 GGC 非重复 GGC 非重复 GCC 非重复 CAA 非重复 GGC 非重复 GCG 非重复 GCC 非重复 GCC 非重复 CAA GCC 非重复 GGC 非重复x5 GGC 非重复 GGC 非重复 CAG 非重复 GGC CAA 非重复 CAG 非重复 CAG 非重复 GGC 非重复 GGC 非重复 CAA 非重复 GGC 非重复 GGC GCC 非重复 GCC 非重复 GCG 非重复 CAA 非重复 GGC 非重复 GCC 非重复 GGC GCC 非重复 GCC 非重复 CAG 非重复x3 GCC 非重复 GCC GCG 非重复 CAG 非重复 GGC 非重复 GCCx2 非重复 GCC GCG 非重复 GGC 非重复 GGC 非重复 CAG 非重复 GCC 非重复 GCC 非重复 GCG CAA 非重复 GGC 非重复 GCC 非重复 CAG 非重复 GGC GCG 非重复 GGC 非重复 CAGx2 非重复 GGC 非重复 CAG 非重复 GGC 非重复 CAG 非重复 GCG 非重复 GGC 非重复 GCC 非重复 GGC 非重复 GCGx2 非重复 GGC 非重复 GCGx2 非重复 GCC 非重复 GCCx2 非重复 CAA 非重复 CAG 非重复 CAG 非重复 GGC 非重复 GGC 非重复 GGC 非重复 CAG 非重复 GCC CAA 非重复 GGC 非重复x3 GCG 非重复 GGC GCGx2 非重复 CAGx3 非重复 CAG 非重复 GCC GGC 非重复 GCC 非重复 GGC 非重复 GCG 非重复 GGC 非重复x4 CAG 非重复 GGC GCC 非重复 GCCx2 非重复 GCG 非重复 GGC 非重复 CAA 非重复 CAA 非重复 GGC CAA CAG 非重复 GCC 非重复 CAG 非重复 GCC 非重复 CAG 非重复 CAA 非重复 CAA GGC 非重复 CAG 非重复 GGC 非重复 GGC 非重复x3 CAG 非重复 GCC 非重复x3 GGC 非重复 CAG GGC 非重复 GCG 非重复
seq45_1.0	54	2379	517	277	240	CAA=33;CAG=61;GCC=64;GCG=40;GGC=79	非重复 GGCx2 非重复 CAG 非重复 CAA 非重复 GCG 非重复x3 GCC 非重复 GCC 非重复 GGC 非重复 GCC GCG 非重复 GCG 非重复 CAA 非重复 GGC 非重复 CAG 非重复 GCG 非重复 CAG 非重复 GCG GGC 非重复 GGC 非重复 CAG 非重复 GGC 非重复 GGC 非重复 GCCx3 非重复x5 CAG 非重复 GGC 非重复 GGC 非重复x2 GCGx3 非重复 CAG 非重复 GCGx2 GCCx5 GCG CAA CAG CAA CAG 非重复x2 CAG 非重复x4 CAG 非重复x2 CAG CAA 非重复x2 CAGx7 CAAx2 CAG 非重复 CAA 非重复 CAG CAA GCC 非重复 GCG 非重复 GGCx2 非重复 GGC 非重复 GCG 非重复 GGC 非重复 GCG 非重复 GCCx9 非重复x2 GCG 非重复 CAG 非重复 CAG 非重复 GCC 非重复 GCC 非重复 GCC 非重复 CAGx2 非重复 GCG 非重复 GCC CAA 非重复 GGC 非重复 GGC 非重复 CAA 非重复 GGC 非重复 CAA 非重复 CAA 非重复 CAG 非重复 CAG 非重复x3 CAG 非重复 GCC 非重复 CAA 非重复 CAG 非重复 GGCx2 非重复 GGC 非重复 GGC 非重复x3 GGC 非重复 GGC 非重复 GCC CAA 非重复 GGC 非重复 GGC 非重复 CAG 非重复 GCC 非重复 CAA 非重复 CAG 非重复 GGC 非重复 GGC CAG 非重复 GCG 非重复 GCC 非重复 GGC 非重复 GCC 非重复 GGC 非重复 GCC 非重复 CAG 非重复 GGC 非重复 GGC 非重复 GGC 非重复 GCG 非重复 GGC 非重复 GGC 非重复 GGC 非重复 GGC 非重复x3 CAG 非重复 CAG 非重复 GCG 非重复 CAG 非重复 CAA 非重复 GCC 非重复 GGC 非重复 GGC 非重复 GCG 非重复 GCC 非重复 GCG CAA 非重复x2 GCG 非重复 GGC CAG CAA GCC CAA 非重复 GCG 非重复 GGC 非重复 GGC 非重复 GCC 非重复 CAA 非重复 GGC 非重复 GCG 非重复 GCC 非重复 GCC 非重复 CAA GCC 非重复 GGC 非重复x5 GGC 非重复 GGC 非重复 CAG 非重复 GGC CAA 非重复 CAG 非重复 CAG 非重复 GGC 非重复 GGC 非重复 CAA 非重复 GGC 非重复 GGC GCC 非重复 GCC 非重复 GCG 非重复 CAA 非重复 GGC 非重复 GCC 非重复 GGC GCC 非重复 GCC 非重复 CAG 非重复x3 GCC 非重复 GCC GCG 非重复 CAG 非重复 GGC 非重复 GCCx2 非重复 GCC GCG 非重复 GGC 非重复 GGC 非重复 CAG 非重复 GCC 非重复 GCC 非重复 GCG CAA 非重复 GGC 非重复 GCC 非重复 CAG 非重复 GGC GCG 非重复 GGC 非重复 CAGx2 非重复 GGC 非重复 CAG 非重复 GGC 非重复 CAG 非重复 GCG 非重复 GGC 非重复 GCC 非重复 GGC 非重复 GCGx2 非重复 GGC 非重复 GCGx2 非重复 GCC 非重复 GCCx2 非重复 CAA 非重复 CAG 非重复 CAG 非重复 GGC 非重复 GGC 非重复 GGC 非重复 CAG 非重复 GCC CAA 非重复 GGC 非重复x3 GCG 非重复 GGC GCGx2 非重复 CAGx3 非重复 CAG 非重复 GCC GGC 非重复 GCC 非重复 GGC 非重复 GCG 非重复 GGC 非重复x4 CAG 非重复 GGC GCC 非重复 GCCx2 非重复 GCG 非重复 GGC 非重复 CAA 非重复 CAA 非重复 GGC CAA CAG 非重复 GCC 非重复 CAG 非重复 GCC 非重复 CAG 非重复 CAA 非重复 CAA GGC 非重复 CAG 非重复 GGC 非重复 GGC 非重复x3 CAG 非重复 GCC 非重复x3 GGC 非重复 CAG GGC 非重复 GCG 非重复
