event_id	path	repeat_block	start_bp	end_bp	event_type	read_id	platform	strand	mapq	base_quality	spanning	supports_event	caller
EV_4e1d5ab4703b38	seq1_1.0	R1	276	279	motif_substitution	.	.	.	.	.	.	.	.
EV_5958ce27705a62	seq1_1.0	R1	279	282	motif_substitution	.	.	.	.	.	.	.	.
EV_4781e53a5d1027	seq1_1.0	R2	306	309	motif_substitution	.	.	.	.	.	.	.	.
EV_d60607393240ff	seq1_1.0	R2	312	315	motif_substitution	.	.	.	.	.	.	.	.
EV_539da8abecb8bb	seq1_1.0	R2	318	321	motif_substitution	.	.	.	.	.	.	.	.
EV_a485896a031797	seq1_1.0	R2	339	342	motif_substitution	.	.	.	.	.	.	.	.
EV_17a1b403d93304	seq1_1.0	R2	372	375	motif_substitution	.	.	.	.	.	.	.	.
EV_809c3309643f46	seq1_1.0	R2	375	378	motif_substitution	.	.	.	.	.	.	.	.
EV_bbac89414b6df4	seq1_1.0	R3	456	459	motif_substitution	.	.	.	.	.	.	.	.
EV_48fe16d641429f	seq1_1.0	R3	486	489	motif_substitution	.	.	.	.	.	.	.	.
EV_eeae61341aa63d	seq1_1.0	R3	492	495	motif_substitution	.	.	.	.	.	.	.	.
EV_2897348ef5d6b7	seq1_1.0	R3	495	499	local_insertion	.	.	.	.	.	.	.	.
EV_7284cba3a38944	seq1_1.0	R3	499	502	motif_substitution	.	.	.	.	.	.	.	.
EV_fca5e8dc74fd15	seq1_1.0	R3	502	505	motif_substitution	.	.	.	.	.	.	.	.
EV_e0e83bbba5b633	seq1_1.0	R3	508	511	motif_substitution	.	.	.	.	.	.	.	.
EV_45758c9e53b5e3	seq1_1.0	R3	511	514	motif_substitution	.	.	.	.	.	.	.	.
EV_c83f5bba0e15cf	seq2_1.0	R1	258	261	motif_substitution	.	.	.	.	.	.	.	.
EV_83cbafaace4579	seq2_1.0	R1	276	279	motif_substitution	.	.	.	.	.	.	.	.
EV_416c1880ddd2e9	seq2_1.0	R1	279	282	motif_substitution	.	.	.	.	.	.	.	.
EV_dcda0a97de9f54	seq2_1.0	R2	306	309	motif_substitution	.	.	.	.	.	.	.	.
EV_058a0b174014f0	seq2_1.0	R2	312	315	motif_substitution	.	.	.	.	.	.	.	.
EV_38f0b82d95ff18	seq2_1.0	R2	318	321	motif_substitution	.	.	.	.	.	.	.	.
EV_ed7ca58653c439	seq2_1.0	R2	342	345	motif_substitution	.	.	.	.	.	.	.	.
EV_865dada30249fa	seq2_1.0	R2	369	372	motif_substitution	.	.	.	.	.	.	.	.
EV_f870087593ea6a	seq2_1.0	R2	372	375	motif_substitution	.	.	.	.	.	.	.	.
EV_3e1cd5a7b91c35	seq2_1.0	R3	453	456	motif_substitution	.	.	.	.	.	.	.	.
EV_8973e8e578360a	seq2_1.0	R3	483	486	motif_substitution	.	.	.	.	.	.	.	.
EV_d91d388e769461	seq2_1.0	R3	489	492	motif_substitution	.	.	.	.	.	.	.	.
EV_6b344d19f19757	seq2_1.0	R3	492	496	local_insertion	.	.	.	.	.	.	.	.
EV_bf276807ad9a72	seq2_1.0	R3	496	499	motif_substitution	.	.	.	.	.	.	.	.
EV_7475a737a7360a	seq2_1.0	R3	499	502	motif_substitution	.	.	.	.	.	.	.	.
EV_082e22b3e045a3	seq2_1.0	R3	505	508	motif_substitution	.	.	.	.	.	.	.	.
EV_b57e0dd61e1bc8	seq2_1.0	R3	508	511	motif_substitution	.	.	.	.	.	.	.	.
EV_85db8e8f65cc76	seq1_65.5	R1	276	279	motif_substitution	.	.	.	.	.	.	.	.
EV_e78d4d6d480cb6	seq1_65.5	R1	279	282	motif_substitution	.	.	.	.	.	.	.	.
EV_fdb8f4d7bd3c0d	seq1_65.5	R2	306	309	motif_substitution	.	.	.	.	.	.	.	.
EV_8d5750a93b17af	seq1_65.5	R2	312	315	motif_substitution	.	.	.	.	.	.	.	.
EV_9d35e391d9afb9	seq1_65.5	R2	318	321	motif_substitution	.	.	.	.	.	.	.	.
EV_006ec5e0c3c9e8	seq1_65.5	R2	339	342	motif_substitution	.	.	.	.	.	.	.	.
EV_c835df7f133ab5	seq1_65.5	R2	366	369	motif_substitution	.	.	.	.	.	.	.	.
EV_5fb2c7aa9158da	seq1_65.5	R2	369	372	motif_substitution	.	.	.	.	.	.	.	.
EV_c5285eefdbfcdd	seq1_65.5	R3	450	453	motif_substitution	.	.	.	.	.	.	.	.
EV_58c24a690aff85	seq1_65.5	R3	486	489	motif_substitution	.	.	.	.	.	.	.	.
EV_c6804bdcde8383	seq1_65.5	R3	489	493	local_insertion	.	.	.	.	.	.	.	.
EV_9bc81d2f093135	seq1_65.5	R3	493	496	motif_substitution	.	.	.	.	.	.	.	.
EV_d78cd3f0447bcb	seq1_65.5	R3	496	499	motif_substitution	.	.	.	.	.	.	.	.
EV_38f10054a17d55	seq1_65.5	R3	502	505	motif_substitution	.	.	.	.	.	.	.	.
EV_350c58942b9d4f	seq1_65.5	R3	505	508	motif_substitution	.	.	.	.	.	.	.	.
EV_8516a7c1f860b9	seq2_161.5	R1	258	261	motif_substitution	.	.	.	.	.	.	.	.
EV_cc038adec8d3e3	seq2_161.5	R1	276	279	motif_substitution	.	.	.	.	.	.	.	.
EV_ddf1550521899c	seq2_161.5	R1	279	282	motif_substitution	.	.	.	.	.	.	.	.
EV_75201c5bf878a6	seq2_161.5	R2	306	309	motif_substitution	.	.	.	.	.	.	.	.
EV_66cd52d68f8501	seq2_161.5	R2	312	315	motif_substitution	.	.	.	.	.	.	.	.
EV_03085bb26c4ab0	seq2_161.5	R2	318	321	motif_substitution	.	.	.	.	.	.	.	.
EV_e0efa80f7d85fb	seq2_161.5	R2	342	345	motif_substitution	.	.	.	.	.	.	.	.
EV_52cc47b77da32e	seq2_161.5	R2	369	372	motif_substitution	.	.	.	.	.	.	.	.
EV_02a1f5d3d8dfb3	seq2_161.5	R2	372	375	motif_substitution	.	.	.	.	.	.	.	.
EV_bef4de2ac93947	seq2_161.5	R3	453	456	motif_substitution	.	.	.	.	.	.	.	.
EV_2dbff6e87ddc04	seq2_161.5	R3	483	486	motif_substitution	.	.	.	.	.	.	.	.
EV_0fb1d090eab3e4	seq2_161.5	R3	489	492	motif_substitution	.	.	.	.	.	.	.	.
EV_508b4c522f40b6	seq2_161.5	R3	492	496	local_insertion	.	.	.	.	.	.	.	.
EV_35bd704002cbbd	seq2_161.5	R3	496	499	motif_substitution	.	.	.	.	.	.	.	.
EV_f695c4aaef8333	seq2_161.5	R3	499	502	motif_substitution	.	.	.	.	.	.	.	.
EV_bedcfa7f8f6b36	seq2_161.5	R3	505	508	motif_substitution	.	.	.	.	.	.	.	.
EV_9e42327e1eefa7	seq2_161.5	R3	508	511	motif_substitution	.	.	.	.	.	.	.	.
EV_e895fb5d7ea7d7	seq3_107.0	R1	276	279	motif_substitution	.	.	.	.	.	.	.	.
EV_efa1a8eeb7d7cf	seq3_107.0	R1	279	282	motif_substitution	.	.	.	.	.	.	.	.
EV_1aaa300c1abcfb	seq3_107.0	R2	306	309	motif_substitution	.	.	.	.	.	.	.	.
EV_cb5b08a652bf61	seq3_107.0	R2	312	315	motif_substitution	.	.	.	.	.	.	.	.
EV_0ed5d41cf8657a	seq3_107.0	R2	318	321	motif_substitution	.	.	.	.	.	.	.	.
EV_92213823a9fee8	seq3_107.0	R2	339	342	motif_substitution	.	.	.	.	.	.	.	.
EV_965f6d87107a03	seq3_107.0	R2	366	369	motif_substitution	.	.	.	.	.	.	.	.
EV_be92f19fb47e3d	seq3_107.0	R2	369	372	motif_substitution	.	.	.	.	.	.	.	.
EV_801aba3f330f42	seq3_107.0	R3	450	453	motif_substitution	.	.	.	.	.	.	.	.
EV_f2e1529524f240	seq3_107.0	R3	480	483	motif_substitution	.	.	.	.	.	.	.	.
EV_f90e700ae79fe6	seq3_107.0	R3	486	489	motif_substitution	.	.	.	.	.	.	.	.
EV_263bde9670c6ff	seq3_107.0	R3	489	493	local_insertion	.	.	.	.	.	.	.	.
EV_e988ae273895b3	seq3_107.0	R3	493	496	motif_substitution	.	.	.	.	.	.	.	.
EV_56786e7f15fa9b	seq3_107.0	R3	496	499	motif_substitution	.	.	.	.	.	.	.	.
EV_c2149fffbb80a3	seq3_107.0	R3	502	505	motif_substitution	.	.	.	.	.	.	.	.
EV_aad2d7704ab899	seq3_107.0	R3	505	508	motif_substitution	.	.	.	.	.	.	.	.
EV_624295d3ed135f	seq4_1.0	R1	276	279	motif_substitution	.	.	.	.	.	.	.	.
EV_843692459c1922	seq4_1.0	R1	279	282	motif_substitution	.	.	.	.	.	.	.	.
EV_33f42237229ec0	seq4_1.0	R2	306	309	motif_substitution	.	.	.	.	.	.	.	.
EV_583214f5cc48e9	seq4_1.0	R2	312	315	motif_substitution	.	.	.	.	.	.	.	.
EV_2521b319c54b2c	seq4_1.0	R2	342	345	motif_substitution	.	.	.	.	.	.	.	.
EV_d571f12dcf4de4	seq4_1.0	R2	369	372	motif_substitution	.	.	.	.	.	.	.	.
EV_487ac0d0c3b8d8	seq4_1.0	R2	372	375	motif_substitution	.	.	.	.	.	.	.	.
EV_dca13ddc43c914	seq4_1.0	R3	453	456	motif_substitution	.	.	.	.	.	.	.	.
EV_d17aa12c725622	seq4_1.0	R3	480	483	motif_substitution	.	.	.	.	.	.	.	.
EV_50018cead0d9ce	seq4_1.0	R3	486	489	motif_substitution	.	.	.	.	.	.	.	.
EV_2ac038584e54da	seq4_1.0	R3	489	493	local_insertion	.	.	.	.	.	.	.	.
EV_9c21dbcfc10de7	seq4_1.0	R3	493	496	motif_substitution	.	.	.	.	.	.	.	.
EV_a49a64e1b424a6	seq4_1.0	R3	496	499	motif_substitution	.	.	.	.	.	.	.	.
EV_437826e9270b00	seq4_1.0	R3	502	505	motif_substitution	.	.	.	.	.	.	.	.
EV_9236402a78386e	seq4_1.0	R3	505	508	motif_substitution	.	.	.	.	.	.	.	.
EV_20f7f9b3373927	seq5_1.0	R1	258	261	motif_substitution	.	.	.	.	.	.	.	.
EV_e829750c9b4cfc	seq5_1.0	R1	276	279	motif_substitution	.	.	.	.	.	.	.	.
EV_5663fc979d3230	seq5_1.0	R1	279	282	motif_substitution	.	.	.	.	.	.	.	.
EV_576f6378165d73	seq5_1.0	R2	306	309	motif_substitution	.	.	.	.	.	.	.	.
EV_3ee1ad0cfeaf1c	seq5_1.0	R2	312	315	motif_substitution	.	.	.	.	.	.	.	.
EV_3f1dca522ff3da	seq5_1.0	R2	318	321	motif_substitution	.	.	.	.	.	.	.	.
EV_2c613a37c54e92	seq5_1.0	R2	342	345	motif_substitution	.	.	.	.	.	.	.	.
EV_e0f824772e24e6	seq5_1.0	R2	369	372	motif_substitution	.	.	.	.	.	.	.	.
EV_c05cc092e95a71	seq5_1.0	R2	372	375	motif_substitution	.	.	.	.	.	.	.	.
EV_8510165e08368d	seq5_1.0	R3	453	456	motif_substitution	.	.	.	.	.	.	.	.
EV_f5cc957f167546	seq5_1.0	R3	483	486	motif_substitution	.	.	.	.	.	.	.	.
EV_30d0765ecbff5a	seq5_1.0	R3	489	492	motif_substitution	.	.	.	.	.	.	.	.
EV_578436dcefb314	seq5_1.0	R3	492	496	local_insertion	.	.	.	.	.	.	.	.
EV_d612c775b5b7ef	seq5_1.0	R3	496	499	motif_substitution	.	.	.	.	.	.	.	.
EV_c40eb1731f7ccb	seq5_1.0	R3	499	502	motif_substitution	.	.	.	.	.	.	.	.
EV_5cd9c0aaddbf6a	seq5_1.0	R3	505	508	motif_substitution	.	.	.	.	.	.	.	.
EV_22285c815b9af7	seq5_1.0	R3	508	511	motif_substitution	.	.	.	.	.	.	.	.
EV_5607a1cb1f798b	seq6_32.5	R1	276	279	motif_substitution	.	.	.	.	.	.	.	.
EV_d144b7cfcb2cee	seq6_32.5	R1	279	282	motif_substitution	.	.	.	.	.	.	.	.
EV_02d967f266358d	seq6_32.5	R2	306	309	motif_substitution	.	.	.	.	.	.	.	.
EV_97f0ad15ad71ac	seq6_32.5	R2	312	315	motif_substitution	.	.	.	.	.	.	.	.
EV_1c08a9b978bc7f	seq6_32.5	R2	318	321	motif_substitution	.	.	.	.	.	.	.	.
EV_31d22f50bb4d17	seq6_32.5	R2	339	342	motif_substitution	.	.	.	.	.	.	.	.
EV_60126b20e44ede	seq6_32.5	R2	372	375	motif_substitution	.	.	.	.	.	.	.	.
EV_d76e4642836ec4	seq6_32.5	R2	375	378	motif_substitution	.	.	.	.	.	.	.	.
EV_60d1c80aaea1b5	seq6_32.5	R3	456	459	motif_substitution	.	.	.	.	.	.	.	.
EV_36f6cc65eeaca5	seq6_32.5	R3	486	489	motif_substitution	.	.	.	.	.	.	.	.
EV_92e614a8ebc37c	seq6_32.5	R3	492	495	motif_substitution	.	.	.	.	.	.	.	.
EV_3314c3a23b4ac7	seq6_32.5	R3	495	499	local_insertion	.	.	.	.	.	.	.	.
EV_7ac83318f288a1	seq6_32.5	R3	499	502	motif_substitution	.	.	.	.	.	.	.	.
EV_a467880e8c3cc8	seq6_32.5	R3	502	505	motif_substitution	.	.	.	.	.	.	.	.
EV_95fbbb98623667	seq6_32.5	R3	508	511	motif_substitution	.	.	.	.	.	.	.	.
EV_27c7a525f4c1cb	seq6_32.5	R3	511	514	motif_substitution	.	.	.	.	.	.	.	.
EV_cdc2051812cc20	seq7_0.5	R1	258	261	motif_substitution	.	.	.	.	.	.	.	.
EV_b3c32f82ebf67d	seq7_0.5	R1	276	279	motif_substitution	.	.	.	.	.	.	.	.
EV_b827c4c43bab6d	seq7_0.5	R1	279	282	motif_substitution	.	.	.	.	.	.	.	.
EV_8cc417dbf34ad4	seq7_0.5	R2	306	309	motif_substitution	.	.	.	.	.	.	.	.
EV_d05f82930db9d3	seq7_0.5	R2	312	315	motif_substitution	.	.	.	.	.	.	.	.
EV_712d38eb1c06c7	seq7_0.5	R2	318	321	motif_substitution	.	.	.	.	.	.	.	.
EV_9fb4e1068997c9	seq7_0.5	R2	342	345	motif_substitution	.	.	.	.	.	.	.	.
EV_5d44d840c9ff52	seq7_0.5	R2	369	372	motif_substitution	.	.	.	.	.	.	.	.
EV_3fd458980afe03	seq7_0.5	R2	372	375	motif_substitution	.	.	.	.	.	.	.	.
EV_077a1719768927	seq7_0.5	R3	453	456	motif_substitution	.	.	.	.	.	.	.	.
EV_83bcd299ea42de	seq7_0.5	R3	483	486	motif_substitution	.	.	.	.	.	.	.	.
EV_9c14952e8eb3bb	seq7_0.5	R3	489	492	motif_substitution	.	.	.	.	.	.	.	.
EV_24cb20adcc01c8	seq7_0.5	R3	492	496	local_insertion	.	.	.	.	.	.	.	.
EV_b6c08a8e19ef28	seq7_0.5	R3	496	499	motif_substitution	.	.	.	.	.	.	.	.
EV_ea2d99b5f58ce0	seq7_0.5	R3	499	502	motif_substitution	.	.	.	.	.	.	.	.
EV_7ccce74fba9245	seq7_0.5	R3	505	508	motif_substitution	.	.	.	.	.	.	.	.
EV_f90c9a50802869	seq7_0.5	R3	508	511	motif_substitution	.	.	.	.	.	.	.	.
EV_8d21c0f5dc4b24	seq8_1.0	R1	258	261	motif_substitution	.	.	.	.	.	.	.	.
EV_16e1b688ba12b5	seq8_1.0	R1	276	279	motif_substitution	.	.	.	.	.	.	.	.
EV_b02f301b6dcaa6	seq8_1.0	R1	279	282	motif_substitution	.	.	.	.	.	.	.	.
EV_1c8c2f0a0d58fa	seq8_1.0	R2	306	309	motif_substitution	.	.	.	.	.	.	.	.
EV_a8d72dc781202d	seq8_1.0	R2	312	315	motif_substitution	.	.	.	.	.	.	.	.
EV_58b1c9504403fe	seq8_1.0	R2	318	321	motif_substitution	.	.	.	.	.	.	.	.
EV_9ae2d5f243ce31	seq8_1.0	R2	366	369	motif_substitution	.	.	.	.	.	.	.	.
EV_1e343810e92361	seq8_1.0	R3	477	480	motif_substitution	.	.	.	.	.	.	.	.
EV_07ffa137d4feb3	seq8_1.0	R3	507	510	motif_substitution	.	.	.	.	.	.	.	.
EV_d94936dc2f233e	seq8_1.0	R3	513	516	motif_substitution	.	.	.	.	.	.	.	.
EV_774d2eff8d1f90	seq8_1.0	R3	516	520	local_insertion	.	.	.	.	.	.	.	.
EV_e9e8a8be314501	seq8_1.0	R3	520	523	motif_substitution	.	.	.	.	.	.	.	.
EV_04302511809b3b	seq8_1.0	R3	523	526	motif_substitution	.	.	.	.	.	.	.	.
EV_09f85430be1cdf	seq8_1.0	R3	529	532	motif_substitution	.	.	.	.	.	.	.	.
EV_0287003bbb5901	seq8_1.0	R3	532	535	motif_substitution	.	.	.	.	.	.	.	.
EV_528f9471b7efed	seq9_1.0	R1	276	279	motif_substitution	.	.	.	.	.	.	.	.
EV_198f20c1c5a177	seq9_1.0	R1	279	282	motif_substitution	.	.	.	.	.	.	.	.
EV_bf5534f55659d8	seq9_1.0	R2	306	309	motif_substitution	.	.	.	.	.	.	.	.
EV_d8a61c1469b6a3	seq9_1.0	R2	312	315	motif_substitution	.	.	.	.	.	.	.	.
EV_ebe40b21450086	seq9_1.0	R2	318	321	motif_substitution	.	.	.	.	.	.	.	.
EV_151eb7847ede23	seq9_1.0	R2	339	342	motif_substitution	.	.	.	.	.	.	.	.
EV_8f2ee7ee1155c1	seq9_1.0	R2	363	366	motif_substitution	.	.	.	.	.	.	.	.
EV_5b392cf6ae9ee7	seq9_1.0	R2	366	369	motif_substitution	.	.	.	.	.	.	.	.
EV_d0055c6ba8fca8	seq9_1.0	R3	447	450	motif_substitution	.	.	.	.	.	.	.	.
EV_7047c723713a92	seq9_1.0	R3	483	486	motif_substitution	.	.	.	.	.	.	.	.
EV_3b9aaff9420260	seq9_1.0	R3	486	490	local_insertion	.	.	.	.	.	.	.	.
EV_188c9258dd6393	seq9_1.0	R3	490	493	motif_substitution	.	.	.	.	.	.	.	.
EV_77a92d4886c299	seq9_1.0	R3	493	496	motif_substitution	.	.	.	.	.	.	.	.
EV_ed067cb5361d61	seq9_1.0	R3	499	502	motif_substitution	.	.	.	.	.	.	.	.
EV_041e60fd807b76	seq9_1.0	R3	502	505	motif_substitution	.	.	.	.	.	.	.	.
EV_905ec56abbc850	seq10_14.0	R1	276	279	motif_substitution	.	.	.	.	.	.	.	.
EV_ec1b624258c849	seq10_14.0	R1	279	282	motif_substitution	.	.	.	.	.	.	.	.
EV_9776f736131207	seq10_14.0	R2	306	309	motif_substitution	.	.	.	.	.	.	.	.
EV_f282c722987804	seq10_14.0	R2	312	315	motif_substitution	.	.	.	.	.	.	.	.
EV_e54af4df612744	seq10_14.0	R2	339	342	motif_substitution	.	.	.	.	.	.	.	.
EV_56db6cee334673	seq10_14.0	R2	366	369	motif_substitution	.	.	.	.	.	.	.	.
EV_88c16d7522bf6a	seq10_14.0	R2	369	372	motif_substitution	.	.	.	.	.	.	.	.
EV_915e49e38197a4	seq10_14.0	R3	450	453	motif_substitution	.	.	.	.	.	.	.	.
EV_ff007c607bd407	seq10_14.0	R3	477	480	motif_substitution	.	.	.	.	.	.	.	.
EV_d3ac8f59a2f393	seq10_14.0	R3	483	486	motif_substitution	.	.	.	.	.	.	.	.
EV_c03f87c1220cfc	seq10_14.0	R3	486	490	local_insertion	.	.	.	.	.	.	.	.
EV_e77c376f894dfe	seq10_14.0	R3	490	493	motif_substitution	.	.	.	.	.	.	.	.
EV_e95a3639a06d80	seq10_14.0	R3	493	496	motif_substitution	.	.	.	.	.	.	.	.
EV_f99c0e60326a10	seq10_14.0	R3	499	502	motif_substitution	.	.	.	.	.	.	.	.
EV_61c9722bd1201d	seq10_14.0	R3	502	505	motif_substitution	.	.	.	.	.	.	.	.
EV_713bf58202f7ce	seq11_3.0	R1	276	279	motif_substitution	.	.	.	.	.	.	.	.
EV_38ff04db85cad0	seq11_3.0	R1	279	282	motif_substitution	.	.	.	.	.	.	.	.
EV_8e60e46a74efd7	seq11_3.0	R2	306	309	motif_substitution	.	.	.	.	.	.	.	.
EV_a00af72dde7db2	seq11_3.0	R2	312	315	motif_substitution	.	.	.	.	.	.	.	.
EV_84f771d50a758e	seq11_3.0	R2	318	321	motif_substitution	.	.	.	.	.	.	.	.
EV_cfb6e98ee33f41	seq11_3.0	R2	339	342	motif_substitution	.	.	.	.	.	.	.	.
EV_bdbabd35cd8b0a	seq11_3.0	R2	366	369	motif_substitution	.	.	.	.	.	.	.	.
EV_599219b1fb993f	seq11_3.0	R2	369	372	motif_substitution	.	.	.	.	.	.	.	.
EV_518dc374f331aa	seq11_3.0	R3	462	465	motif_substitution	.	.	.	.	.	.	.	.
EV_3963797fd38609	seq11_3.0	R3	492	495	motif_substitution	.	.	.	.	.	.	.	.
EV_3faf34b41685ab	seq11_3.0	R3	498	501	motif_substitution	.	.	.	.	.	.	.	.
EV_37bbc6852c110d	seq11_3.0	R3	501	505	local_insertion	.	.	.	.	.	.	.	.
EV_8518cf374808d6	seq11_3.0	R3	505	508	motif_substitution	.	.	.	.	.	.	.	.
EV_4e9a3a750e7026	seq11_3.0	R3	508	511	motif_substitution	.	.	.	.	.	.	.	.
EV_d06f3b8fa3e370	seq11_3.0	R3	514	517	motif_substitution	.	.	.	.	.	.	.	.
EV_386d9fd87defb0	seq11_3.0	R3	517	520	motif_substitution	.	.	.	.	.	.	.	.
EV_0663f041757cf9	seq12_1.0	R1	276	279	motif_substitution	.	.	.	.	.	.	.	.
EV_974f0202901a60	seq12_1.0	R1	279	282	motif_substitution	.	.	.	.	.	.	.	.
EV_a7a33ac72d81d8	seq12_1.0	R2	306	309	motif_substitution	.	.	.	.	.	.	.	.
EV_b32920ed4a00e9	seq12_1.0	R2	312	315	motif_substitution	.	.	.	.	.	.	.	.
EV_9956362bb6fa6f	seq12_1.0	R2	318	321	motif_substitution	.	.	.	.	.	.	.	.
EV_249b0de39445d9	seq12_1.0	R2	339	342	motif_substitution	.	.	.	.	.	.	.	.
EV_ff84e0951975ae	seq12_1.0	R2	366	369	motif_substitution	.	.	.	.	.	.	.	.
EV_05fee0a58130ca	seq12_1.0	R2	369	372	motif_substitution	.	.	.	.	.	.	.	.
EV_2eb1f398dd9a3c	seq12_1.0	R3	450	453	motif_substitution	.	.	.	.	.	.	.	.
EV_e1d3da340c4094	seq12_1.0	R3	480	483	motif_substitution	.	.	.	.	.	.	.	.
EV_fd740b774bcf38	seq12_1.0	R3	486	489	motif_substitution	.	.	.	.	.	.	.	.
EV_5d55342269b731	seq12_1.0	R3	489	493	local_insertion	.	.	.	.	.	.	.	.
EV_6010d1e70d3ac8	seq12_1.0	R3	493	496	motif_substitution	.	.	.	.	.	.	.	.
EV_b4dd4ce3f28c16	seq12_1.0	R3	496	499	motif_substitution	.	.	.	.	.	.	.	.
EV_b491da3040971a	seq12_1.0	R3	502	505	motif_substitution	.	.	.	.	.	.	.	.
EV_2e2d723761b24d	seq12_1.0	R3	505	508	motif_substitution	.	.	.	.	.	.	.	.
EV_51557020da37c2	seq13_1.0	R1	276	279	motif_substitution	.	.	.	.	.	.	.	.
EV_00af911e71d199	seq13_1.0	R1	279	282	motif_substitution	.	.	.	.	.	.	.	.
EV_3737a1ec1978b4	seq13_1.0	R2	306	309	motif_substitution	.	.	.	.	.	.	.	.
EV_c1825714697c4f	seq13_1.0	R2	312	315	motif_substitution	.	.	.	.	.	.	.	.
EV_f46940931fc7e1	seq13_1.0	R2	318	321	motif_substitution	.	.	.	.	.	.	.	.
EV_df3f47e1f2f3ca	seq13_1.0	R2	339	342	motif_substitution	.	.	.	.	.	.	.	.
EV_b0eea396f4ca9d	seq13_1.0	R2	366	369	motif_substitution	.	.	.	.	.	.	.	.
EV_e7728ff2d71219	seq13_1.0	R2	369	372	motif_substitution	.	.	.	.	.	.	.	.
EV_d5d854c98264ad	seq13_1.0	R3	450	453	motif_substitution	.	.	.	.	.	.	.	.
EV_eef2a1fe565597	seq13_1.0	R3	489	492	motif_substitution	.	.	.	.	.	.	.	.
EV_78c0338178b72f	seq13_1.0	R3	492	496	local_insertion	.	.	.	.	.	.	.	.
EV_d18dd29d770a30	seq13_1.0	R3	496	499	motif_substitution	.	.	.	.	.	.	.	.
EV_33c1527b0c8e6b	seq13_1.0	R3	499	502	motif_substitution	.	.	.	.	.	.	.	.
EV_397b0820c2611c	seq13_1.0	R3	505	508	motif_substitution	.	.	.	.	.	.	.	.
EV_42e07b445f91cd	seq13_1.0	R3	508	511	motif_substitution	.	.	.	.	.	.	.	.
EV_9eea1406d425a1	seq14_4.0	R1	276	279	motif_substitution	.	.	.	.	.	.	.	.
EV_27e88924e1a12f	seq14_4.0	R1	279	282	motif_substitution	.	.	.	.	.	.	.	.
EV_7fea9cb3abf1df	seq14_4.0	R2	306	309	motif_substitution	.	.	.	.	.	.	.	.
EV_96d33573e113a9	seq14_4.0	R2	312	315	motif_substitution	.	.	.	.	.	.	.	.
EV_45802ea7596cee	seq14_4.0	R2	318	321	motif_substitution	.	.	.	.	.	.	.	.
EV_8d74f22b312361	seq14_4.0	R2	366	369	motif_substitution	.	.	.	.	.	.	.	.
EV_c3c0ad5d759aee	seq14_4.0	R2	369	372	motif_substitution	.	.	.	.	.	.	.	.
EV_15c74a58109538	seq14_4.0	R3	450	453	motif_substitution	.	.	.	.	.	.	.	.
EV_d22b85193836a3	seq14_4.0	R3	480	483	motif_substitution	.	.	.	.	.	.	.	.
EV_d4b77a65e0c350	seq14_4.0	R3	486	489	motif_substitution	.	.	.	.	.	.	.	.
EV_fa251e275b1f05	seq14_4.0	R3	489	493	local_insertion	.	.	.	.	.	.	.	.
EV_9efa3b81a6abe5	seq14_4.0	R3	493	496	motif_substitution	.	.	.	.	.	.	.	.
EV_0dbd06e5279b1c	seq14_4.0	R3	496	499	motif_substitution	.	.	.	.	.	.	.	.
EV_ea8abc79571d9b	seq14_4.0	R3	502	505	motif_substitution	.	.	.	.	.	.	.	.
EV_ff7032198cb394	seq14_4.0	R3	505	508	motif_substitution	.	.	.	.	.	.	.	.
EV_67bda80c314a93	seq15_1.0	R1	258	261	motif_substitution	.	.	.	.	.	.	.	.
EV_4aee76ae1fa1a6	seq15_1.0	R1	276	279	motif_substitution	.	.	.	.	.	.	.	.
EV_b3e3b536c0400e	seq15_1.0	R1	279	282	motif_substitution	.	.	.	.	.	.	.	.
EV_5e3db490c7df0d	seq15_1.0	R2	306	309	motif_substitution	.	.	.	.	.	.	.	.
EV_bcf84d582dbd4f	seq15_1.0	R2	312	315	motif_substitution	.	.	.	.	.	.	.	.
EV_f849fb2e182846	seq15_1.0	R2	318	321	motif_substitution	.	.	.	.	.	.	.	.
EV_c66257d4b2942e	seq15_1.0	R2	342	345	motif_substitution	.	.	.	.	.	.	.	.
EV_3678f079790995	seq15_1.0	R2	369	372	motif_substitution	.	.	.	.	.	.	.	.
EV_df38e8e1386897	seq15_1.0	R2	372	375	motif_substitution	.	.	.	.	.	.	.	.
EV_0eafd0f0920bfb	seq15_1.0	R3	453	456	motif_substitution	.	.	.	.	.	.	.	.
EV_57ea96df4ebae4	seq15_1.0	R3	483	486	motif_substitution	.	.	.	.	.	.	.	.
EV_e281978cd6e7df	seq15_1.0	R3	489	492	motif_substitution	.	.	.	.	.	.	.	.
EV_318abd9b826d30	seq15_1.0	R3	492	496	local_insertion	.	.	.	.	.	.	.	.
EV_d1f408b6d39e83	seq15_1.0	R3	496	499	motif_substitution	.	.	.	.	.	.	.	.
EV_c7879fff13780a	seq15_1.0	R3	499	502	motif_substitution	.	.	.	.	.	.	.	.
EV_0f6b9f53cffa73	seq15_1.0	R3	505	508	motif_substitution	.	.	.	.	.	.	.	.
EV_82235b5ad6a41a	seq15_1.0	R3	508	511	motif_substitution	.	.	.	.	.	.	.	.
EV_1757fcd4fd230c	seq16_1.0	R1	258	261	motif_substitution	.	.	.	.	.	.	.	.
EV_4dd1b5a2cef61c	seq16_1.0	R1	276	279	motif_substitution	.	.	.	.	.	.	.	.
EV_cd575ac5c58a55	seq16_1.0	R1	279	282	motif_substitution	.	.	.	.	.	.	.	.
EV_fca913e3a21345	seq16_1.0	R2	306	309	motif_substitution	.	.	.	.	.	.	.	.
EV_1bb15dcb8eb2ed	seq16_1.0	R2	312	315	motif_substitution	.	.	.	.	.	.	.	.
EV_dc33f5290c5b83	seq16_1.0	R2	318	321	motif_substitution	.	.	.	.	.	.	.	.
EV_dfe4c7497029a5	seq16_1.0	R2	354	357	motif_substitution	.	.	.	.	.	.	.	.
EV_7a0d973865d569	seq16_1.0	R2	381	384	motif_substitution	.	.	.	.	.	.	.	.
EV_e05201c8e60e8a	seq16_1.0	R2	384	387	motif_substitution	.	.	.	.	.	.	.	.
EV_6a468a915b2168	seq16_1.0	R3	465	468	motif_substitution	.	.	.	.	.	.	.	.
EV_8465a5c849d32e	seq16_1.0	R3	501	504	motif_substitution	.	.	.	.	.	.	.	.
EV_12402d0e79d76d	seq16_1.0	R3	507	510	motif_substitution	.	.	.	.	.	.	.	.
EV_9990c17f70ffb3	seq16_1.0	R3	510	514	local_insertion	.	.	.	.	.	.	.	.
EV_9dbf0275af0f87	seq16_1.0	R3	514	517	motif_substitution	.	.	.	.	.	.	.	.
EV_d28c4c6001c962	seq16_1.0	R3	517	520	motif_substitution	.	.	.	.	.	.	.	.
EV_1def00d5e70c97	seq16_1.0	R3	523	526	motif_substitution	.	.	.	.	.	.	.	.
EV_04fc60432d7ad7	seq16_1.0	R3	526	529	motif_substitution	.	.	.	.	.	.	.	.
EV_95f6175abc7a85	seq17_3.0	R1	276	279	motif_substitution	.	.	.	.	.	.	.	.
EV_14955eb1c3a1fa	seq17_3.0	R1	279	282	motif_substitution	.	.	.	.	.	.	.	.
EV_59d46e9092d284	seq17_3.0	R2	306	309	motif_substitution	.	.	.	.	.	.	.	.
EV_36434a8e6b873d	seq17_3.0	R2	312	315	motif_substitution	.	.	.	.	.	.	.	.
EV_8a19c48b2cb936	seq17_3.0	R2	318	321	motif_substitution	.	.	.	.	.	.	.	.
EV_23b18f39dcba24	seq17_3.0	R2	339	342	motif_substitution	.	.	.	.	.	.	.	.
EV_c654a42cf31920	seq17_3.0	R2	366	369	motif_substitution	.	.	.	.	.	.	.	.
EV_e473cd19c0ec58	seq17_3.0	R2	369	372	motif_substitution	.	.	.	.	.	.	.	.
EV_58bdd9b92bb997	seq17_3.0	R3	450	453	motif_substitution	.	.	.	.	.	.	.	.
EV_b788e3e6bd520a	seq17_3.0	R3	471	474	motif_substitution	.	.	.	.	.	.	.	.
EV_0f2e85ba923d77	seq17_3.0	R3	477	480	motif_substitution	.	.	.	.	.	.	.	.
EV_bde0eec6e6ff9d	seq17_3.0	R3	480	484	local_insertion	.	.	.	.	.	.	.	.
EV_485443d3b2598c	seq17_3.0	R3	484	487	motif_substitution	.	.	.	.	.	.	.	.
EV_2b3a2dda8f423b	seq17_3.0	R3	487	490	motif_substitution	.	.	.	.	.	.	.	.
EV_712a91546a6119	seq17_3.0	R3	493	496	motif_substitution	.	.	.	.	.	.	.	.
EV_1891950bbc3a93	seq17_3.0	R3	496	499	motif_substitution	.	.	.	.	.	.	.	.
EV_81586a15c5b068	seq18_3.0	R1	258	261	motif_substitution	.	.	.	.	.	.	.	.
EV_869aafd6d70e76	seq18_3.0	R1	276	279	motif_substitution	.	.	.	.	.	.	.	.
EV_620e3698fec3d9	seq18_3.0	R1	279	282	motif_substitution	.	.	.	.	.	.	.	.
EV_87b69bd9530674	seq18_3.0	R2	306	309	motif_substitution	.	.	.	.	.	.	.	.
EV_40749ca91509c9	seq18_3.0	R2	312	315	motif_substitution	.	.	.	.	.	.	.	.
EV_cca4808f39a9fd	seq18_3.0	R2	318	321	motif_substitution	.	.	.	.	.	.	.	.
EV_99c778e30f4359	seq18_3.0	R2	342	345	motif_substitution	.	.	.	.	.	.	.	.
EV_f77e02739b6910	seq18_3.0	R2	369	372	motif_substitution	.	.	.	.	.	.	.	.
EV_633ec3bab3e25a	seq18_3.0	R2	372	375	motif_substitution	.	.	.	.	.	.	.	.
EV_e5ff512f961c3c	seq18_3.0	R3	453	456	motif_substitution	.	.	.	.	.	.	.	.
EV_e42e863a8c7d68	seq18_3.0	R3	483	486	motif_substitution	.	.	.	.	.	.	.	.
EV_945d10d77edb26	seq18_3.0	R3	489	492	motif_substitution	.	.	.	.	.	.	.	.
EV_e2b886ea45dc80	seq18_3.0	R3	492	496	local_insertion	.	.	.	.	.	.	.	.
EV_478512e52272c0	seq18_3.0	R3	496	499	motif_substitution	.	.	.	.	.	.	.	.
EV_093f838ded4a8c	seq18_3.0	R3	499	502	motif_substitution	.	.	.	.	.	.	.	.
EV_6c4af90f798199	seq18_3.0	R3	505	508	motif_substitution	.	.	.	.	.	.	.	.
EV_a9ce5db65a49b2	seq18_3.0	R3	508	511	motif_substitution	.	.	.	.	.	.	.	.
EV_af6178d41bebbf	seq19_13.0	R1	276	279	motif_substitution	.	.	.	.	.	.	.	.
EV_0ad588eb583590	seq19_13.0	R1	279	282	motif_substitution	.	.	.	.	.	.	.	.
EV_b30480a528779f	seq19_13.0	R2	306	309	motif_substitution	.	.	.	.	.	.	.	.
EV_e5fe3bb7d0984a	seq19_13.0	R2	312	315	motif_substitution	.	.	.	.	.	.	.	.
EV_0408c857136aa0	seq19_13.0	R2	318	321	motif_substitution	.	.	.	.	.	.	.	.
EV_a846ab08c6fef4	seq19_13.0	R2	333	336	motif_substitution	.	.	.	.	.	.	.	.
EV_b342e5ef4b088a	seq19_13.0	R2	360	363	motif_substitution	.	.	.	.	.	.	.	.
EV_a229c1ad57b2d5	seq19_13.0	R2	363	366	motif_substitution	.	.	.	.	.	.	.	.
EV_579117e267d87f	seq19_13.0	R3	444	447	motif_substitution	.	.	.	.	.	.	.	.
EV_438de2001d8021	seq19_13.0	R3	474	477	motif_substitution	.	.	.	.	.	.	.	.
EV_d7dcfd2afc8494	seq19_13.0	R3	480	483	motif_substitution	.	.	.	.	.	.	.	.
EV_fbd35ec2e11ec6	seq19_13.0	R3	483	487	local_insertion	.	.	.	.	.	.	.	.
EV_215a541bea83dc	seq19_13.0	R3	487	490	motif_substitution	.	.	.	.	.	.	.	.
EV_3d655370ec66e8	seq19_13.0	R3	490	493	motif_substitution	.	.	.	.	.	.	.	.
EV_830de2a8d88c46	seq19_13.0	R3	496	499	motif_substitution	.	.	.	.	.	.	.	.
EV_519048b837a861	seq19_13.0	R3	499	502	motif_substitution	.	.	.	.	.	.	.	.
EV_02b94c969a2d19	seq20_1.0	R1	276	279	motif_substitution	.	.	.	.	.	.	.	.
EV_5d89b54eeba11d	seq20_1.0	R1	279	282	motif_substitution	.	.	.	.	.	.	.	.
EV_3ba362d1935212	seq20_1.0	R2	306	309	motif_substitution	.	.	.	.	.	.	.	.
EV_252222f370fb87	seq20_1.0	R2	312	315	motif_substitution	.	.	.	.	.	.	.	.
EV_37a85ec2a756ed	seq20_1.0	R2	318	321	motif_substitution	.	.	.	.	.	.	.	.
EV_fb58cc9e275429	seq20_1.0	R2	369	372	motif_substitution	.	.	.	.	.	.	.	.
EV_1faad6379540d7	seq20_1.0	R2	372	375	motif_substitution	.	.	.	.	.	.	.	.
EV_2d360af0f2c7ca	seq20_1.0	R3	453	456	motif_substitution	.	.	.	.	.	.	.	.
EV_411192f5de2a4d	seq20_1.0	R3	483	486	motif_substitution	.	.	.	.	.	.	.	.
EV_de56c8e0f46ae0	seq20_1.0	R3	489	492	motif_substitution	.	.	.	.	.	.	.	.
EV_460bd132c3b7ef	seq20_1.0	R3	492	496	local_insertion	.	.	.	.	.	.	.	.
EV_87d6d353d23ab2	seq20_1.0	R3	496	499	motif_substitution	.	.	.	.	.	.	.	.
EV_5fbb653eab9849	seq20_1.0	R3	499	502	motif_substitution	.	.	.	.	.	.	.	.
EV_94f92156113f89	seq20_1.0	R3	505	508	motif_substitution	.	.	.	.	.	.	.	.
EV_3a532a4ddc4fd7	seq20_1.0	R3	508	511	motif_substitution	.	.	.	.	.	.	.	.
EV_2076687e81a8b6	seq21_1.0	R1	276	279	motif_substitution	.	.	.	.	.	.	.	.
EV_be4deced731297	seq21_1.0	R1	279	282	motif_substitution	.	.	.	.	.	.	.	.
EV_9da653882455d7	seq21_1.0	R2	306	309	motif_substitution	.	.	.	.	.	.	.	.
EV_338515b8a51fe4	seq21_1.0	R2	312	315	motif_substitution	.	.	.	.	.	.	.	.
EV_ff70d936dba30d	seq21_1.0	R2	318	321	motif_substitution	.	.	.	.	.	.	.	.
EV_3b8a50aa74465e	seq21_1.0	R2	333	336	motif_substitution	.	.	.	.	.	.	.	.
EV_c1be6d21bc9515	seq21_1.0	R2	363	366	motif_substitution	.	.	.	.	.	.	.	.
EV_d02a650c30e6cc	seq21_1.0	R2	366	369	motif_substitution	.	.	.	.	.	.	.	.
EV_7993c7f0775ca4	seq21_1.0	R3	447	450	motif_substitution	.	.	.	.	.	.	.	.
EV_a0ef0b3c6cb399	seq21_1.0	R3	477	480	motif_substitution	.	.	.	.	.	.	.	.
EV_83f13d1bf6736f	seq21_1.0	R3	483	486	motif_substitution	.	.	.	.	.	.	.	.
EV_b98fe2ac576743	seq21_1.0	R3	486	490	local_insertion	.	.	.	.	.	.	.	.
EV_dba363b4c03c10	seq21_1.0	R3	490	493	motif_substitution	.	.	.	.	.	.	.	.
EV_2b85955ced145e	seq21_1.0	R3	493	496	motif_substitution	.	.	.	.	.	.	.	.
EV_795ac85107b045	seq21_1.0	R3	499	502	motif_substitution	.	.	.	.	.	.	.	.
EV_7cd8b4542130de	seq21_1.0	R3	502	505	motif_substitution	.	.	.	.	.	.	.	.
EV_0e43d2f78cba2a	seq22_2.0	R1	276	279	motif_substitution	.	.	.	.	.	.	.	.
EV_aece9ff3cd9c49	seq22_2.0	R1	279	282	motif_substitution	.	.	.	.	.	.	.	.
EV_288871a39482c5	seq22_2.0	R2	306	309	motif_substitution	.	.	.	.	.	.	.	.
EV_67178e1a3845fc	seq22_2.0	R2	312	315	motif_substitution	.	.	.	.	.	.	.	.
EV_630320ebd01c47	seq22_2.0	R2	318	321	motif_substitution	.	.	.	.	.	.	.	.
EV_16fd04ef43e653	seq22_2.0	R2	324	327	motif_substitution	.	.	.	.	.	.	.	.
EV_61af19d0008fec	seq22_2.0	R2	339	342	motif_substitution	.	.	.	.	.	.	.	.
EV_b4a798e865cee3	seq22_2.0	R2	369	372	motif_substitution	.	.	.	.	.	.	.	.
EV_77031a7d066285	seq22_2.0	R2	372	375	motif_substitution	.	.	.	.	.	.	.	.
EV_84d28794a139eb	seq22_2.0	R3	453	456	motif_substitution	.	.	.	.	.	.	.	.
EV_b1e1a43d38e061	seq22_2.0	R3	483	486	motif_substitution	.	.	.	.	.	.	.	.
EV_3e8848fdf88aa5	seq22_2.0	R3	489	492	motif_substitution	.	.	.	.	.	.	.	.
EV_270b91b9b4173d	seq22_2.0	R3	492	496	local_insertion	.	.	.	.	.	.	.	.
EV_3b09dbd87a56f5	seq22_2.0	R3	496	499	motif_substitution	.	.	.	.	.	.	.	.
EV_176a92ece9b5ca	seq22_2.0	R3	499	502	motif_substitution	.	.	.	.	.	.	.	.
EV_db33179650bbdc	seq22_2.0	R3	505	508	motif_substitution	.	.	.	.	.	.	.	.
EV_82a5dd73cad5eb	seq22_2.0	R3	508	511	motif_substitution	.	.	.	.	.	.	.	.
EV_b92c6a3b0ec96c	seq23_12.0	R1	276	279	motif_substitution	.	.	.	.	.	.	.	.
EV_c61e33ad7a5fa8	seq23_12.0	R1	279	282	motif_substitution	.	.	.	.	.	.	.	.
EV_778185177cad34	seq23_12.0	R2	306	309	motif_substitution	.	.	.	.	.	.	.	.
EV_87975806d453b8	seq23_12.0	R2	312	315	motif_substitution	.	.	.	.	.	.	.	.
EV_57e8c08cd5be74	seq23_12.0	R2	318	321	motif_substitution	.	.	.	.	.	.	.	.
EV_f19b48f8471a05	seq23_12.0	R2	339	342	motif_substitution	.	.	.	.	.	.	.	.
EV_0facaeaef149f8	seq23_12.0	R2	369	372	motif_substitution	.	.	.	.	.	.	.	.
EV_2e108fbe9ef031	seq23_12.0	R2	372	375	motif_substitution	.	.	.	.	.	.	.	.
EV_2fc8707e0cf441	seq23_12.0	R3	453	456	motif_substitution	.	.	.	.	.	.	.	.
EV_1c0808fa7ae0d7	seq23_12.0	R3	483	486	motif_substitution	.	.	.	.	.	.	.	.
EV_d63e8ee738a4c6	seq23_12.0	R3	489	492	motif_substitution	.	.	.	.	.	.	.	.
EV_100ab7419e2d62	seq23_12.0	R3	492	496	local_insertion	.	.	.	.	.	.	.	.
EV_8d420155828266	seq23_12.0	R3	496	499	motif_substitution	.	.	.	.	.	.	.	.
EV_5fe5bcda2fdb29	seq23_12.0	R3	499	502	motif_substitution	.	.	.	.	.	.	.	.
EV_9b7aef1892c81a	seq23_12.0	R3	505	508	motif_substitution	.	.	.	.	.	.	.	.
EV_f0c390f6f18a50	seq23_12.0	R3	508	511	motif_substitution	.	.	.	.	.	.	.	.
EV_925fe691fbb421	seq24_1.0	R1	276	279	motif_substitution	.	.	.	.	.	.	.	.
EV_466576d42a9e34	seq24_1.0	R1	279	282	motif_substitution	.	.	.	.	.	.	.	.
EV_5dccade5c8549c	seq24_1.0	R2	306	309	motif_substitution	.	.	.	.	.	.	.	.
EV_510390ae1edd49	seq24_1.0	R2	312	315	motif_substitution	.	.	.	.	.	.	.	.
EV_f5b933fb5e7a17	seq24_1.0	R2	318	321	motif_substitution	.	.	.	.	.	.	.	.
EV_04b4f739b2fa92	seq24_1.0	R2	339	342	motif_substitution	.	.	.	.	.	.	.	.
EV_f07b94b13e4289	seq24_1.0	R2	366	369	motif_substitution	.	.	.	.	.	.	.	.
EV_40fd5837c5a0e0	seq24_1.0	R2	369	372	motif_substitution	.	.	.	.	.	.	.	.
EV_d04f3a43886d55	seq24_1.0	R3	450	453	motif_substitution	.	.	.	.	.	.	.	.
EV_43918a63128cc1	seq24_1.0	R3	480	483	motif_substitution	.	.	.	.	.	.	.	.
EV_53c90500763a68	seq24_1.0	R3	486	489	motif_substitution	.	.	.	.	.	.	.	.
EV_2bd76208e6a0ce	seq24_1.0	R3	489	493	local_insertion	.	.	.	.	.	.	.	.
EV_4353d413e2f6a5	seq24_1.0	R3	493	496	motif_substitution	.	.	.	.	.	.	.	.
EV_23cbe9a35a60b5	seq24_1.0	R3	496	499	motif_substitution	.	.	.	.	.	.	.	.
EV_fd7e498c4573cf	seq24_1.0	R3	502	505	motif_substitution	.	.	.	.	.	.	.	.
EV_b2b039117c4b8a	seq24_1.0	R3	505	508	motif_substitution	.	.	.	.	.	.	.	.
EV_4a780ac4644338	seq25_2.0	R1	258	261	motif_substitution	.	.	.	.	.	.	.	.
EV_218393b845336e	seq25_2.0	R1	276	279	motif_substitution	.	.	.	.	.	.	.	.
EV_7e849e2ce096d2	seq25_2.0	R1	279	282	motif_substitution	.	.	.	.	.	.	.	.
EV_8ff3afe495e8b9	seq25_2.0	R2	306	309	motif_substitution	.	.	.	.	.	.	.	.
EV_916ef2aac9631b	seq25_2.0	R2	312	315	motif_substitution	.	.	.	.	.	.	.	.
EV_32aead6537a2a6	seq25_2.0	R2	318	321	motif_substitution	.	.	.	.	.	.	.	.
EV_162000005a6541	seq25_2.0	R2	342	345	motif_substitution	.	.	.	.	.	.	.	.
EV_32e65ae3ad9614	seq25_2.0	R2	369	372	motif_substitution	.	.	.	.	.	.	.	.
EV_4e6448d138510c	seq25_2.0	R2	372	375	motif_substitution	.	.	.	.	.	.	.	.
EV_d9ce91c5d63a4c	seq25_2.0	R3	453	456	motif_substitution	.	.	.	.	.	.	.	.
EV_47604ba5f07443	seq25_2.0	R3	483	486	motif_substitution	.	.	.	.	.	.	.	.
EV_5ecdc670fcd73a	seq25_2.0	R3	489	492	motif_substitution	.	.	.	.	.	.	.	.
EV_e1f5e6b6b5d7b9	seq25_2.0	R3	492	496	local_insertion	.	.	.	.	.	.	.	.
EV_6acceef6e520cb	seq25_2.0	R3	496	499	motif_substitution	.	.	.	.	.	.	.	.
EV_28481fdcfb878e	seq25_2.0	R3	499	502	motif_substitution	.	.	.	.	.	.	.	.
EV_cb19b8ba7c1881	seq25_2.0	R3	505	508	motif_substitution	.	.	.	.	.	.	.	.
EV_9f0c9e746606b5	seq25_2.0	R3	508	511	motif_substitution	.	.	.	.	.	.	.	.
EV_a238b4dc5c277c	seq26_1.0	R1	276	279	motif_substitution	.	.	.	.	.	.	.	.
EV_2a0aaae93f0b59	seq26_1.0	R1	279	282	motif_substitution	.	.	.	.	.	.	.	.
EV_2f63ad65e7666c	seq26_1.0	R2	306	309	motif_substitution	.	.	.	.	.	.	.	.
EV_ee74c73c7b418b	seq26_1.0	R2	312	315	motif_substitution	.	.	.	.	.	.	.	.
EV_bbc2bd5602594d	seq26_1.0	R2	318	321	motif_substitution	.	.	.	.	.	.	.	.
EV_014c52e4538e73	seq26_1.0	R2	339	342	motif_substitution	.	.	.	.	.	.	.	.
EV_acfb5aa7bad1c3	seq26_1.0	R2	375	378	motif_substitution	.	.	.	.	.	.	.	.
EV_1cc30a59b8532a	seq26_1.0	R2	378	381	motif_substitution	.	.	.	.	.	.	.	.
EV_473d399b58eabd	seq26_1.0	R3	459	462	motif_substitution	.	.	.	.	.	.	.	.
EV_e0a473ccacc875	seq26_1.0	R3	489	492	motif_substitution	.	.	.	.	.	.	.	.
EV_b311f135e7b040	seq26_1.0	R3	495	498	motif_substitution	.	.	.	.	.	.	.	.
EV_8c310f36dc98e2	seq26_1.0	R3	498	502	local_insertion	.	.	.	.	.	.	.	.
EV_ed8c34ecabad62	seq26_1.0	R3	502	505	motif_substitution	.	.	.	.	.	.	.	.
EV_b7e8033d08a7ed	seq26_1.0	R3	505	508	motif_substitution	.	.	.	.	.	.	.	.
EV_8ca999e5199290	seq26_1.0	R3	511	514	motif_substitution	.	.	.	.	.	.	.	.
EV_df57e47868ae28	seq26_1.0	R3	514	517	motif_substitution	.	.	.	.	.	.	.	.
EV_992016b06236f6	seq27_3.0	R1	276	279	motif_substitution	.	.	.	.	.	.	.	.
EV_2a572b4bb1b5d4	seq27_3.0	R1	279	282	motif_substitution	.	.	.	.	.	.	.	.
EV_3dd25a1c9ba7b2	seq27_3.0	R2	306	309	motif_substitution	.	.	.	.	.	.	.	.
EV_e648b10defed56	seq27_3.0	R2	312	315	motif_substitution	.	.	.	.	.	.	.	.
EV_109a4048ca73df	seq27_3.0	R2	318	321	motif_substitution	.	.	.	.	.	.	.	.
EV_501a1a84f65fea	seq27_3.0	R2	324	327	motif_substitution	.	.	.	.	.	.	.	.
EV_9c5c1b5ee9dd0b	seq27_3.0	R2	339	342	motif_substitution	.	.	.	.	.	.	.	.
EV_f0d7533542c5f0	seq27_3.0	R2	366	369	motif_substitution	.	.	.	.	.	.	.	.
EV_ea3b7c68b88f73	seq27_3.0	R2	369	372	motif_substitution	.	.	.	.	.	.	.	.
EV_b5129baa232d9b	seq27_3.0	R3	450	453	motif_substitution	.	.	.	.	.	.	.	.
EV_c286a74d775793	seq27_3.0	R3	480	483	motif_substitution	.	.	.	.	.	.	.	.
EV_fa9a26aa148f85	seq27_3.0	R3	486	489	motif_substitution	.	.	.	.	.	.	.	.
EV_dcdf3c655a29da	seq27_3.0	R3	489	493	local_insertion	.	.	.	.	.	.	.	.
EV_b893523439eb64	seq27_3.0	R3	493	496	motif_substitution	.	.	.	.	.	.	.	.
EV_cf25e00203b999	seq27_3.0	R3	496	499	motif_substitution	.	.	.	.	.	.	.	.
EV_9b9f45b5819c2e	seq27_3.0	R3	502	505	motif_substitution	.	.	.	.	.	.	.	.
EV_dc4bc8f53d6544	seq27_3.0	R3	505	508	motif_substitution	.	.	.	.	.	.	.	.
EV_0c5346d682129f	seq28_3.0	R1	276	279	motif_substitution	.	.	.	.	.	.	.	.
EV_ce13eef560e1ca	seq28_3.0	R1	279	282	motif_substitution	.	.	.	.	.	.	.	.
EV_85bf93f6344103	seq28_3.0	R2	306	309	motif_substitution	.	.	.	.	.	.	.	.
EV_6a51f1002fd13a	seq28_3.0	R2	312	315	motif_substitution	.	.	.	.	.	.	.	.
EV_ad55e55f8ab563	seq28_3.0	R2	318	321	motif_substitution	.	.	.	.	.	.	.	.
EV_63bd5d0d9de24c	seq28_3.0	R2	339	342	motif_substitution	.	.	.	.	.	.	.	.
EV_e849faeaec9aeb	seq28_3.0	R2	366	369	motif_substitution	.	.	.	.	.	.	.	.
EV_02f0b9956fa580	seq28_3.0	R2	369	372	motif_substitution	.	.	.	.	.	.	.	.
EV_003505f77541d2	seq28_3.0	R3	450	453	motif_substitution	.	.	.	.	.	.	.	.
EV_c9ee7336081777	seq28_3.0	R3	486	489	motif_substitution	.	.	.	.	.	.	.	.
EV_51b32c4fc2e3e5	seq28_3.0	R3	489	493	local_insertion	.	.	.	.	.	.	.	.
EV_4c817fa99ac9c6	seq28_3.0	R3	493	496	motif_substitution	.	.	.	.	.	.	.	.
EV_f105b93ea47cd2	seq28_3.0	R3	496	499	motif_substitution	.	.	.	.	.	.	.	.
EV_7c9bf3c849b710	seq28_3.0	R3	502	505	motif_substitution	.	.	.	.	.	.	.	.
EV_54d68214d847b1	seq28_3.0	R3	505	508	motif_substitution	.	.	.	.	.	.	.	.
EV_38fa823e0d5f38	seq29_1.0	R1	276	279	motif_substitution	.	.	.	.	.	.	.	.
EV_cba73573da2600	seq29_1.0	R1	279	282	motif_substitution	.	.	.	.	.	.	.	.
EV_68126f9de63fb6	seq29_1.0	R2	306	309	motif_substitution	.	.	.	.	.	.	.	.
EV_6eeeaee498958b	seq29_1.0	R2	312	315	motif_substitution	.	.	.	.	.	.	.	.
EV_76ed2b6eb1507d	seq29_1.0	R2	318	321	motif_substitution	.	.	.	.	.	.	.	.
EV_d591470f62ab22	seq29_1.0	R2	339	342	motif_substitution	.	.	.	.	.	.	.	.
EV_5d1d4ee8288f09	seq29_1.0	R2	372	375	motif_substitution	.	.	.	.	.	.	.	.
EV_1c3c23c1b61c43	seq29_1.0	R2	375	378	motif_substitution	.	.	.	.	.	.	.	.
EV_af0efed214a60d	seq29_1.0	R3	456	459	motif_substitution	.	.	.	.	.	.	.	.
EV_9d02e5310406b8	seq29_1.0	R3	486	489	motif_substitution	.	.	.	.	.	.	.	.
EV_9d55d5b0a3e9d5	seq29_1.0	R3	492	495	motif_substitution	.	.	.	.	.	.	.	.
EV_898eab88f29853	seq29_1.0	R3	495	499	local_insertion	.	.	.	.	.	.	.	.
EV_717e9f28989357	seq29_1.0	R3	499	502	motif_substitution	.	.	.	.	.	.	.	.
EV_8a66057cdc6bbe	seq29_1.0	R3	502	505	motif_substitution	.	.	.	.	.	.	.	.
EV_c680b740b0b282	seq29_1.0	R3	508	511	motif_substitution	.	.	.	.	.	.	.	.
EV_68b54e4750045e	seq29_1.0	R3	511	514	motif_substitution	.	.	.	.	.	.	.	.
EV_050c7eba08b435	seq30_1.0	R1	276	279	motif_substitution	.	.	.	.	.	.	.	.
EV_5f07fbbaf1d135	seq30_1.0	R1	279	282	motif_substitution	.	.	.	.	.	.	.	.
EV_dd130ad73e4f0c	seq30_1.0	R2	306	309	motif_substitution	.	.	.	.	.	.	.	.
EV_5a4118f816a7e0	seq30_1.0	R2	312	315	motif_substitution	.	.	.	.	.	.	.	.
EV_96a83eef8179e8	seq30_1.0	R2	345	348	motif_substitution	.	.	.	.	.	.	.	.
EV_9b6ae43552f558	seq30_1.0	R2	372	375	motif_substitution	.	.	.	.	.	.	.	.
EV_72580144f7b027	seq30_1.0	R2	375	378	motif_substitution	.	.	.	.	.	.	.	.
EV_b76f54d6fee04a	seq30_1.0	R3	456	459	motif_substitution	.	.	.	.	.	.	.	.
EV_19fed9aa05168b	seq30_1.0	R3	483	486	motif_substitution	.	.	.	.	.	.	.	.
EV_ed323b3dff6474	seq30_1.0	R3	489	492	motif_substitution	.	.	.	.	.	.	.	.
EV_fce0270c3acb6b	seq30_1.0	R3	492	496	local_insertion	.	.	.	.	.	.	.	.
EV_25b6e02732c4a6	seq30_1.0	R3	496	499	motif_substitution	.	.	.	.	.	.	.	.
EV_36728203ce17f5	seq30_1.0	R3	499	502	motif_substitution	.	.	.	.	.	.	.	.
EV_d81a7dbfa1e9ed	seq30_1.0	R3	505	508	motif_substitution	.	.	.	.	.	.	.	.
EV_aceaa2d4052636	seq30_1.0	R3	508	511	motif_substitution	.	.	.	.	.	.	.	.
EV_94d3ccaf507de2	seq31_1.0	R1	258	261	motif_substitution	.	.	.	.	.	.	.	.
EV_2ac548c65d8883	seq31_1.0	R1	276	279	motif_substitution	.	.	.	.	.	.	.	.
EV_8033feeab9f359	seq31_1.0	R1	279	282	motif_substitution	.	.	.	.	.	.	.	.
EV_993765b8d25178	seq31_1.0	R2	306	309	motif_substitution	.	.	.	.	.	.	.	.
EV_a257ce7b951b9b	seq31_1.0	R2	312	315	motif_substitution	.	.	.	.	.	.	.	.
EV_e4a2ee0c7f7802	seq31_1.0	R2	318	321	motif_substitution	.	.	.	.	.	.	.	.
EV_31869f47b1be03	seq31_1.0	R2	354	357	motif_substitution	.	.	.	.	.	.	.	.
EV_5df414a45f651a	seq31_1.0	R2	357	360	motif_substitution	.	.	.	.	.	.	.	.
EV_e8da9f499c788f	seq31_1.0	R3	438	441	motif_substitution	.	.	.	.	.	.	.	.
EV_66789f9c810129	seq31_1.0	R3	468	471	motif_substitution	.	.	.	.	.	.	.	.
EV_ea6c81b4cc6cb6	seq31_1.0	R3	474	477	motif_substitution	.	.	.	.	.	.	.	.
EV_032883e14b93c7	seq31_1.0	R3	477	481	local_insertion	.	.	.	.	.	.	.	.
EV_b5922e5ae5cd73	seq31_1.0	R3	481	484	motif_substitution	.	.	.	.	.	.	.	.
EV_6a9edc71c8886b	seq31_1.0	R3	484	487	motif_substitution	.	.	.	.	.	.	.	.
EV_eded6f0114e434	seq31_1.0	R3	490	493	motif_substitution	.	.	.	.	.	.	.	.
EV_7f4399f7fd8a52	seq31_1.0	R3	493	496	motif_substitution	.	.	.	.	.	.	.	.
EV_494bf8ea7cac17	seq32_1.0	R1	258	261	motif_substitution	.	.	.	.	.	.	.	.
EV_235080d18975f5	seq32_1.0	R2	294	297	motif_substitution	.	.	.	.	.	.	.	.
EV_e6ccb1cb2b0160	seq32_1.0	R2	300	303	motif_substitution	.	.	.	.	.	.	.	.
EV_e89492b52cf7c3	seq32_1.0	R2	306	309	motif_substitution	.	.	.	.	.	.	.	.
EV_96f61271a2537a	seq32_1.0	R2	330	333	motif_substitution	.	.	.	.	.	.	.	.
EV_b4c35dd83690fd	seq32_1.0	R2	357	360	motif_substitution	.	.	.	.	.	.	.	.
EV_497ab9cd619845	seq32_1.0	R2	360	363	motif_substitution	.	.	.	.	.	.	.	.
EV_1d6200fca39c7c	seq32_1.0	R3	441	444	motif_substitution	.	.	.	.	.	.	.	.
EV_ef050ed335ce69	seq32_1.0	R3	471	474	motif_substitution	.	.	.	.	.	.	.	.
EV_7507e02a388388	seq32_1.0	R3	477	480	motif_substitution	.	.	.	.	.	.	.	.
EV_cdf1100b1929fe	seq32_1.0	R3	480	484	local_insertion	.	.	.	.	.	.	.	.
EV_65ffe0287475c1	seq32_1.0	R3	484	487	motif_substitution	.	.	.	.	.	.	.	.
EV_b678182cc81d99	seq32_1.0	R3	487	490	motif_substitution	.	.	.	.	.	.	.	.
EV_bc80a72f964119	seq32_1.0	R3	493	496	motif_substitution	.	.	.	.	.	.	.	.
EV_249f271b0f5f14	seq32_1.0	R3	496	499	motif_substitution	.	.	.	.	.	.	.	.
EV_7251aab85fee93	seq33_2.0	R1	258	261	motif_substitution	.	.	.	.	.	.	.	.
EV_2657e670bff7b1	seq33_2.0	R1	276	279	motif_substitution	.	.	.	.	.	.	.	.
EV_71c2943a5827c9	seq33_2.0	R1	279	282	motif_substitution	.	.	.	.	.	.	.	.
EV_2301a4174db5d1	seq33_2.0	R2	306	309	motif_substitution	.	.	.	.	.	.	.	.
EV_7b6d032fd95af3	seq33_2.0	R2	312	315	motif_substitution	.	.	.	.	.	.	.	.
EV_a695e64d49365c	seq33_2.0	R2	318	321	motif_substitution	.	.	.	.	.	.	.	.
EV_79e70074f985b9	seq33_2.0	R2	342	345	motif_substitution	.	.	.	.	.	.	.	.
EV_5e49eb70a7f2d8	seq33_2.0	R2	378	381	motif_substitution	.	.	.	.	.	.	.	.
EV_86f30490d8f8ce	seq33_2.0	R2	381	384	motif_substitution	.	.	.	.	.	.	.	.
EV_4814288bc6005b	seq33_2.0	R3	462	465	motif_substitution	.	.	.	.	.	.	.	.
EV_c40132aec47fff	seq33_2.0	R3	492	495	motif_substitution	.	.	.	.	.	.	.	.
EV_0372d97edf5a0f	seq33_2.0	R3	498	501	motif_substitution	.	.	.	.	.	.	.	.
EV_f82a41731d5551	seq33_2.0	R3	501	505	local_insertion	.	.	.	.	.	.	.	.
EV_36ee0b751bcdc2	seq33_2.0	R3	505	508	motif_substitution	.	.	.	.	.	.	.	.
EV_3d39a5476fef52	seq33_2.0	R3	508	511	motif_substitution	.	.	.	.	.	.	.	.
EV_e66860784cc474	seq33_2.0	R3	514	517	motif_substitution	.	.	.	.	.	.	.	.
EV_da8a3ea92ab0ee	seq33_2.0	R3	517	520	motif_substitution	.	.	.	.	.	.	.	.
EV_1d4f5072a1d579	seq34_1.0	R1	276	279	motif_substitution	.	.	.	.	.	.	.	.
EV_90eb546f2f61c7	seq34_1.0	R1	279	282	motif_substitution	.	.	.	.	.	.	.	.
EV_37c5df70bf6c56	seq34_1.0	R2	306	309	motif_substitution	.	.	.	.	.	.	.	.
EV_2601676296b9ff	seq34_1.0	R2	312	315	motif_substitution	.	.	.	.	.	.	.	.
EV_b51184a2d47455	seq34_1.0	R2	318	321	motif_substitution	.	.	.	.	.	.	.	.
EV_8054d43513871c	seq34_1.0	R2	339	342	motif_substitution	.	.	.	.	.	.	.	.
EV_9ce478084732ea	seq34_1.0	R2	372	375	motif_substitution	.	.	.	.	.	.	.	.
EV_5ffb0c2c703624	seq34_1.0	R2	375	378	motif_substitution	.	.	.	.	.	.	.	.
EV_b1ed6e58367957	seq34_1.0	R3	456	459	motif_substitution	.	.	.	.	.	.	.	.
EV_64a9e353379fac	seq34_1.0	R3	489	492	motif_substitution	.	.	.	.	.	.	.	.
EV_69e36c89ced85b	seq34_1.0	R3	495	498	motif_substitution	.	.	.	.	.	.	.	.
EV_1c5bb7d02ee531	seq34_1.0	R3	498	502	local_insertion	.	.	.	.	.	.	.	.
EV_e3505882e938cc	seq34_1.0	R3	502	505	motif_substitution	.	.	.	.	.	.	.	.
EV_1b500a491c4055	seq34_1.0	R3	505	508	motif_substitution	.	.	.	.	.	.	.	.
EV_316fc9a6f3a252	seq34_1.0	R3	511	514	motif_substitution	.	.	.	.	.	.	.	.
EV_7c0a3108f1572d	seq34_1.0	R3	514	517	motif_substitution	.	.	.	.	.	.	.	.
EV_df906bbb90ed32	seq35_1.0	R1	276	279	motif_substitution	.	.	.	.	.	.	.	.
EV_19f623d2fce6b4	seq35_1.0	R1	279	282	motif_substitution	.	.	.	.	.	.	.	.
EV_4153b4916ab6b7	seq35_1.0	R2	306	309	motif_substitution	.	.	.	.	.	.	.	.
EV_b44ad85fa02f52	seq35_1.0	R2	312	315	motif_substitution	.	.	.	.	.	.	.	.
EV_1ca907ae38db6e	seq35_1.0	R2	339	342	motif_substitution	.	.	.	.	.	.	.	.
EV_ea7d8d403970d3	seq35_1.0	R2	372	375	motif_substitution	.	.	.	.	.	.	.	.
EV_cf5f417167786d	seq35_1.0	R2	375	378	motif_substitution	.	.	.	.	.	.	.	.
EV_51870115b768c3	seq35_1.0	R3	456	459	motif_substitution	.	.	.	.	.	.	.	.
EV_c5d2b43c748680	seq35_1.0	R3	486	489	motif_substitution	.	.	.	.	.	.	.	.
EV_a02d428f8bd36d	seq35_1.0	R3	492	495	motif_substitution	.	.	.	.	.	.	.	.
EV_b3e523c55d1bea	seq35_1.0	R3	495	499	local_insertion	.	.	.	.	.	.	.	.
EV_59038733c8e17f	seq35_1.0	R3	499	502	motif_substitution	.	.	.	.	.	.	.	.
EV_a5511e0f2dc2bd	seq35_1.0	R3	502	505	motif_substitution	.	.	.	.	.	.	.	.
EV_b0d505c6ab962c	seq35_1.0	R3	508	511	motif_substitution	.	.	.	.	.	.	.	.
EV_fab765c314d58c	seq35_1.0	R3	511	514	motif_substitution	.	.	.	.	.	.	.	.
EV_e335d0d65e9076	seq36_1.0	R1	276	279	motif_substitution	.	.	.	.	.	.	.	.
EV_d22a6fd27d1bc0	seq36_1.0	R1	279	282	motif_substitution	.	.	.	.	.	.	.	.
EV_7eb3ccc70e0b04	seq36_1.0	R2	306	309	motif_substitution	.	.	.	.	.	.	.	.
EV_4cbedb709caa60	seq36_1.0	R2	312	315	motif_substitution	.	.	.	.	.	.	.	.
EV_6f10221e3c1ef0	seq36_1.0	R2	318	321	motif_substitution	.	.	.	.	.	.	.	.
EV_d9950905383a47	seq36_1.0	R2	339	342	motif_substitution	.	.	.	.	.	.	.	.
EV_7ee2c3e5ffc6ac	seq36_1.0	R2	366	369	motif_substitution	.	.	.	.	.	.	.	.
EV_2d232f0117d1b1	seq36_1.0	R2	369	372	motif_substitution	.	.	.	.	.	.	.	.
EV_215286036a0cc4	seq36_1.0	R3	450	453	motif_substitution	.	.	.	.	.	.	.	.
EV_e39bfd83c4b883	seq36_1.0	R3	480	483	motif_substitution	.	.	.	.	.	.	.	.
EV_42f455beaa157e	seq36_1.0	R3	486	489	motif_substitution	.	.	.	.	.	.	.	.
EV_92a1ddef51c28e	seq36_1.0	R3	489	493	local_insertion	.	.	.	.	.	.	.	.
EV_1fe2930f0261d3	seq36_1.0	R3	493	496	motif_substitution	.	.	.	.	.	.	.	.
EV_ff9b68d949c886	seq36_1.0	R3	496	499	motif_substitution	.	.	.	.	.	.	.	.
EV_27237b6e2aa494	seq36_1.0	R3	502	505	motif_substitution	.	.	.	.	.	.	.	.
EV_3649a2083398e5	seq36_1.0	R3	505	508	motif_substitution	.	.	.	.	.	.	.	.
EV_55c71659d6e48f	seq37_1.0	R1	258	261	motif_substitution	.	.	.	.	.	.	.	.
EV_4b43a173e792d9	seq37_1.0	R1	276	279	motif_substitution	.	.	.	.	.	.	.	.
EV_0202fd4ad99fc4	seq37_1.0	R1	279	282	motif_substitution	.	.	.	.	.	.	.	.
EV_184e1e478badf0	seq37_1.0	R2	306	309	motif_substitution	.	.	.	.	.	.	.	.
EV_1697aa3e1bc111	seq37_1.0	R2	312	315	motif_substitution	.	.	.	.	.	.	.	.
EV_334091678006ab	seq37_1.0	R2	318	321	motif_substitution	.	.	.	.	.	.	.	.
EV_1e52041f151046	seq37_1.0	R2	342	345	motif_substitution	.	.	.	.	.	.	.	.
EV_63a632e7adf21d	seq37_1.0	R2	369	372	motif_substitution	.	.	.	.	.	.	.	.
EV_5fd29e71a4f3ac	seq37_1.0	R2	372	375	motif_substitution	.	.	.	.	.	.	.	.
EV_33c22403b8dba2	seq37_1.0	R3	453	456	motif_substitution	.	.	.	.	.	.	.	.
EV_228f4612fb861d	seq37_1.0	R3	486	489	motif_substitution	.	.	.	.	.	.	.	.
EV_e694626b0c7bdc	seq37_1.0	R3	492	495	motif_substitution	.	.	.	.	.	.	.	.
EV_68ad032caf721d	seq37_1.0	R3	495	499	local_insertion	.	.	.	.	.	.	.	.
EV_18e4a76cf6075c	seq37_1.0	R3	499	502	motif_substitution	.	.	.	.	.	.	.	.
EV_e34d7090ec9021	seq37_1.0	R3	502	505	motif_substitution	.	.	.	.	.	.	.	.
EV_a7b115dc5efb98	seq37_1.0	R3	508	511	motif_substitution	.	.	.	.	.	.	.	.
EV_84775c58d888cf	seq37_1.0	R3	511	514	motif_substitution	.	.	.	.	.	.	.	.
EV_3d211e767a0d57	seq38_1.0	R1	258	261	motif_substitution	.	.	.	.	.	.	.	.
EV_f0b64aa3e323a1	seq38_1.0	R1	276	279	motif_substitution	.	.	.	.	.	.	.	.
EV_8605f65d665cdb	seq38_1.0	R1	279	282	motif_substitution	.	.	.	.	.	.	.	.
EV_9184488671e31b	seq38_1.0	R2	306	309	motif_substitution	.	.	.	.	.	.	.	.
EV_23cfcbde9b6dc5	seq38_1.0	R2	312	315	motif_substitution	.	.	.	.	.	.	.	.
EV_03b02431864f14	seq38_1.0	R2	318	321	motif_substitution	.	.	.	.	.	.	.	.
EV_36877e904efc4b	seq38_1.0	R2	354	357	motif_substitution	.	.	.	.	.	.	.	.
EV_12476f4d566754	seq38_1.0	R2	381	384	motif_substitution	.	.	.	.	.	.	.	.
EV_1d258838d91596	seq38_1.0	R2	384	387	motif_substitution	.	.	.	.	.	.	.	.
EV_acfb25466af172	seq38_1.0	R3	465	468	motif_substitution	.	.	.	.	.	.	.	.
EV_03bdeb4893cf05	seq38_1.0	R3	495	498	motif_substitution	.	.	.	.	.	.	.	.
EV_0b1450451a6946	seq38_1.0	R3	501	504	motif_substitution	.	.	.	.	.	.	.	.
EV_e26ca9554e0581	seq38_1.0	R3	504	508	local_insertion	.	.	.	.	.	.	.	.
EV_e0d1b3c582aa19	seq38_1.0	R3	508	511	motif_substitution	.	.	.	.	.	.	.	.
EV_38a8a3a22133dd	seq38_1.0	R3	511	514	motif_substitution	.	.	.	.	.	.	.	.
EV_473d74cc2d1da4	seq38_1.0	R3	517	520	motif_substitution	.	.	.	.	.	.	.	.
EV_9b4d7bacf15afd	seq38_1.0	R3	520	523	motif_substitution	.	.	.	.	.	.	.	.
EV_4973c058a1eea5	seq39_1.0	R1	276	279	motif_substitution	.	.	.	.	.	.	.	.
EV_8e2120ff8ce34b	seq39_1.0	R1	279	282	motif_substitution	.	.	.	.	.	.	.	.
EV_71d4abaa4d1d5a	seq39_1.0	R2	306	309	motif_substitution	.	.	.	.	.	.	.	.
EV_65aeb586f2996f	seq39_1.0	R2	312	315	motif_substitution	.	.	.	.	.	.	.	.
EV_ed6c92dac566ee	seq39_1.0	R2	318	321	motif_substitution	.	.	.	.	.	.	.	.
EV_232fac84528067	seq39_1.0	R2	333	336	motif_substitution	.	.	.	.	.	.	.	.
EV_534ef52679d1c4	seq39_1.0	R2	360	363	motif_substitution	.	.	.	.	.	.	.	.
EV_9b045bff5833c9	seq39_1.0	R2	363	366	motif_substitution	.	.	.	.	.	.	.	.
EV_b7d8bfdad1ae72	seq39_1.0	R3	444	447	motif_substitution	.	.	.	.	.	.	.	.
EV_ceae0904736e67	seq39_1.0	R3	474	477	motif_substitution	.	.	.	.	.	.	.	.
EV_7bce934d4f847a	seq39_1.0	R3	480	483	motif_substitution	.	.	.	.	.	.	.	.
EV_a4d006d2d95040	seq39_1.0	R3	483	487	local_insertion	.	.	.	.	.	.	.	.
EV_1d4cccd12994d6	seq39_1.0	R3	487	490	motif_substitution	.	.	.	.	.	.	.	.
EV_1f23e5da2fe847	seq39_1.0	R3	490	493	motif_substitution	.	.	.	.	.	.	.	.
EV_c79ebe82339a4b	seq39_1.0	R3	496	499	motif_substitution	.	.	.	.	.	.	.	.
EV_f845b8ec293d6d	seq39_1.0	R3	499	502	motif_substitution	.	.	.	.	.	.	.	.
EV_c5dfba2b5021bd	seq40_1.0	R1	276	279	motif_substitution	.	.	.	.	.	.	.	.
EV_7ce9561438e925	seq40_1.0	R1	279	282	motif_substitution	.	.	.	.	.	.	.	.
EV_8e10eef13e73ac	seq40_1.0	R2	306	309	motif_substitution	.	.	.	.	.	.	.	.
EV_5d12b5dd7134c3	seq40_1.0	R2	312	315	motif_substitution	.	.	.	.	.	.	.	.
EV_5499c131a31505	seq40_1.0	R2	318	321	motif_substitution	.	.	.	.	.	.	.	.
EV_5a089af2e5f791	seq40_1.0	R2	345	348	motif_substitution	.	.	.	.	.	.	.	.
EV_d489f75a528691	seq40_1.0	R2	372	375	motif_substitution	.	.	.	.	.	.	.	.
EV_6611f67bd5ac52	seq40_1.0	R2	375	378	motif_substitution	.	.	.	.	.	.	.	.
EV_16e7a0c958ed9e	seq40_1.0	R3	456	459	motif_substitution	.	.	.	.	.	.	.	.
EV_dc6da5ea6f4ded	seq40_1.0	R3	486	489	motif_substitution	.	.	.	.	.	.	.	.
EV_0c4c62b8d75365	seq40_1.0	R3	492	495	motif_substitution	.	.	.	.	.	.	.	.
EV_02c4efc95d6f80	seq40_1.0	R3	495	499	local_insertion	.	.	.	.	.	.	.	.
EV_53449fd222a696	seq40_1.0	R3	499	502	motif_substitution	.	.	.	.	.	.	.	.
EV_929df63009f78d	seq40_1.0	R3	502	505	motif_substitution	.	.	.	.	.	.	.	.
EV_e0929896dff4a9	seq40_1.0	R3	508	511	motif_substitution	.	.	.	.	.	.	.	.
EV_0b4fe97c1bdb43	seq40_1.0	R3	511	514	motif_substitution	.	.	.	.	.	.	.	.
EV_e0597775424af2	seq41_1.0	R1	258	261	motif_substitution	.	.	.	.	.	.	.	.
EV_633ab909fd446c	seq41_1.0	R1	276	279	motif_substitution	.	.	.	.	.	.	.	.
EV_bd78ba82e7d6cf	seq41_1.0	R1	279	282	motif_substitution	.	.	.	.	.	.	.	.
EV_8d2baca8bf97d5	seq41_1.0	R2	306	309	motif_substitution	.	.	.	.	.	.	.	.
EV_ea3f01570904d5	seq41_1.0	R2	312	315	motif_substitution	.	.	.	.	.	.	.	.
EV_525efb6eb8f4e5	seq41_1.0	R2	336	339	motif_substitution	.	.	.	.	.	.	.	.
EV_8e59a817dbeae2	seq41_1.0	R2	363	366	motif_substitution	.	.	.	.	.	.	.	.
EV_0818ec1843db64	seq41_1.0	R2	366	369	motif_substitution	.	.	.	.	.	.	.	.
EV_e27ceeaf672f37	seq41_1.0	R3	447	450	motif_substitution	.	.	.	.	.	.	.	.
EV_f97d4bedadf594	seq41_1.0	R3	477	480	motif_substitution	.	.	.	.	.	.	.	.
EV_cbeedec63f8099	seq41_1.0	R3	483	486	motif_substitution	.	.	.	.	.	.	.	.
EV_ac93ece98851a7	seq41_1.0	R3	486	490	local_insertion	.	.	.	.	.	.	.	.
EV_516800b4c3db65	seq41_1.0	R3	490	493	motif_substitution	.	.	.	.	.	.	.	.
EV_f2231f5f559686	seq41_1.0	R3	493	496	motif_substitution	.	.	.	.	.	.	.	.
EV_46aa22f22d1479	seq41_1.0	R3	499	502	motif_substitution	.	.	.	.	.	.	.	.
EV_022db0398a65bd	seq41_1.0	R3	502	505	motif_substitution	.	.	.	.	.	.	.	.
EV_cdd1ae6aa0ec3e	seq42_1.0	R1	276	279	motif_substitution	.	.	.	.	.	.	.	.
EV_9d40bfa1626e3d	seq42_1.0	R1	279	282	motif_substitution	.	.	.	.	.	.	.	.
EV_6578066c4624b9	seq42_1.0	R2	306	309	motif_substitution	.	.	.	.	.	.	.	.
EV_207820206f33e8	seq42_1.0	R2	312	315	motif_substitution	.	.	.	.	.	.	.	.
EV_311bb184d9b16d	seq42_1.0	R2	318	321	motif_substitution	.	.	.	.	.	.	.	.
EV_a07efdf8012776	seq42_1.0	R2	339	342	motif_substitution	.	.	.	.	.	.	.	.
EV_172f32483d536c	seq42_1.0	R2	366	369	motif_substitution	.	.	.	.	.	.	.	.
EV_bce0388e2bc63d	seq42_1.0	R2	369	372	motif_substitution	.	.	.	.	.	.	.	.
EV_8361fe776aba89	seq42_1.0	R3	450	453	motif_substitution	.	.	.	.	.	.	.	.
EV_445d8ec2c50e4c	seq42_1.0	R3	480	483	motif_substitution	.	.	.	.	.	.	.	.
EV_8c4fd3f276e526	seq42_1.0	R3	486	489	motif_substitution	.	.	.	.	.	.	.	.
EV_a0c7947332caf0	seq42_1.0	R3	489	493	local_insertion	.	.	.	.	.	.	.	.
EV_9ac24e21161be7	seq42_1.0	R3	493	496	motif_substitution	.	.	.	.	.	.	.	.
EV_10e9beea517b8c	seq42_1.0	R3	496	499	motif_substitution	.	.	.	.	.	.	.	.
EV_72bca70589b513	seq42_1.0	R3	502	505	motif_substitution	.	.	.	.	.	.	.	.
EV_b141703d48e57f	seq42_1.0	R3	505	508	motif_substitution	.	.	.	.	.	.	.	.
EV_73ea29f99c8da7	seq43_1.0	R1	258	261	motif_substitution	.	.	.	.	.	.	.	.
EV_2f044dcb8fd5b5	seq43_1.0	R1	276	279	motif_substitution	.	.	.	.	.	.	.	.
EV_7464f69b22d446	seq43_1.0	R1	279	282	motif_substitution	.	.	.	.	.	.	.	.
EV_a69aa21cb791ef	seq43_1.0	R2	306	309	motif_substitution	.	.	.	.	.	.	.	.
EV_4c9cd36f47f409	seq43_1.0	R2	312	315	motif_substitution	.	.	.	.	.	.	.	.
EV_a6c76214e9b0ed	seq43_1.0	R2	318	321	motif_substitution	.	.	.	.	.	.	.	.
EV_c455cad1743606	seq43_1.0	R2	342	345	motif_substitution	.	.	.	.	.	.	.	.
EV_f2a620b269375f	seq43_1.0	R2	369	372	motif_substitution	.	.	.	.	.	.	.	.
EV_10c154c707ab93	seq43_1.0	R2	372	375	motif_substitution	.	.	.	.	.	.	.	.
EV_5bf3f5a58d2df0	seq43_1.0	R3	453	456	motif_substitution	.	.	.	.	.	.	.	.
EV_42a9d8bdf79822	seq43_1.0	R3	483	486	motif_substitution	.	.	.	.	.	.	.	.
EV_a69a7e2d3d2c2a	seq43_1.0	R3	489	492	motif_substitution	.	.	.	.	.	.	.	.
EV_641e9fe6a11810	seq43_1.0	R3	492	496	local_insertion	.	.	.	.	.	.	.	.
EV_24953395a31117	seq43_1.0	R3	496	499	motif_substitution	.	.	.	.	.	.	.	.
EV_be6f5c071ea2fb	seq43_1.0	R3	499	502	motif_substitution	.	.	.	.	.	.	.	.
EV_0362ed2309854a	seq43_1.0	R3	505	508	motif_substitution	.	.	.	.	.	.	.	.
EV_588918aa44ad33	seq43_1.0	R3	508	511	motif_substitution	.	.	.	.	.	.	.	.
EV_4ea1a420e0086d	seq44_1.0	R1	258	261	motif_substitution	.	.	.	.	.	.	.	.
EV_24ccc57fa427ae	seq44_1.0	R1	276	279	motif_substitution	.	.	.	.	.	.	.	.
EV_1a51f990e51664	seq44_1.0	R1	279	282	motif_substitution	.	.	.	.	.	.	.	.
EV_a017fc28ab4998	seq44_1.0	R2	306	309	motif_substitution	.	.	.	.	.	.	.	.
EV_df73b62c2d2551	seq44_1.0	R2	312	315	motif_substitution	.	.	.	.	.	.	.	.
EV_ed2c2c5f78951e	seq44_1.0	R2	318	321	motif_substitution	.	.	.	.	.	.	.	.
EV_7ab88ce1a3d916	seq44_1.0	R2	336	339	motif_substitution	.	.	.	.	.	.	.	.
EV_263b8f78d3c997	seq44_1.0	R2	363	366	motif_substitution	.	.	.	.	.	.	.	.
EV_7982c301df92fe	seq44_1.0	R2	366	369	motif_substitution	.	.	.	.	.	.	.	.
EV_92fbe0929d1295	seq44_1.0	R3	447	450	motif_substitution	.	.	.	.	.	.	.	.
EV_02a5eafd3b9978	seq44_1.0	R3	477	480	motif_substitution	.	.	.	.	.	.	.	.
EV_2671854d4ae816	seq44_1.0	R3	483	486	motif_substitution	.	.	.	.	.	.	.	.
EV_d1e3e6dbd038b3	seq44_1.0	R3	486	490	local_insertion	.	.	.	.	.	.	.	.
EV_e4a757112f6244	seq44_1.0	R3	490	493	motif_substitution	.	.	.	.	.	.	.	.
EV_494ba258c2c335	seq44_1.0	R3	493	496	motif_substitution	.	.	.	.	.	.	.	.
EV_7d06b031898c23	seq44_1.0	R3	499	502	motif_substitution	.	.	.	.	.	.	.	.
EV_1dfd598d8becdb	seq44_1.0	R3	502	505	motif_substitution	.	.	.	.	.	.	.	.
EV_d833dc2e84badc	seq45_1.0	R1	270	273	motif_substitution	.	.	.	.	.	.	.	.
EV_285d82e628c8ac	seq45_1.0	R1	273	276	motif_substitution	.	.	.	.	.	.	.	.
EV_64ec657c5d7c8d	seq45_1.0	R2	300	303	motif_substitution	.	.	.	.	.	.	.	.
EV_e46ccbcd49a5c0	seq45_1.0	R2	306	309	motif_substitution	.	.	.	.	.	.	.	.
EV_2308faf61ce17d	seq45_1.0	R2	312	315	motif_substitution	.	.	.	.	.	.	.	.
EV_9058aed78595c3	seq45_1.0	R2	333	336	motif_substitution	.	.	.	.	.	.	.	.
EV_282eeb4743e866	seq45_1.0	R2	360	363	motif_substitution	.	.	.	.	.	.	.	.
EV_bd999fefa5c033	seq45_1.0	R2	363	366	motif_substitution	.	.	.	.	.	.	.	.
EV_dd19fc814a9f8f	seq45_1.0	R3	444	447	motif_substitution	.	.	.	.	.	.	.	.
EV_f1e9b848b30537	seq45_1.0	R3	474	477	motif_substitution	.	.	.	.	.	.	.	.
EV_e6a4b38ece3fd9	seq45_1.0	R3	480	483	motif_substitution	.	.	.	.	.	.	.	.
EV_713471c53a9b20	seq45_1.0	R3	483	487	local_insertion	.	.	.	.	.	.	.	.
EV_f92e1920c99992	seq45_1.0	R3	487	490	motif_substitution	.	.	.	.	.	.	.	.
EV_18305c9f47e74a	seq45_1.0	R3	490	493	motif_substitution	.	.	.	.	.	.	.	.
EV_393655cfc5fa78	seq45_1.0	R3	496	499	motif_substitution	.	.	.	.	.	.	.	.
EV_5c94cb6fb97b7b	seq45_1.0	R3	499	502	motif_substitution	.	.	.	.	.	.	.	.
