event_id	read_evidence_rows	hq_spanning_reads	hq_supporting_reads	supporting_strands	both_strands_supported	read_support_fraction	platforms	supporting_callers	validation_status	validation_reason
EV_4e1d5ab4703b38	0	0	0	-	0	0.00000000	-	-	assembly_only_unvalidated	no_read_evidence
EV_5958ce27705a62	0	0	0	-	0	0.00000000	-	-	assembly_only_unvalidated	no_read_evidence
EV_4781e53a5d1027	0	0	0	-	0	0.00000000	-	-	assembly_only_unvalidated	no_read_evidence
EV_d60607393240ff	0	0	0	-	0	0.00000000	-	-	assembly_only_unvalidated	no_read_evidence
EV_539da8abecb8bb	0	0	0	-	0	0.00000000	-	-	assembly_only_unvalidated	no_read_evidence
EV_a485896a031797	0	0	0	-	0	0.00000000	-	-	assembly_only_unvalidated	no_read_evidence
EV_17a1b403d93304	0	0	0	-	0	0.00000000	-	-	assembly_only_unvalidated	no_read_evidence
EV_809c3309643f46	0	0	0	-	0	0.00000000	-	-	assembly_only_unvalidated	no_read_evidence
EV_bbac89414b6df4	0	0	0	-	0	0.00000000	-	-	assembly_only_unvalidated	no_read_evidence
EV_48fe16d641429f	0	0	0	-	0	0.00000000	-	-	assembly_only_unvalidated	no_read_evidence
EV_eeae61341aa63d	0	0	0	-	0	0.00000000	-	-	assembly_only_unvalidated	no_read_evidence
EV_2897348ef5d6b7	0	0	0	-	0	0.00000000	-	-	assembly_only_unvalidated	no_read_evidence
EV_7284cba3a38944	0	0	0	-	0	0.00000000	-	-	assembly_only_unvalidated	no_read_evidence
EV_fca5e8dc74fd15	0	0	0	-	0	0.00000000	-	-	assembly_only_unvalidated	no_read_evidence
EV_e0e83bbba5b633	0	0	0	-	0	0.00000000	-	-	assembly_only_unvalidated	no_read_evidence
EV_45758c9e53b5e3	0	0	0	-	0	0.00000000	-	-	assembly_only_unvalidated	no_read_evidence
EV_c83f5bba0e15cf	0	0	0	-	0	0.00000000	-	-	assembly_only_unvalidated	no_read_evidence
EV_83cbafaace4579	0	0	0	-	0	0.00000000	-	-	assembly_only_unvalidated	no_read_evidence
EV_416c1880ddd2e9	0	0	0	-	0	0.00000000	-	-	assembly_only_unvalidated	no_read_evidence
EV_dcda0a97de9f54	0	0	0	-	0	0.00000000	-	-	assembly_only_unvalidated	no_read_evidence
EV_058a0b174014f0	0	0	0	-	0	0.00000000	-	-	assembly_only_unvalidated	no_read_evidence
EV_38f0b82d95ff18	0	0	0	-	0	0.00000000	-	-	assembly_only_unvalidated	no_read_evidence
EV_ed7ca58653c439	0	0	0	-	0	0.00000000	-	-	assembly_only_unvalidated	no_read_evidence
EV_865dada30249fa	0	0	0	-	0	0.00000000	-	-	assembly_only_unvalidated	no_read_evidence
EV_f870087593ea6a	0	0	0	-	0	0.00000000	-	-	assembly_only_unvalidated	no_read_evidence
EV_3e1cd5a7b91c35	0	0	0	-	0	0.00000000	-	-	assembly_only_unvalidated	no_read_evidence
EV_8973e8e578360a	0	0	0	-	0	0.00000000	-	-	assembly_only_unvalidated	no_read_evidence
EV_d91d388e769461	0	0	0	-	0	0.00000000	-	-	assembly_only_unvalidated	no_read_evidence
EV_6b344d19f19757	0	0	0	-	0	0.00000000	-	-	assembly_only_unvalidated	no_read_evidence
EV_bf276807ad9a72	0	0	0	-	0	0.00000000	-	-	assembly_only_unvalidated	no_read_evidence
EV_7475a737a7360a	0	0	0	-	0	0.00000000	-	-	assembly_only_unvalidated	no_read_evidence
EV_082e22b3e045a3	0	0	0	-	0	0.00000000	-	-	assembly_only_unvalidated	no_read_evidence
EV_b57e0dd61e1bc8	0	0	0	-	0	0.00000000	-	-	assembly_only_unvalidated	no_read_evidence
EV_85db8e8f65cc76	0	0	0	-	0	0.00000000	-	-	assembly_only_unvalidated	no_read_evidence
EV_e78d4d6d480cb6	0	0	0	-	0	0.00000000	-	-	assembly_only_unvalidated	no_read_evidence
EV_fdb8f4d7bd3c0d	0	0	0	-	0	0.00000000	-	-	assembly_only_unvalidated	no_read_evidence
EV_8d5750a93b17af	0	0	0	-	0	0.00000000	-	-	assembly_only_unvalidated	no_read_evidence
EV_9d35e391d9afb9	0	0	0	-	0	0.00000000	-	-	assembly_only_unvalidated	no_read_evidence
EV_006ec5e0c3c9e8	0	0	0	-	0	0.00000000	-	-	assembly_only_unvalidated	no_read_evidence
EV_c835df7f133ab5	0	0	0	-	0	0.00000000	-	-	assembly_only_unvalidated	no_read_evidence
EV_5fb2c7aa9158da	0	0	0	-	0	0.00000000	-	-	assembly_only_unvalidated	no_read_evidence
EV_c5285eefdbfcdd	0	0	0	-	0	0.00000000	-	-	assembly_only_unvalidated	no_read_evidence
EV_58c24a690aff85	0	0	0	-	0	0.00000000	-	-	assembly_only_unvalidated	no_read_evidence
EV_c6804bdcde8383	0	0	0	-	0	0.00000000	-	-	assembly_only_unvalidated	no_read_evidence
EV_9bc81d2f093135	0	0	0	-	0	0.00000000	-	-	assembly_only_unvalidated	no_read_evidence
EV_d78cd3f0447bcb	0	0	0	-	0	0.00000000	-	-	assembly_only_unvalidated	no_read_evidence
EV_38f10054a17d55	0	0	0	-	0	0.00000000	-	-	assembly_only_unvalidated	no_read_evidence
EV_350c58942b9d4f	0	0	0	-	0	0.00000000	-	-	assembly_only_unvalidated	no_read_evidence
EV_8516a7c1f860b9	0	0	0	-	0	0.00000000	-	-	assembly_only_unvalidated	no_read_evidence
EV_cc038adec8d3e3	0	0	0	-	0	0.00000000	-	-	assembly_only_unvalidated	no_read_evidence
EV_ddf1550521899c	0	0	0	-	0	0.00000000	-	-	assembly_only_unvalidated	no_read_evidence
EV_75201c5bf878a6	0	0	0	-	0	0.00000000	-	-	assembly_only_unvalidated	no_read_evidence
EV_66cd52d68f8501	0	0	0	-	0	0.00000000	-	-	assembly_only_unvalidated	no_read_evidence
EV_03085bb26c4ab0	0	0	0	-	0	0.00000000	-	-	assembly_only_unvalidated	no_read_evidence
EV_e0efa80f7d85fb	0	0	0	-	0	0.00000000	-	-	assembly_only_unvalidated	no_read_evidence
EV_52cc47b77da32e	0	0	0	-	0	0.00000000	-	-	assembly_only_unvalidated	no_read_evidence
EV_02a1f5d3d8dfb3	0	0	0	-	0	0.00000000	-	-	assembly_only_unvalidated	no_read_evidence
EV_bef4de2ac93947	0	0	0	-	0	0.00000000	-	-	assembly_only_unvalidated	no_read_evidence
EV_2dbff6e87ddc04	0	0	0	-	0	0.00000000	-	-	assembly_only_unvalidated	no_read_evidence
EV_0fb1d090eab3e4	0	0	0	-	0	0.00000000	-	-	assembly_only_unvalidated	no_read_evidence
EV_508b4c522f40b6	0	0	0	-	0	0.00000000	-	-	assembly_only_unvalidated	no_read_evidence
EV_35bd704002cbbd	0	0	0	-	0	0.00000000	-	-	assembly_only_unvalidated	no_read_evidence
EV_f695c4aaef8333	0	0	0	-	0	0.00000000	-	-	assembly_only_unvalidated	no_read_evidence
EV_bedcfa7f8f6b36	0	0	0	-	0	0.00000000	-	-	assembly_only_unvalidated	no_read_evidence
EV_9e42327e1eefa7	0	0	0	-	0	0.00000000	-	-	assembly_only_unvalidated	no_read_evidence
EV_e895fb5d7ea7d7	0	0	0	-	0	0.00000000	-	-	assembly_only_unvalidated	no_read_evidence
EV_efa1a8eeb7d7cf	0	0	0	-	0	0.00000000	-	-	assembly_only_unvalidated	no_read_evidence
EV_1aaa300c1abcfb	0	0	0	-	0	0.00000000	-	-	assembly_only_unvalidated	no_read_evidence
EV_cb5b08a652bf61	0	0	0	-	0	0.00000000	-	-	assembly_only_unvalidated	no_read_evidence
EV_0ed5d41cf8657a	0	0	0	-	0	0.00000000	-	-	assembly_only_unvalidated	no_read_evidence
EV_92213823a9fee8	0	0	0	-	0	0.00000000	-	-	assembly_only_unvalidated	no_read_evidence
EV_965f6d87107a03	0	0	0	-	0	0.00000000	-	-	assembly_only_unvalidated	no_read_evidence
EV_be92f19fb47e3d	0	0	0	-	0	0.00000000	-	-	assembly_only_unvalidated	no_read_evidence
EV_801aba3f330f42	0	0	0	-	0	0.00000000	-	-	assembly_only_unvalidated	no_read_evidence
EV_f2e1529524f240	0	0	0	-	0	0.00000000	-	-	assembly_only_unvalidated	no_read_evidence
EV_f90e700ae79fe6	0	0	0	-	0	0.00000000	-	-	assembly_only_unvalidated	no_read_evidence
EV_263bde9670c6ff	0	0	0	-	0	0.00000000	-	-	assembly_only_unvalidated	no_read_evidence
EV_e988ae273895b3	0	0	0	-	0	0.00000000	-	-	assembly_only_unvalidated	no_read_evidence
EV_56786e7f15fa9b	0	0	0	-	0	0.00000000	-	-	assembly_only_unvalidated	no_read_evidence
EV_c2149fffbb80a3	0	0	0	-	0	0.00000000	-	-	assembly_only_unvalidated	no_read_evidence
EV_aad2d7704ab899	0	0	0	-	0	0.00000000	-	-	assembly_only_unvalidated	no_read_evidence
EV_624295d3ed135f	0	0	0	-	0	0.00000000	-	-	assembly_only_unvalidated	no_read_evidence
EV_843692459c1922	0	0	0	-	0	0.00000000	-	-	assembly_only_unvalidated	no_read_evidence
EV_33f42237229ec0	0	0	0	-	0	0.00000000	-	-	assembly_only_unvalidated	no_read_evidence
EV_583214f5cc48e9	0	0	0	-	0	0.00000000	-	-	assembly_only_unvalidated	no_read_evidence
EV_2521b319c54b2c	0	0	0	-	0	0.00000000	-	-	assembly_only_unvalidated	no_read_evidence
EV_d571f12dcf4de4	0	0	0	-	0	0.00000000	-	-	assembly_only_unvalidated	no_read_evidence
EV_487ac0d0c3b8d8	0	0	0	-	0	0.00000000	-	-	assembly_only_unvalidated	no_read_evidence
EV_dca13ddc43c914	0	0	0	-	0	0.00000000	-	-	assembly_only_unvalidated	no_read_evidence
EV_d17aa12c725622	0	0	0	-	0	0.00000000	-	-	assembly_only_unvalidated	no_read_evidence
EV_50018cead0d9ce	0	0	0	-	0	0.00000000	-	-	assembly_only_unvalidated	no_read_evidence
EV_2ac038584e54da	0	0	0	-	0	0.00000000	-	-	assembly_only_unvalidated	no_read_evidence
EV_9c21dbcfc10de7	0	0	0	-	0	0.00000000	-	-	assembly_only_unvalidated	no_read_evidence
EV_a49a64e1b424a6	0	0	0	-	0	0.00000000	-	-	assembly_only_unvalidated	no_read_evidence
EV_437826e9270b00	0	0	0	-	0	0.00000000	-	-	assembly_only_unvalidated	no_read_evidence
EV_9236402a78386e	0	0	0	-	0	0.00000000	-	-	assembly_only_unvalidated	no_read_evidence
EV_20f7f9b3373927	0	0	0	-	0	0.00000000	-	-	assembly_only_unvalidated	no_read_evidence
EV_e829750c9b4cfc	0	0	0	-	0	0.00000000	-	-	assembly_only_unvalidated	no_read_evidence
EV_5663fc979d3230	0	0	0	-	0	0.00000000	-	-	assembly_only_unvalidated	no_read_evidence
EV_576f6378165d73	0	0	0	-	0	0.00000000	-	-	assembly_only_unvalidated	no_read_evidence
EV_3ee1ad0cfeaf1c	0	0	0	-	0	0.00000000	-	-	assembly_only_unvalidated	no_read_evidence
EV_3f1dca522ff3da	0	0	0	-	0	0.00000000	-	-	assembly_only_unvalidated	no_read_evidence
EV_2c613a37c54e92	0	0	0	-	0	0.00000000	-	-	assembly_only_unvalidated	no_read_evidence
EV_e0f824772e24e6	0	0	0	-	0	0.00000000	-	-	assembly_only_unvalidated	no_read_evidence
EV_c05cc092e95a71	0	0	0	-	0	0.00000000	-	-	assembly_only_unvalidated	no_read_evidence
EV_8510165e08368d	0	0	0	-	0	0.00000000	-	-	assembly_only_unvalidated	no_read_evidence
EV_f5cc957f167546	0	0	0	-	0	0.00000000	-	-	assembly_only_unvalidated	no_read_evidence
EV_30d0765ecbff5a	0	0	0	-	0	0.00000000	-	-	assembly_only_unvalidated	no_read_evidence
EV_578436dcefb314	0	0	0	-	0	0.00000000	-	-	assembly_only_unvalidated	no_read_evidence
EV_d612c775b5b7ef	0	0	0	-	0	0.00000000	-	-	assembly_only_unvalidated	no_read_evidence
EV_c40eb1731f7ccb	0	0	0	-	0	0.00000000	-	-	assembly_only_unvalidated	no_read_evidence
EV_5cd9c0aaddbf6a	0	0	0	-	0	0.00000000	-	-	assembly_only_unvalidated	no_read_evidence
EV_22285c815b9af7	0	0	0	-	0	0.00000000	-	-	assembly_only_unvalidated	no_read_evidence
EV_5607a1cb1f798b	0	0	0	-	0	0.00000000	-	-	assembly_only_unvalidated	no_read_evidence
EV_d144b7cfcb2cee	0	0	0	-	0	0.00000000	-	-	assembly_only_unvalidated	no_read_evidence
EV_02d967f266358d	0	0	0	-	0	0.00000000	-	-	assembly_only_unvalidated	no_read_evidence
EV_97f0ad15ad71ac	0	0	0	-	0	0.00000000	-	-	assembly_only_unvalidated	no_read_evidence
EV_1c08a9b978bc7f	0	0	0	-	0	0.00000000	-	-	assembly_only_unvalidated	no_read_evidence
EV_31d22f50bb4d17	0	0	0	-	0	0.00000000	-	-	assembly_only_unvalidated	no_read_evidence
EV_60126b20e44ede	0	0	0	-	0	0.00000000	-	-	assembly_only_unvalidated	no_read_evidence
EV_d76e4642836ec4	0	0	0	-	0	0.00000000	-	-	assembly_only_unvalidated	no_read_evidence
EV_60d1c80aaea1b5	0	0	0	-	0	0.00000000	-	-	assembly_only_unvalidated	no_read_evidence
EV_36f6cc65eeaca5	0	0	0	-	0	0.00000000	-	-	assembly_only_unvalidated	no_read_evidence
EV_92e614a8ebc37c	0	0	0	-	0	0.00000000	-	-	assembly_only_unvalidated	no_read_evidence
EV_3314c3a23b4ac7	0	0	0	-	0	0.00000000	-	-	assembly_only_unvalidated	no_read_evidence
EV_7ac83318f288a1	0	0	0	-	0	0.00000000	-	-	assembly_only_unvalidated	no_read_evidence
EV_a467880e8c3cc8	0	0	0	-	0	0.00000000	-	-	assembly_only_unvalidated	no_read_evidence
EV_95fbbb98623667	0	0	0	-	0	0.00000000	-	-	assembly_only_unvalidated	no_read_evidence
EV_27c7a525f4c1cb	0	0	0	-	0	0.00000000	-	-	assembly_only_unvalidated	no_read_evidence
EV_cdc2051812cc20	0	0	0	-	0	0.00000000	-	-	assembly_only_unvalidated	no_read_evidence
EV_b3c32f82ebf67d	0	0	0	-	0	0.00000000	-	-	assembly_only_unvalidated	no_read_evidence
EV_b827c4c43bab6d	0	0	0	-	0	0.00000000	-	-	assembly_only_unvalidated	no_read_evidence
EV_8cc417dbf34ad4	0	0	0	-	0	0.00000000	-	-	assembly_only_unvalidated	no_read_evidence
EV_d05f82930db9d3	0	0	0	-	0	0.00000000	-	-	assembly_only_unvalidated	no_read_evidence
EV_712d38eb1c06c7	0	0	0	-	0	0.00000000	-	-	assembly_only_unvalidated	no_read_evidence
EV_9fb4e1068997c9	0	0	0	-	0	0.00000000	-	-	assembly_only_unvalidated	no_read_evidence
EV_5d44d840c9ff52	0	0	0	-	0	0.00000000	-	-	assembly_only_unvalidated	no_read_evidence
EV_3fd458980afe03	0	0	0	-	0	0.00000000	-	-	assembly_only_unvalidated	no_read_evidence
EV_077a1719768927	0	0	0	-	0	0.00000000	-	-	assembly_only_unvalidated	no_read_evidence
EV_83bcd299ea42de	0	0	0	-	0	0.00000000	-	-	assembly_only_unvalidated	no_read_evidence
EV_9c14952e8eb3bb	0	0	0	-	0	0.00000000	-	-	assembly_only_unvalidated	no_read_evidence
EV_24cb20adcc01c8	0	0	0	-	0	0.00000000	-	-	assembly_only_unvalidated	no_read_evidence
EV_b6c08a8e19ef28	0	0	0	-	0	0.00000000	-	-	assembly_only_unvalidated	no_read_evidence
EV_ea2d99b5f58ce0	0	0	0	-	0	0.00000000	-	-	assembly_only_unvalidated	no_read_evidence
EV_7ccce74fba9245	0	0	0	-	0	0.00000000	-	-	assembly_only_unvalidated	no_read_evidence
EV_f90c9a50802869	0	0	0	-	0	0.00000000	-	-	assembly_only_unvalidated	no_read_evidence
EV_8d21c0f5dc4b24	0	0	0	-	0	0.00000000	-	-	assembly_only_unvalidated	no_read_evidence
EV_16e1b688ba12b5	0	0	0	-	0	0.00000000	-	-	assembly_only_unvalidated	no_read_evidence
EV_b02f301b6dcaa6	0	0	0	-	0	0.00000000	-	-	assembly_only_unvalidated	no_read_evidence
EV_1c8c2f0a0d58fa	0	0	0	-	0	0.00000000	-	-	assembly_only_unvalidated	no_read_evidence
EV_a8d72dc781202d	0	0	0	-	0	0.00000000	-	-	assembly_only_unvalidated	no_read_evidence
EV_58b1c9504403fe	0	0	0	-	0	0.00000000	-	-	assembly_only_unvalidated	no_read_evidence
EV_9ae2d5f243ce31	0	0	0	-	0	0.00000000	-	-	assembly_only_unvalidated	no_read_evidence
EV_1e343810e92361	0	0	0	-	0	0.00000000	-	-	assembly_only_unvalidated	no_read_evidence
EV_07ffa137d4feb3	0	0	0	-	0	0.00000000	-	-	assembly_only_unvalidated	no_read_evidence
EV_d94936dc2f233e	0	0	0	-	0	0.00000000	-	-	assembly_only_unvalidated	no_read_evidence
EV_774d2eff8d1f90	0	0	0	-	0	0.00000000	-	-	assembly_only_unvalidated	no_read_evidence
EV_e9e8a8be314501	0	0	0	-	0	0.00000000	-	-	assembly_only_unvalidated	no_read_evidence
EV_04302511809b3b	0	0	0	-	0	0.00000000	-	-	assembly_only_unvalidated	no_read_evidence
EV_09f85430be1cdf	0	0	0	-	0	0.00000000	-	-	assembly_only_unvalidated	no_read_evidence
EV_0287003bbb5901	0	0	0	-	0	0.00000000	-	-	assembly_only_unvalidated	no_read_evidence
EV_528f9471b7efed	0	0	0	-	0	0.00000000	-	-	assembly_only_unvalidated	no_read_evidence
EV_198f20c1c5a177	0	0	0	-	0	0.00000000	-	-	assembly_only_unvalidated	no_read_evidence
EV_bf5534f55659d8	0	0	0	-	0	0.00000000	-	-	assembly_only_unvalidated	no_read_evidence
EV_d8a61c1469b6a3	0	0	0	-	0	0.00000000	-	-	assembly_only_unvalidated	no_read_evidence
EV_ebe40b21450086	0	0	0	-	0	0.00000000	-	-	assembly_only_unvalidated	no_read_evidence
EV_151eb7847ede23	0	0	0	-	0	0.00000000	-	-	assembly_only_unvalidated	no_read_evidence
EV_8f2ee7ee1155c1	0	0	0	-	0	0.00000000	-	-	assembly_only_unvalidated	no_read_evidence
EV_5b392cf6ae9ee7	0	0	0	-	0	0.00000000	-	-	assembly_only_unvalidated	no_read_evidence
EV_d0055c6ba8fca8	0	0	0	-	0	0.00000000	-	-	assembly_only_unvalidated	no_read_evidence
EV_7047c723713a92	0	0	0	-	0	0.00000000	-	-	assembly_only_unvalidated	no_read_evidence
EV_3b9aaff9420260	0	0	0	-	0	0.00000000	-	-	assembly_only_unvalidated	no_read_evidence
EV_188c9258dd6393	0	0	0	-	0	0.00000000	-	-	assembly_only_unvalidated	no_read_evidence
EV_77a92d4886c299	0	0	0	-	0	0.00000000	-	-	assembly_only_unvalidated	no_read_evidence
EV_ed067cb5361d61	0	0	0	-	0	0.00000000	-	-	assembly_only_unvalidated	no_read_evidence
EV_041e60fd807b76	0	0	0	-	0	0.00000000	-	-	assembly_only_unvalidated	no_read_evidence
EV_905ec56abbc850	0	0	0	-	0	0.00000000	-	-	assembly_only_unvalidated	no_read_evidence
EV_ec1b624258c849	0	0	0	-	0	0.00000000	-	-	assembly_only_unvalidated	no_read_evidence
EV_9776f736131207	0	0	0	-	0	0.00000000	-	-	assembly_only_unvalidated	no_read_evidence
EV_f282c722987804	0	0	0	-	0	0.00000000	-	-	assembly_only_unvalidated	no_read_evidence
EV_e54af4df612744	0	0	0	-	0	0.00000000	-	-	assembly_only_unvalidated	no_read_evidence
EV_56db6cee334673	0	0	0	-	0	0.00000000	-	-	assembly_only_unvalidated	no_read_evidence
EV_88c16d7522bf6a	0	0	0	-	0	0.00000000	-	-	assembly_only_unvalidated	no_read_evidence
EV_915e49e38197a4	0	0	0	-	0	0.00000000	-	-	assembly_only_unvalidated	no_read_evidence
EV_ff007c607bd407	0	0	0	-	0	0.00000000	-	-	assembly_only_unvalidated	no_read_evidence
EV_d3ac8f59a2f393	0	0	0	-	0	0.00000000	-	-	assembly_only_unvalidated	no_read_evidence
EV_c03f87c1220cfc	0	0	0	-	0	0.00000000	-	-	assembly_only_unvalidated	no_read_evidence
EV_e77c376f894dfe	0	0	0	-	0	0.00000000	-	-	assembly_only_unvalidated	no_read_evidence
EV_e95a3639a06d80	0	0	0	-	0	0.00000000	-	-	assembly_only_unvalidated	no_read_evidence
EV_f99c0e60326a10	0	0	0	-	0	0.00000000	-	-	assembly_only_unvalidated	no_read_evidence
EV_61c9722bd1201d	0	0	0	-	0	0.00000000	-	-	assembly_only_unvalidated	no_read_evidence
EV_713bf58202f7ce	0	0	0	-	0	0.00000000	-	-	assembly_only_unvalidated	no_read_evidence
EV_38ff04db85cad0	0	0	0	-	0	0.00000000	-	-	assembly_only_unvalidated	no_read_evidence
EV_8e60e46a74efd7	0	0	0	-	0	0.00000000	-	-	assembly_only_unvalidated	no_read_evidence
EV_a00af72dde7db2	0	0	0	-	0	0.00000000	-	-	assembly_only_unvalidated	no_read_evidence
EV_84f771d50a758e	0	0	0	-	0	0.00000000	-	-	assembly_only_unvalidated	no_read_evidence
EV_cfb6e98ee33f41	0	0	0	-	0	0.00000000	-	-	assembly_only_unvalidated	no_read_evidence
EV_bdbabd35cd8b0a	0	0	0	-	0	0.00000000	-	-	assembly_only_unvalidated	no_read_evidence
EV_599219b1fb993f	0	0	0	-	0	0.00000000	-	-	assembly_only_unvalidated	no_read_evidence
EV_518dc374f331aa	0	0	0	-	0	0.00000000	-	-	assembly_only_unvalidated	no_read_evidence
EV_3963797fd38609	0	0	0	-	0	0.00000000	-	-	assembly_only_unvalidated	no_read_evidence
EV_3faf34b41685ab	0	0	0	-	0	0.00000000	-	-	assembly_only_unvalidated	no_read_evidence
EV_37bbc6852c110d	0	0	0	-	0	0.00000000	-	-	assembly_only_unvalidated	no_read_evidence
EV_8518cf374808d6	0	0	0	-	0	0.00000000	-	-	assembly_only_unvalidated	no_read_evidence
EV_4e9a3a750e7026	0	0	0	-	0	0.00000000	-	-	assembly_only_unvalidated	no_read_evidence
EV_d06f3b8fa3e370	0	0	0	-	0	0.00000000	-	-	assembly_only_unvalidated	no_read_evidence
EV_386d9fd87defb0	0	0	0	-	0	0.00000000	-	-	assembly_only_unvalidated	no_read_evidence
EV_0663f041757cf9	0	0	0	-	0	0.00000000	-	-	assembly_only_unvalidated	no_read_evidence
EV_974f0202901a60	0	0	0	-	0	0.00000000	-	-	assembly_only_unvalidated	no_read_evidence
EV_a7a33ac72d81d8	0	0	0	-	0	0.00000000	-	-	assembly_only_unvalidated	no_read_evidence
EV_b32920ed4a00e9	0	0	0	-	0	0.00000000	-	-	assembly_only_unvalidated	no_read_evidence
EV_9956362bb6fa6f	0	0	0	-	0	0.00000000	-	-	assembly_only_unvalidated	no_read_evidence
EV_249b0de39445d9	0	0	0	-	0	0.00000000	-	-	assembly_only_unvalidated	no_read_evidence
EV_ff84e0951975ae	0	0	0	-	0	0.00000000	-	-	assembly_only_unvalidated	no_read_evidence
EV_05fee0a58130ca	0	0	0	-	0	0.00000000	-	-	assembly_only_unvalidated	no_read_evidence
EV_2eb1f398dd9a3c	0	0	0	-	0	0.00000000	-	-	assembly_only_unvalidated	no_read_evidence
EV_e1d3da340c4094	0	0	0	-	0	0.00000000	-	-	assembly_only_unvalidated	no_read_evidence
EV_fd740b774bcf38	0	0	0	-	0	0.00000000	-	-	assembly_only_unvalidated	no_read_evidence
EV_5d55342269b731	0	0	0	-	0	0.00000000	-	-	assembly_only_unvalidated	no_read_evidence
EV_6010d1e70d3ac8	0	0	0	-	0	0.00000000	-	-	assembly_only_unvalidated	no_read_evidence
EV_b4dd4ce3f28c16	0	0	0	-	0	0.00000000	-	-	assembly_only_unvalidated	no_read_evidence
EV_b491da3040971a	0	0	0	-	0	0.00000000	-	-	assembly_only_unvalidated	no_read_evidence
EV_2e2d723761b24d	0	0	0	-	0	0.00000000	-	-	assembly_only_unvalidated	no_read_evidence
EV_51557020da37c2	0	0	0	-	0	0.00000000	-	-	assembly_only_unvalidated	no_read_evidence
EV_00af911e71d199	0	0	0	-	0	0.00000000	-	-	assembly_only_unvalidated	no_read_evidence
EV_3737a1ec1978b4	0	0	0	-	0	0.00000000	-	-	assembly_only_unvalidated	no_read_evidence
EV_c1825714697c4f	0	0	0	-	0	0.00000000	-	-	assembly_only_unvalidated	no_read_evidence
EV_f46940931fc7e1	0	0	0	-	0	0.00000000	-	-	assembly_only_unvalidated	no_read_evidence
EV_df3f47e1f2f3ca	0	0	0	-	0	0.00000000	-	-	assembly_only_unvalidated	no_read_evidence
EV_b0eea396f4ca9d	0	0	0	-	0	0.00000000	-	-	assembly_only_unvalidated	no_read_evidence
EV_e7728ff2d71219	0	0	0	-	0	0.00000000	-	-	assembly_only_unvalidated	no_read_evidence
EV_d5d854c98264ad	0	0	0	-	0	0.00000000	-	-	assembly_only_unvalidated	no_read_evidence
EV_eef2a1fe565597	0	0	0	-	0	0.00000000	-	-	assembly_only_unvalidated	no_read_evidence
EV_78c0338178b72f	0	0	0	-	0	0.00000000	-	-	assembly_only_unvalidated	no_read_evidence
EV_d18dd29d770a30	0	0	0	-	0	0.00000000	-	-	assembly_only_unvalidated	no_read_evidence
EV_33c1527b0c8e6b	0	0	0	-	0	0.00000000	-	-	assembly_only_unvalidated	no_read_evidence
EV_397b0820c2611c	0	0	0	-	0	0.00000000	-	-	assembly_only_unvalidated	no_read_evidence
EV_42e07b445f91cd	0	0	0	-	0	0.00000000	-	-	assembly_only_unvalidated	no_read_evidence
EV_9eea1406d425a1	0	0	0	-	0	0.00000000	-	-	assembly_only_unvalidated	no_read_evidence
EV_27e88924e1a12f	0	0	0	-	0	0.00000000	-	-	assembly_only_unvalidated	no_read_evidence
EV_7fea9cb3abf1df	0	0	0	-	0	0.00000000	-	-	assembly_only_unvalidated	no_read_evidence
EV_96d33573e113a9	0	0	0	-	0	0.00000000	-	-	assembly_only_unvalidated	no_read_evidence
EV_45802ea7596cee	0	0	0	-	0	0.00000000	-	-	assembly_only_unvalidated	no_read_evidence
EV_8d74f22b312361	0	0	0	-	0	0.00000000	-	-	assembly_only_unvalidated	no_read_evidence
EV_c3c0ad5d759aee	0	0	0	-	0	0.00000000	-	-	assembly_only_unvalidated	no_read_evidence
EV_15c74a58109538	0	0	0	-	0	0.00000000	-	-	assembly_only_unvalidated	no_read_evidence
EV_d22b85193836a3	0	0	0	-	0	0.00000000	-	-	assembly_only_unvalidated	no_read_evidence
EV_d4b77a65e0c350	0	0	0	-	0	0.00000000	-	-	assembly_only_unvalidated	no_read_evidence
EV_fa251e275b1f05	0	0	0	-	0	0.00000000	-	-	assembly_only_unvalidated	no_read_evidence
EV_9efa3b81a6abe5	0	0	0	-	0	0.00000000	-	-	assembly_only_unvalidated	no_read_evidence
EV_0dbd06e5279b1c	0	0	0	-	0	0.00000000	-	-	assembly_only_unvalidated	no_read_evidence
EV_ea8abc79571d9b	0	0	0	-	0	0.00000000	-	-	assembly_only_unvalidated	no_read_evidence
EV_ff7032198cb394	0	0	0	-	0	0.00000000	-	-	assembly_only_unvalidated	no_read_evidence
EV_67bda80c314a93	0	0	0	-	0	0.00000000	-	-	assembly_only_unvalidated	no_read_evidence
EV_4aee76ae1fa1a6	0	0	0	-	0	0.00000000	-	-	assembly_only_unvalidated	no_read_evidence
EV_b3e3b536c0400e	0	0	0	-	0	0.00000000	-	-	assembly_only_unvalidated	no_read_evidence
EV_5e3db490c7df0d	0	0	0	-	0	0.00000000	-	-	assembly_only_unvalidated	no_read_evidence
EV_bcf84d582dbd4f	0	0	0	-	0	0.00000000	-	-	assembly_only_unvalidated	no_read_evidence
EV_f849fb2e182846	0	0	0	-	0	0.00000000	-	-	assembly_only_unvalidated	no_read_evidence
EV_c66257d4b2942e	0	0	0	-	0	0.00000000	-	-	assembly_only_unvalidated	no_read_evidence
EV_3678f079790995	0	0	0	-	0	0.00000000	-	-	assembly_only_unvalidated	no_read_evidence
EV_df38e8e1386897	0	0	0	-	0	0.00000000	-	-	assembly_only_unvalidated	no_read_evidence
EV_0eafd0f0920bfb	0	0	0	-	0	0.00000000	-	-	assembly_only_unvalidated	no_read_evidence
EV_57ea96df4ebae4	0	0	0	-	0	0.00000000	-	-	assembly_only_unvalidated	no_read_evidence
EV_e281978cd6e7df	0	0	0	-	0	0.00000000	-	-	assembly_only_unvalidated	no_read_evidence
EV_318abd9b826d30	0	0	0	-	0	0.00000000	-	-	assembly_only_unvalidated	no_read_evidence
EV_d1f408b6d39e83	0	0	0	-	0	0.00000000	-	-	assembly_only_unvalidated	no_read_evidence
EV_c7879fff13780a	0	0	0	-	0	0.00000000	-	-	assembly_only_unvalidated	no_read_evidence
EV_0f6b9f53cffa73	0	0	0	-	0	0.00000000	-	-	assembly_only_unvalidated	no_read_evidence
EV_82235b5ad6a41a	0	0	0	-	0	0.00000000	-	-	assembly_only_unvalidated	no_read_evidence
EV_1757fcd4fd230c	0	0	0	-	0	0.00000000	-	-	assembly_only_unvalidated	no_read_evidence
EV_4dd1b5a2cef61c	0	0	0	-	0	0.00000000	-	-	assembly_only_unvalidated	no_read_evidence
EV_cd575ac5c58a55	0	0	0	-	0	0.00000000	-	-	assembly_only_unvalidated	no_read_evidence
EV_fca913e3a21345	0	0	0	-	0	0.00000000	-	-	assembly_only_unvalidated	no_read_evidence
EV_1bb15dcb8eb2ed	0	0	0	-	0	0.00000000	-	-	assembly_only_unvalidated	no_read_evidence
EV_dc33f5290c5b83	0	0	0	-	0	0.00000000	-	-	assembly_only_unvalidated	no_read_evidence
EV_dfe4c7497029a5	0	0	0	-	0	0.00000000	-	-	assembly_only_unvalidated	no_read_evidence
EV_7a0d973865d569	0	0	0	-	0	0.00000000	-	-	assembly_only_unvalidated	no_read_evidence
EV_e05201c8e60e8a	0	0	0	-	0	0.00000000	-	-	assembly_only_unvalidated	no_read_evidence
EV_6a468a915b2168	0	0	0	-	0	0.00000000	-	-	assembly_only_unvalidated	no_read_evidence
EV_8465a5c849d32e	0	0	0	-	0	0.00000000	-	-	assembly_only_unvalidated	no_read_evidence
EV_12402d0e79d76d	0	0	0	-	0	0.00000000	-	-	assembly_only_unvalidated	no_read_evidence
EV_9990c17f70ffb3	0	0	0	-	0	0.00000000	-	-	assembly_only_unvalidated	no_read_evidence
EV_9dbf0275af0f87	0	0	0	-	0	0.00000000	-	-	assembly_only_unvalidated	no_read_evidence
EV_d28c4c6001c962	0	0	0	-	0	0.00000000	-	-	assembly_only_unvalidated	no_read_evidence
EV_1def00d5e70c97	0	0	0	-	0	0.00000000	-	-	assembly_only_unvalidated	no_read_evidence
EV_04fc60432d7ad7	0	0	0	-	0	0.00000000	-	-	assembly_only_unvalidated	no_read_evidence
EV_95f6175abc7a85	0	0	0	-	0	0.00000000	-	-	assembly_only_unvalidated	no_read_evidence
EV_14955eb1c3a1fa	0	0	0	-	0	0.00000000	-	-	assembly_only_unvalidated	no_read_evidence
EV_59d46e9092d284	0	0	0	-	0	0.00000000	-	-	assembly_only_unvalidated	no_read_evidence
EV_36434a8e6b873d	0	0	0	-	0	0.00000000	-	-	assembly_only_unvalidated	no_read_evidence
EV_8a19c48b2cb936	0	0	0	-	0	0.00000000	-	-	assembly_only_unvalidated	no_read_evidence
EV_23b18f39dcba24	0	0	0	-	0	0.00000000	-	-	assembly_only_unvalidated	no_read_evidence
EV_c654a42cf31920	0	0	0	-	0	0.00000000	-	-	assembly_only_unvalidated	no_read_evidence
EV_e473cd19c0ec58	0	0	0	-	0	0.00000000	-	-	assembly_only_unvalidated	no_read_evidence
EV_58bdd9b92bb997	0	0	0	-	0	0.00000000	-	-	assembly_only_unvalidated	no_read_evidence
EV_b788e3e6bd520a	0	0	0	-	0	0.00000000	-	-	assembly_only_unvalidated	no_read_evidence
EV_0f2e85ba923d77	0	0	0	-	0	0.00000000	-	-	assembly_only_unvalidated	no_read_evidence
EV_bde0eec6e6ff9d	0	0	0	-	0	0.00000000	-	-	assembly_only_unvalidated	no_read_evidence
EV_485443d3b2598c	0	0	0	-	0	0.00000000	-	-	assembly_only_unvalidated	no_read_evidence
EV_2b3a2dda8f423b	0	0	0	-	0	0.00000000	-	-	assembly_only_unvalidated	no_read_evidence
EV_712a91546a6119	0	0	0	-	0	0.00000000	-	-	assembly_only_unvalidated	no_read_evidence
EV_1891950bbc3a93	0	0	0	-	0	0.00000000	-	-	assembly_only_unvalidated	no_read_evidence
EV_81586a15c5b068	0	0	0	-	0	0.00000000	-	-	assembly_only_unvalidated	no_read_evidence
EV_869aafd6d70e76	0	0	0	-	0	0.00000000	-	-	assembly_only_unvalidated	no_read_evidence
EV_620e3698fec3d9	0	0	0	-	0	0.00000000	-	-	assembly_only_unvalidated	no_read_evidence
EV_87b69bd9530674	0	0	0	-	0	0.00000000	-	-	assembly_only_unvalidated	no_read_evidence
EV_40749ca91509c9	0	0	0	-	0	0.00000000	-	-	assembly_only_unvalidated	no_read_evidence
EV_cca4808f39a9fd	0	0	0	-	0	0.00000000	-	-	assembly_only_unvalidated	no_read_evidence
EV_99c778e30f4359	0	0	0	-	0	0.00000000	-	-	assembly_only_unvalidated	no_read_evidence
EV_f77e02739b6910	0	0	0	-	0	0.00000000	-	-	assembly_only_unvalidated	no_read_evidence
EV_633ec3bab3e25a	0	0	0	-	0	0.00000000	-	-	assembly_only_unvalidated	no_read_evidence
EV_e5ff512f961c3c	0	0	0	-	0	0.00000000	-	-	assembly_only_unvalidated	no_read_evidence
EV_e42e863a8c7d68	0	0	0	-	0	0.00000000	-	-	assembly_only_unvalidated	no_read_evidence
EV_945d10d77edb26	0	0	0	-	0	0.00000000	-	-	assembly_only_unvalidated	no_read_evidence
EV_e2b886ea45dc80	0	0	0	-	0	0.00000000	-	-	assembly_only_unvalidated	no_read_evidence
EV_478512e52272c0	0	0	0	-	0	0.00000000	-	-	assembly_only_unvalidated	no_read_evidence
EV_093f838ded4a8c	0	0	0	-	0	0.00000000	-	-	assembly_only_unvalidated	no_read_evidence
EV_6c4af90f798199	0	0	0	-	0	0.00000000	-	-	assembly_only_unvalidated	no_read_evidence
EV_a9ce5db65a49b2	0	0	0	-	0	0.00000000	-	-	assembly_only_unvalidated	no_read_evidence
EV_af6178d41bebbf	0	0	0	-	0	0.00000000	-	-	assembly_only_unvalidated	no_read_evidence
EV_0ad588eb583590	0	0	0	-	0	0.00000000	-	-	assembly_only_unvalidated	no_read_evidence
EV_b30480a528779f	0	0	0	-	0	0.00000000	-	-	assembly_only_unvalidated	no_read_evidence
EV_e5fe3bb7d0984a	0	0	0	-	0	0.00000000	-	-	assembly_only_unvalidated	no_read_evidence
EV_0408c857136aa0	0	0	0	-	0	0.00000000	-	-	assembly_only_unvalidated	no_read_evidence
EV_a846ab08c6fef4	0	0	0	-	0	0.00000000	-	-	assembly_only_unvalidated	no_read_evidence
EV_b342e5ef4b088a	0	0	0	-	0	0.00000000	-	-	assembly_only_unvalidated	no_read_evidence
EV_a229c1ad57b2d5	0	0	0	-	0	0.00000000	-	-	assembly_only_unvalidated	no_read_evidence
EV_579117e267d87f	0	0	0	-	0	0.00000000	-	-	assembly_only_unvalidated	no_read_evidence
EV_438de2001d8021	0	0	0	-	0	0.00000000	-	-	assembly_only_unvalidated	no_read_evidence
EV_d7dcfd2afc8494	0	0	0	-	0	0.00000000	-	-	assembly_only_unvalidated	no_read_evidence
EV_fbd35ec2e11ec6	0	0	0	-	0	0.00000000	-	-	assembly_only_unvalidated	no_read_evidence
EV_215a541bea83dc	0	0	0	-	0	0.00000000	-	-	assembly_only_unvalidated	no_read_evidence
EV_3d655370ec66e8	0	0	0	-	0	0.00000000	-	-	assembly_only_unvalidated	no_read_evidence
EV_830de2a8d88c46	0	0	0	-	0	0.00000000	-	-	assembly_only_unvalidated	no_read_evidence
EV_519048b837a861	0	0	0	-	0	0.00000000	-	-	assembly_only_unvalidated	no_read_evidence
EV_02b94c969a2d19	0	0	0	-	0	0.00000000	-	-	assembly_only_unvalidated	no_read_evidence
EV_5d89b54eeba11d	0	0	0	-	0	0.00000000	-	-	assembly_only_unvalidated	no_read_evidence
EV_3ba362d1935212	0	0	0	-	0	0.00000000	-	-	assembly_only_unvalidated	no_read_evidence
EV_252222f370fb87	0	0	0	-	0	0.00000000	-	-	assembly_only_unvalidated	no_read_evidence
EV_37a85ec2a756ed	0	0	0	-	0	0.00000000	-	-	assembly_only_unvalidated	no_read_evidence
EV_fb58cc9e275429	0	0	0	-	0	0.00000000	-	-	assembly_only_unvalidated	no_read_evidence
EV_1faad6379540d7	0	0	0	-	0	0.00000000	-	-	assembly_only_unvalidated	no_read_evidence
EV_2d360af0f2c7ca	0	0	0	-	0	0.00000000	-	-	assembly_only_unvalidated	no_read_evidence
EV_411192f5de2a4d	0	0	0	-	0	0.00000000	-	-	assembly_only_unvalidated	no_read_evidence
EV_de56c8e0f46ae0	0	0	0	-	0	0.00000000	-	-	assembly_only_unvalidated	no_read_evidence
EV_460bd132c3b7ef	0	0	0	-	0	0.00000000	-	-	assembly_only_unvalidated	no_read_evidence
EV_87d6d353d23ab2	0	0	0	-	0	0.00000000	-	-	assembly_only_unvalidated	no_read_evidence
EV_5fbb653eab9849	0	0	0	-	0	0.00000000	-	-	assembly_only_unvalidated	no_read_evidence
EV_94f92156113f89	0	0	0	-	0	0.00000000	-	-	assembly_only_unvalidated	no_read_evidence
EV_3a532a4ddc4fd7	0	0	0	-	0	0.00000000	-	-	assembly_only_unvalidated	no_read_evidence
EV_2076687e81a8b6	0	0	0	-	0	0.00000000	-	-	assembly_only_unvalidated	no_read_evidence
EV_be4deced731297	0	0	0	-	0	0.00000000	-	-	assembly_only_unvalidated	no_read_evidence
EV_9da653882455d7	0	0	0	-	0	0.00000000	-	-	assembly_only_unvalidated	no_read_evidence
EV_338515b8a51fe4	0	0	0	-	0	0.00000000	-	-	assembly_only_unvalidated	no_read_evidence
EV_ff70d936dba30d	0	0	0	-	0	0.00000000	-	-	assembly_only_unvalidated	no_read_evidence
EV_3b8a50aa74465e	0	0	0	-	0	0.00000000	-	-	assembly_only_unvalidated	no_read_evidence
EV_c1be6d21bc9515	0	0	0	-	0	0.00000000	-	-	assembly_only_unvalidated	no_read_evidence
EV_d02a650c30e6cc	0	0	0	-	0	0.00000000	-	-	assembly_only_unvalidated	no_read_evidence
EV_7993c7f0775ca4	0	0	0	-	0	0.00000000	-	-	assembly_only_unvalidated	no_read_evidence
EV_a0ef0b3c6cb399	0	0	0	-	0	0.00000000	-	-	assembly_only_unvalidated	no_read_evidence
EV_83f13d1bf6736f	0	0	0	-	0	0.00000000	-	-	assembly_only_unvalidated	no_read_evidence
EV_b98fe2ac576743	0	0	0	-	0	0.00000000	-	-	assembly_only_unvalidated	no_read_evidence
EV_dba363b4c03c10	0	0	0	-	0	0.00000000	-	-	assembly_only_unvalidated	no_read_evidence
EV_2b85955ced145e	0	0	0	-	0	0.00000000	-	-	assembly_only_unvalidated	no_read_evidence
EV_795ac85107b045	0	0	0	-	0	0.00000000	-	-	assembly_only_unvalidated	no_read_evidence
EV_7cd8b4542130de	0	0	0	-	0	0.00000000	-	-	assembly_only_unvalidated	no_read_evidence
EV_0e43d2f78cba2a	0	0	0	-	0	0.00000000	-	-	assembly_only_unvalidated	no_read_evidence
EV_aece9ff3cd9c49	0	0	0	-	0	0.00000000	-	-	assembly_only_unvalidated	no_read_evidence
EV_288871a39482c5	0	0	0	-	0	0.00000000	-	-	assembly_only_unvalidated	no_read_evidence
EV_67178e1a3845fc	0	0	0	-	0	0.00000000	-	-	assembly_only_unvalidated	no_read_evidence
EV_630320ebd01c47	0	0	0	-	0	0.00000000	-	-	assembly_only_unvalidated	no_read_evidence
EV_16fd04ef43e653	0	0	0	-	0	0.00000000	-	-	assembly_only_unvalidated	no_read_evidence
EV_61af19d0008fec	0	0	0	-	0	0.00000000	-	-	assembly_only_unvalidated	no_read_evidence
EV_b4a798e865cee3	0	0	0	-	0	0.00000000	-	-	assembly_only_unvalidated	no_read_evidence
EV_77031a7d066285	0	0	0	-	0	0.00000000	-	-	assembly_only_unvalidated	no_read_evidence
EV_84d28794a139eb	0	0	0	-	0	0.00000000	-	-	assembly_only_unvalidated	no_read_evidence
EV_b1e1a43d38e061	0	0	0	-	0	0.00000000	-	-	assembly_only_unvalidated	no_read_evidence
EV_3e8848fdf88aa5	0	0	0	-	0	0.00000000	-	-	assembly_only_unvalidated	no_read_evidence
EV_270b91b9b4173d	0	0	0	-	0	0.00000000	-	-	assembly_only_unvalidated	no_read_evidence
EV_3b09dbd87a56f5	0	0	0	-	0	0.00000000	-	-	assembly_only_unvalidated	no_read_evidence
EV_176a92ece9b5ca	0	0	0	-	0	0.00000000	-	-	assembly_only_unvalidated	no_read_evidence
EV_db33179650bbdc	0	0	0	-	0	0.00000000	-	-	assembly_only_unvalidated	no_read_evidence
EV_82a5dd73cad5eb	0	0	0	-	0	0.00000000	-	-	assembly_only_unvalidated	no_read_evidence
EV_b92c6a3b0ec96c	0	0	0	-	0	0.00000000	-	-	assembly_only_unvalidated	no_read_evidence
EV_c61e33ad7a5fa8	0	0	0	-	0	0.00000000	-	-	assembly_only_unvalidated	no_read_evidence
EV_778185177cad34	0	0	0	-	0	0.00000000	-	-	assembly_only_unvalidated	no_read_evidence
EV_87975806d453b8	0	0	0	-	0	0.00000000	-	-	assembly_only_unvalidated	no_read_evidence
EV_57e8c08cd5be74	0	0	0	-	0	0.00000000	-	-	assembly_only_unvalidated	no_read_evidence
EV_f19b48f8471a05	0	0	0	-	0	0.00000000	-	-	assembly_only_unvalidated	no_read_evidence
EV_0facaeaef149f8	0	0	0	-	0	0.00000000	-	-	assembly_only_unvalidated	no_read_evidence
EV_2e108fbe9ef031	0	0	0	-	0	0.00000000	-	-	assembly_only_unvalidated	no_read_evidence
EV_2fc8707e0cf441	0	0	0	-	0	0.00000000	-	-	assembly_only_unvalidated	no_read_evidence
EV_1c0808fa7ae0d7	0	0	0	-	0	0.00000000	-	-	assembly_only_unvalidated	no_read_evidence
EV_d63e8ee738a4c6	0	0	0	-	0	0.00000000	-	-	assembly_only_unvalidated	no_read_evidence
EV_100ab7419e2d62	0	0	0	-	0	0.00000000	-	-	assembly_only_unvalidated	no_read_evidence
EV_8d420155828266	0	0	0	-	0	0.00000000	-	-	assembly_only_unvalidated	no_read_evidence
EV_5fe5bcda2fdb29	0	0	0	-	0	0.00000000	-	-	assembly_only_unvalidated	no_read_evidence
EV_9b7aef1892c81a	0	0	0	-	0	0.00000000	-	-	assembly_only_unvalidated	no_read_evidence
EV_f0c390f6f18a50	0	0	0	-	0	0.00000000	-	-	assembly_only_unvalidated	no_read_evidence
EV_925fe691fbb421	0	0	0	-	0	0.00000000	-	-	assembly_only_unvalidated	no_read_evidence
EV_466576d42a9e34	0	0	0	-	0	0.00000000	-	-	assembly_only_unvalidated	no_read_evidence
EV_5dccade5c8549c	0	0	0	-	0	0.00000000	-	-	assembly_only_unvalidated	no_read_evidence
EV_510390ae1edd49	0	0	0	-	0	0.00000000	-	-	assembly_only_unvalidated	no_read_evidence
EV_f5b933fb5e7a17	0	0	0	-	0	0.00000000	-	-	assembly_only_unvalidated	no_read_evidence
EV_04b4f739b2fa92	0	0	0	-	0	0.00000000	-	-	assembly_only_unvalidated	no_read_evidence
EV_f07b94b13e4289	0	0	0	-	0	0.00000000	-	-	assembly_only_unvalidated	no_read_evidence
EV_40fd5837c5a0e0	0	0	0	-	0	0.00000000	-	-	assembly_only_unvalidated	no_read_evidence
EV_d04f3a43886d55	0	0	0	-	0	0.00000000	-	-	assembly_only_unvalidated	no_read_evidence
EV_43918a63128cc1	0	0	0	-	0	0.00000000	-	-	assembly_only_unvalidated	no_read_evidence
EV_53c90500763a68	0	0	0	-	0	0.00000000	-	-	assembly_only_unvalidated	no_read_evidence
EV_2bd76208e6a0ce	0	0	0	-	0	0.00000000	-	-	assembly_only_unvalidated	no_read_evidence
EV_4353d413e2f6a5	0	0	0	-	0	0.00000000	-	-	assembly_only_unvalidated	no_read_evidence
EV_23cbe9a35a60b5	0	0	0	-	0	0.00000000	-	-	assembly_only_unvalidated	no_read_evidence
EV_fd7e498c4573cf	0	0	0	-	0	0.00000000	-	-	assembly_only_unvalidated	no_read_evidence
EV_b2b039117c4b8a	0	0	0	-	0	0.00000000	-	-	assembly_only_unvalidated	no_read_evidence
EV_4a780ac4644338	0	0	0	-	0	0.00000000	-	-	assembly_only_unvalidated	no_read_evidence
EV_218393b845336e	0	0	0	-	0	0.00000000	-	-	assembly_only_unvalidated	no_read_evidence
EV_7e849e2ce096d2	0	0	0	-	0	0.00000000	-	-	assembly_only_unvalidated	no_read_evidence
EV_8ff3afe495e8b9	0	0	0	-	0	0.00000000	-	-	assembly_only_unvalidated	no_read_evidence
EV_916ef2aac9631b	0	0	0	-	0	0.00000000	-	-	assembly_only_unvalidated	no_read_evidence
EV_32aead6537a2a6	0	0	0	-	0	0.00000000	-	-	assembly_only_unvalidated	no_read_evidence
EV_162000005a6541	0	0	0	-	0	0.00000000	-	-	assembly_only_unvalidated	no_read_evidence
EV_32e65ae3ad9614	0	0	0	-	0	0.00000000	-	-	assembly_only_unvalidated	no_read_evidence
EV_4e6448d138510c	0	0	0	-	0	0.00000000	-	-	assembly_only_unvalidated	no_read_evidence
EV_d9ce91c5d63a4c	0	0	0	-	0	0.00000000	-	-	assembly_only_unvalidated	no_read_evidence
EV_47604ba5f07443	0	0	0	-	0	0.00000000	-	-	assembly_only_unvalidated	no_read_evidence
EV_5ecdc670fcd73a	0	0	0	-	0	0.00000000	-	-	assembly_only_unvalidated	no_read_evidence
EV_e1f5e6b6b5d7b9	0	0	0	-	0	0.00000000	-	-	assembly_only_unvalidated	no_read_evidence
EV_6acceef6e520cb	0	0	0	-	0	0.00000000	-	-	assembly_only_unvalidated	no_read_evidence
EV_28481fdcfb878e	0	0	0	-	0	0.00000000	-	-	assembly_only_unvalidated	no_read_evidence
EV_cb19b8ba7c1881	0	0	0	-	0	0.00000000	-	-	assembly_only_unvalidated	no_read_evidence
EV_9f0c9e746606b5	0	0	0	-	0	0.00000000	-	-	assembly_only_unvalidated	no_read_evidence
EV_a238b4dc5c277c	0	0	0	-	0	0.00000000	-	-	assembly_only_unvalidated	no_read_evidence
EV_2a0aaae93f0b59	0	0	0	-	0	0.00000000	-	-	assembly_only_unvalidated	no_read_evidence
EV_2f63ad65e7666c	0	0	0	-	0	0.00000000	-	-	assembly_only_unvalidated	no_read_evidence
EV_ee74c73c7b418b	0	0	0	-	0	0.00000000	-	-	assembly_only_unvalidated	no_read_evidence
EV_bbc2bd5602594d	0	0	0	-	0	0.00000000	-	-	assembly_only_unvalidated	no_read_evidence
EV_014c52e4538e73	0	0	0	-	0	0.00000000	-	-	assembly_only_unvalidated	no_read_evidence
EV_acfb5aa7bad1c3	0	0	0	-	0	0.00000000	-	-	assembly_only_unvalidated	no_read_evidence
EV_1cc30a59b8532a	0	0	0	-	0	0.00000000	-	-	assembly_only_unvalidated	no_read_evidence
EV_473d399b58eabd	0	0	0	-	0	0.00000000	-	-	assembly_only_unvalidated	no_read_evidence
EV_e0a473ccacc875	0	0	0	-	0	0.00000000	-	-	assembly_only_unvalidated	no_read_evidence
EV_b311f135e7b040	0	0	0	-	0	0.00000000	-	-	assembly_only_unvalidated	no_read_evidence
EV_8c310f36dc98e2	0	0	0	-	0	0.00000000	-	-	assembly_only_unvalidated	no_read_evidence
EV_ed8c34ecabad62	0	0	0	-	0	0.00000000	-	-	assembly_only_unvalidated	no_read_evidence
EV_b7e8033d08a7ed	0	0	0	-	0	0.00000000	-	-	assembly_only_unvalidated	no_read_evidence
EV_8ca999e5199290	0	0	0	-	0	0.00000000	-	-	assembly_only_unvalidated	no_read_evidence
EV_df57e47868ae28	0	0	0	-	0	0.00000000	-	-	assembly_only_unvalidated	no_read_evidence
EV_992016b06236f6	0	0	0	-	0	0.00000000	-	-	assembly_only_unvalidated	no_read_evidence
EV_2a572b4bb1b5d4	0	0	0	-	0	0.00000000	-	-	assembly_only_unvalidated	no_read_evidence
EV_3dd25a1c9ba7b2	0	0	0	-	0	0.00000000	-	-	assembly_only_unvalidated	no_read_evidence
EV_e648b10defed56	0	0	0	-	0	0.00000000	-	-	assembly_only_unvalidated	no_read_evidence
EV_109a4048ca73df	0	0	0	-	0	0.00000000	-	-	assembly_only_unvalidated	no_read_evidence
EV_501a1a84f65fea	0	0	0	-	0	0.00000000	-	-	assembly_only_unvalidated	no_read_evidence
EV_9c5c1b5ee9dd0b	0	0	0	-	0	0.00000000	-	-	assembly_only_unvalidated	no_read_evidence
EV_f0d7533542c5f0	0	0	0	-	0	0.00000000	-	-	assembly_only_unvalidated	no_read_evidence
EV_ea3b7c68b88f73	0	0	0	-	0	0.00000000	-	-	assembly_only_unvalidated	no_read_evidence
EV_b5129baa232d9b	0	0	0	-	0	0.00000000	-	-	assembly_only_unvalidated	no_read_evidence
EV_c286a74d775793	0	0	0	-	0	0.00000000	-	-	assembly_only_unvalidated	no_read_evidence
EV_fa9a26aa148f85	0	0	0	-	0	0.00000000	-	-	assembly_only_unvalidated	no_read_evidence
EV_dcdf3c655a29da	0	0	0	-	0	0.00000000	-	-	assembly_only_unvalidated	no_read_evidence
EV_b893523439eb64	0	0	0	-	0	0.00000000	-	-	assembly_only_unvalidated	no_read_evidence
EV_cf25e00203b999	0	0	0	-	0	0.00000000	-	-	assembly_only_unvalidated	no_read_evidence
EV_9b9f45b5819c2e	0	0	0	-	0	0.00000000	-	-	assembly_only_unvalidated	no_read_evidence
EV_dc4bc8f53d6544	0	0	0	-	0	0.00000000	-	-	assembly_only_unvalidated	no_read_evidence
EV_0c5346d682129f	0	0	0	-	0	0.00000000	-	-	assembly_only_unvalidated	no_read_evidence
EV_ce13eef560e1ca	0	0	0	-	0	0.00000000	-	-	assembly_only_unvalidated	no_read_evidence
EV_85bf93f6344103	0	0	0	-	0	0.00000000	-	-	assembly_only_unvalidated	no_read_evidence
EV_6a51f1002fd13a	0	0	0	-	0	0.00000000	-	-	assembly_only_unvalidated	no_read_evidence
EV_ad55e55f8ab563	0	0	0	-	0	0.00000000	-	-	assembly_only_unvalidated	no_read_evidence
EV_63bd5d0d9de24c	0	0	0	-	0	0.00000000	-	-	assembly_only_unvalidated	no_read_evidence
EV_e849faeaec9aeb	0	0	0	-	0	0.00000000	-	-	assembly_only_unvalidated	no_read_evidence
EV_02f0b9956fa580	0	0	0	-	0	0.00000000	-	-	assembly_only_unvalidated	no_read_evidence
EV_003505f77541d2	0	0	0	-	0	0.00000000	-	-	assembly_only_unvalidated	no_read_evidence
EV_c9ee7336081777	0	0	0	-	0	0.00000000	-	-	assembly_only_unvalidated	no_read_evidence
EV_51b32c4fc2e3e5	0	0	0	-	0	0.00000000	-	-	assembly_only_unvalidated	no_read_evidence
EV_4c817fa99ac9c6	0	0	0	-	0	0.00000000	-	-	assembly_only_unvalidated	no_read_evidence
EV_f105b93ea47cd2	0	0	0	-	0	0.00000000	-	-	assembly_only_unvalidated	no_read_evidence
EV_7c9bf3c849b710	0	0	0	-	0	0.00000000	-	-	assembly_only_unvalidated	no_read_evidence
EV_54d68214d847b1	0	0	0	-	0	0.00000000	-	-	assembly_only_unvalidated	no_read_evidence
EV_38fa823e0d5f38	0	0	0	-	0	0.00000000	-	-	assembly_only_unvalidated	no_read_evidence
EV_cba73573da2600	0	0	0	-	0	0.00000000	-	-	assembly_only_unvalidated	no_read_evidence
EV_68126f9de63fb6	0	0	0	-	0	0.00000000	-	-	assembly_only_unvalidated	no_read_evidence
EV_6eeeaee498958b	0	0	0	-	0	0.00000000	-	-	assembly_only_unvalidated	no_read_evidence
EV_76ed2b6eb1507d	0	0	0	-	0	0.00000000	-	-	assembly_only_unvalidated	no_read_evidence
EV_d591470f62ab22	0	0	0	-	0	0.00000000	-	-	assembly_only_unvalidated	no_read_evidence
EV_5d1d4ee8288f09	0	0	0	-	0	0.00000000	-	-	assembly_only_unvalidated	no_read_evidence
EV_1c3c23c1b61c43	0	0	0	-	0	0.00000000	-	-	assembly_only_unvalidated	no_read_evidence
EV_af0efed214a60d	0	0	0	-	0	0.00000000	-	-	assembly_only_unvalidated	no_read_evidence
EV_9d02e5310406b8	0	0	0	-	0	0.00000000	-	-	assembly_only_unvalidated	no_read_evidence
EV_9d55d5b0a3e9d5	0	0	0	-	0	0.00000000	-	-	assembly_only_unvalidated	no_read_evidence
EV_898eab88f29853	0	0	0	-	0	0.00000000	-	-	assembly_only_unvalidated	no_read_evidence
EV_717e9f28989357	0	0	0	-	0	0.00000000	-	-	assembly_only_unvalidated	no_read_evidence
EV_8a66057cdc6bbe	0	0	0	-	0	0.00000000	-	-	assembly_only_unvalidated	no_read_evidence
EV_c680b740b0b282	0	0	0	-	0	0.00000000	-	-	assembly_only_unvalidated	no_read_evidence
EV_68b54e4750045e	0	0	0	-	0	0.00000000	-	-	assembly_only_unvalidated	no_read_evidence
EV_050c7eba08b435	0	0	0	-	0	0.00000000	-	-	assembly_only_unvalidated	no_read_evidence
EV_5f07fbbaf1d135	0	0	0	-	0	0.00000000	-	-	assembly_only_unvalidated	no_read_evidence
EV_dd130ad73e4f0c	0	0	0	-	0	0.00000000	-	-	assembly_only_unvalidated	no_read_evidence
EV_5a4118f816a7e0	0	0	0	-	0	0.00000000	-	-	assembly_only_unvalidated	no_read_evidence
EV_96a83eef8179e8	0	0	0	-	0	0.00000000	-	-	assembly_only_unvalidated	no_read_evidence
EV_9b6ae43552f558	0	0	0	-	0	0.00000000	-	-	assembly_only_unvalidated	no_read_evidence
EV_72580144f7b027	0	0	0	-	0	0.00000000	-	-	assembly_only_unvalidated	no_read_evidence
EV_b76f54d6fee04a	0	0	0	-	0	0.00000000	-	-	assembly_only_unvalidated	no_read_evidence
EV_19fed9aa05168b	0	0	0	-	0	0.00000000	-	-	assembly_only_unvalidated	no_read_evidence
EV_ed323b3dff6474	0	0	0	-	0	0.00000000	-	-	assembly_only_unvalidated	no_read_evidence
EV_fce0270c3acb6b	0	0	0	-	0	0.00000000	-	-	assembly_only_unvalidated	no_read_evidence
EV_25b6e02732c4a6	0	0	0	-	0	0.00000000	-	-	assembly_only_unvalidated	no_read_evidence
EV_36728203ce17f5	0	0	0	-	0	0.00000000	-	-	assembly_only_unvalidated	no_read_evidence
EV_d81a7dbfa1e9ed	0	0	0	-	0	0.00000000	-	-	assembly_only_unvalidated	no_read_evidence
EV_aceaa2d4052636	0	0	0	-	0	0.00000000	-	-	assembly_only_unvalidated	no_read_evidence
EV_94d3ccaf507de2	0	0	0	-	0	0.00000000	-	-	assembly_only_unvalidated	no_read_evidence
EV_2ac548c65d8883	0	0	0	-	0	0.00000000	-	-	assembly_only_unvalidated	no_read_evidence
EV_8033feeab9f359	0	0	0	-	0	0.00000000	-	-	assembly_only_unvalidated	no_read_evidence
EV_993765b8d25178	0	0	0	-	0	0.00000000	-	-	assembly_only_unvalidated	no_read_evidence
EV_a257ce7b951b9b	0	0	0	-	0	0.00000000	-	-	assembly_only_unvalidated	no_read_evidence
EV_e4a2ee0c7f7802	0	0	0	-	0	0.00000000	-	-	assembly_only_unvalidated	no_read_evidence
EV_31869f47b1be03	0	0	0	-	0	0.00000000	-	-	assembly_only_unvalidated	no_read_evidence
EV_5df414a45f651a	0	0	0	-	0	0.00000000	-	-	assembly_only_unvalidated	no_read_evidence
EV_e8da9f499c788f	0	0	0	-	0	0.00000000	-	-	assembly_only_unvalidated	no_read_evidence
EV_66789f9c810129	0	0	0	-	0	0.00000000	-	-	assembly_only_unvalidated	no_read_evidence
EV_ea6c81b4cc6cb6	0	0	0	-	0	0.00000000	-	-	assembly_only_unvalidated	no_read_evidence
EV_032883e14b93c7	0	0	0	-	0	0.00000000	-	-	assembly_only_unvalidated	no_read_evidence
EV_b5922e5ae5cd73	0	0	0	-	0	0.00000000	-	-	assembly_only_unvalidated	no_read_evidence
EV_6a9edc71c8886b	0	0	0	-	0	0.00000000	-	-	assembly_only_unvalidated	no_read_evidence
EV_eded6f0114e434	0	0	0	-	0	0.00000000	-	-	assembly_only_unvalidated	no_read_evidence
EV_7f4399f7fd8a52	0	0	0	-	0	0.00000000	-	-	assembly_only_unvalidated	no_read_evidence
EV_494bf8ea7cac17	0	0	0	-	0	0.00000000	-	-	assembly_only_unvalidated	no_read_evidence
EV_235080d18975f5	0	0	0	-	0	0.00000000	-	-	assembly_only_unvalidated	no_read_evidence
EV_e6ccb1cb2b0160	0	0	0	-	0	0.00000000	-	-	assembly_only_unvalidated	no_read_evidence
EV_e89492b52cf7c3	0	0	0	-	0	0.00000000	-	-	assembly_only_unvalidated	no_read_evidence
EV_96f61271a2537a	0	0	0	-	0	0.00000000	-	-	assembly_only_unvalidated	no_read_evidence
EV_b4c35dd83690fd	0	0	0	-	0	0.00000000	-	-	assembly_only_unvalidated	no_read_evidence
EV_497ab9cd619845	0	0	0	-	0	0.00000000	-	-	assembly_only_unvalidated	no_read_evidence
EV_1d6200fca39c7c	0	0	0	-	0	0.00000000	-	-	assembly_only_unvalidated	no_read_evidence
EV_ef050ed335ce69	0	0	0	-	0	0.00000000	-	-	assembly_only_unvalidated	no_read_evidence
EV_7507e02a388388	0	0	0	-	0	0.00000000	-	-	assembly_only_unvalidated	no_read_evidence
EV_cdf1100b1929fe	0	0	0	-	0	0.00000000	-	-	assembly_only_unvalidated	no_read_evidence
EV_65ffe0287475c1	0	0	0	-	0	0.00000000	-	-	assembly_only_unvalidated	no_read_evidence
EV_b678182cc81d99	0	0	0	-	0	0.00000000	-	-	assembly_only_unvalidated	no_read_evidence
EV_bc80a72f964119	0	0	0	-	0	0.00000000	-	-	assembly_only_unvalidated	no_read_evidence
EV_249f271b0f5f14	0	0	0	-	0	0.00000000	-	-	assembly_only_unvalidated	no_read_evidence
EV_7251aab85fee93	0	0	0	-	0	0.00000000	-	-	assembly_only_unvalidated	no_read_evidence
EV_2657e670bff7b1	0	0	0	-	0	0.00000000	-	-	assembly_only_unvalidated	no_read_evidence
EV_71c2943a5827c9	0	0	0	-	0	0.00000000	-	-	assembly_only_unvalidated	no_read_evidence
EV_2301a4174db5d1	0	0	0	-	0	0.00000000	-	-	assembly_only_unvalidated	no_read_evidence
EV_7b6d032fd95af3	0	0	0	-	0	0.00000000	-	-	assembly_only_unvalidated	no_read_evidence
EV_a695e64d49365c	0	0	0	-	0	0.00000000	-	-	assembly_only_unvalidated	no_read_evidence
EV_79e70074f985b9	0	0	0	-	0	0.00000000	-	-	assembly_only_unvalidated	no_read_evidence
EV_5e49eb70a7f2d8	0	0	0	-	0	0.00000000	-	-	assembly_only_unvalidated	no_read_evidence
EV_86f30490d8f8ce	0	0	0	-	0	0.00000000	-	-	assembly_only_unvalidated	no_read_evidence
EV_4814288bc6005b	0	0	0	-	0	0.00000000	-	-	assembly_only_unvalidated	no_read_evidence
EV_c40132aec47fff	0	0	0	-	0	0.00000000	-	-	assembly_only_unvalidated	no_read_evidence
EV_0372d97edf5a0f	0	0	0	-	0	0.00000000	-	-	assembly_only_unvalidated	no_read_evidence
EV_f82a41731d5551	0	0	0	-	0	0.00000000	-	-	assembly_only_unvalidated	no_read_evidence
EV_36ee0b751bcdc2	0	0	0	-	0	0.00000000	-	-	assembly_only_unvalidated	no_read_evidence
EV_3d39a5476fef52	0	0	0	-	0	0.00000000	-	-	assembly_only_unvalidated	no_read_evidence
EV_e66860784cc474	0	0	0	-	0	0.00000000	-	-	assembly_only_unvalidated	no_read_evidence
EV_da8a3ea92ab0ee	0	0	0	-	0	0.00000000	-	-	assembly_only_unvalidated	no_read_evidence
EV_1d4f5072a1d579	0	0	0	-	0	0.00000000	-	-	assembly_only_unvalidated	no_read_evidence
EV_90eb546f2f61c7	0	0	0	-	0	0.00000000	-	-	assembly_only_unvalidated	no_read_evidence
EV_37c5df70bf6c56	0	0	0	-	0	0.00000000	-	-	assembly_only_unvalidated	no_read_evidence
EV_2601676296b9ff	0	0	0	-	0	0.00000000	-	-	assembly_only_unvalidated	no_read_evidence
EV_b51184a2d47455	0	0	0	-	0	0.00000000	-	-	assembly_only_unvalidated	no_read_evidence
EV_8054d43513871c	0	0	0	-	0	0.00000000	-	-	assembly_only_unvalidated	no_read_evidence
EV_9ce478084732ea	0	0	0	-	0	0.00000000	-	-	assembly_only_unvalidated	no_read_evidence
EV_5ffb0c2c703624	0	0	0	-	0	0.00000000	-	-	assembly_only_unvalidated	no_read_evidence
EV_b1ed6e58367957	0	0	0	-	0	0.00000000	-	-	assembly_only_unvalidated	no_read_evidence
EV_64a9e353379fac	0	0	0	-	0	0.00000000	-	-	assembly_only_unvalidated	no_read_evidence
EV_69e36c89ced85b	0	0	0	-	0	0.00000000	-	-	assembly_only_unvalidated	no_read_evidence
EV_1c5bb7d02ee531	0	0	0	-	0	0.00000000	-	-	assembly_only_unvalidated	no_read_evidence
EV_e3505882e938cc	0	0	0	-	0	0.00000000	-	-	assembly_only_unvalidated	no_read_evidence
EV_1b500a491c4055	0	0	0	-	0	0.00000000	-	-	assembly_only_unvalidated	no_read_evidence
EV_316fc9a6f3a252	0	0	0	-	0	0.00000000	-	-	assembly_only_unvalidated	no_read_evidence
EV_7c0a3108f1572d	0	0	0	-	0	0.00000000	-	-	assembly_only_unvalidated	no_read_evidence
EV_df906bbb90ed32	0	0	0	-	0	0.00000000	-	-	assembly_only_unvalidated	no_read_evidence
EV_19f623d2fce6b4	0	0	0	-	0	0.00000000	-	-	assembly_only_unvalidated	no_read_evidence
EV_4153b4916ab6b7	0	0	0	-	0	0.00000000	-	-	assembly_only_unvalidated	no_read_evidence
EV_b44ad85fa02f52	0	0	0	-	0	0.00000000	-	-	assembly_only_unvalidated	no_read_evidence
EV_1ca907ae38db6e	0	0	0	-	0	0.00000000	-	-	assembly_only_unvalidated	no_read_evidence
EV_ea7d8d403970d3	0	0	0	-	0	0.00000000	-	-	assembly_only_unvalidated	no_read_evidence
EV_cf5f417167786d	0	0	0	-	0	0.00000000	-	-	assembly_only_unvalidated	no_read_evidence
EV_51870115b768c3	0	0	0	-	0	0.00000000	-	-	assembly_only_unvalidated	no_read_evidence
EV_c5d2b43c748680	0	0	0	-	0	0.00000000	-	-	assembly_only_unvalidated	no_read_evidence
EV_a02d428f8bd36d	0	0	0	-	0	0.00000000	-	-	assembly_only_unvalidated	no_read_evidence
EV_b3e523c55d1bea	0	0	0	-	0	0.00000000	-	-	assembly_only_unvalidated	no_read_evidence
EV_59038733c8e17f	0	0	0	-	0	0.00000000	-	-	assembly_only_unvalidated	no_read_evidence
EV_a5511e0f2dc2bd	0	0	0	-	0	0.00000000	-	-	assembly_only_unvalidated	no_read_evidence
EV_b0d505c6ab962c	0	0	0	-	0	0.00000000	-	-	assembly_only_unvalidated	no_read_evidence
EV_fab765c314d58c	0	0	0	-	0	0.00000000	-	-	assembly_only_unvalidated	no_read_evidence
EV_e335d0d65e9076	0	0	0	-	0	0.00000000	-	-	assembly_only_unvalidated	no_read_evidence
EV_d22a6fd27d1bc0	0	0	0	-	0	0.00000000	-	-	assembly_only_unvalidated	no_read_evidence
EV_7eb3ccc70e0b04	0	0	0	-	0	0.00000000	-	-	assembly_only_unvalidated	no_read_evidence
EV_4cbedb709caa60	0	0	0	-	0	0.00000000	-	-	assembly_only_unvalidated	no_read_evidence
EV_6f10221e3c1ef0	0	0	0	-	0	0.00000000	-	-	assembly_only_unvalidated	no_read_evidence
EV_d9950905383a47	0	0	0	-	0	0.00000000	-	-	assembly_only_unvalidated	no_read_evidence
EV_7ee2c3e5ffc6ac	0	0	0	-	0	0.00000000	-	-	assembly_only_unvalidated	no_read_evidence
EV_2d232f0117d1b1	0	0	0	-	0	0.00000000	-	-	assembly_only_unvalidated	no_read_evidence
EV_215286036a0cc4	0	0	0	-	0	0.00000000	-	-	assembly_only_unvalidated	no_read_evidence
EV_e39bfd83c4b883	0	0	0	-	0	0.00000000	-	-	assembly_only_unvalidated	no_read_evidence
EV_42f455beaa157e	0	0	0	-	0	0.00000000	-	-	assembly_only_unvalidated	no_read_evidence
EV_92a1ddef51c28e	0	0	0	-	0	0.00000000	-	-	assembly_only_unvalidated	no_read_evidence
EV_1fe2930f0261d3	0	0	0	-	0	0.00000000	-	-	assembly_only_unvalidated	no_read_evidence
EV_ff9b68d949c886	0	0	0	-	0	0.00000000	-	-	assembly_only_unvalidated	no_read_evidence
EV_27237b6e2aa494	0	0	0	-	0	0.00000000	-	-	assembly_only_unvalidated	no_read_evidence
EV_3649a2083398e5	0	0	0	-	0	0.00000000	-	-	assembly_only_unvalidated	no_read_evidence
EV_55c71659d6e48f	0	0	0	-	0	0.00000000	-	-	assembly_only_unvalidated	no_read_evidence
EV_4b43a173e792d9	0	0	0	-	0	0.00000000	-	-	assembly_only_unvalidated	no_read_evidence
EV_0202fd4ad99fc4	0	0	0	-	0	0.00000000	-	-	assembly_only_unvalidated	no_read_evidence
EV_184e1e478badf0	0	0	0	-	0	0.00000000	-	-	assembly_only_unvalidated	no_read_evidence
EV_1697aa3e1bc111	0	0	0	-	0	0.00000000	-	-	assembly_only_unvalidated	no_read_evidence
EV_334091678006ab	0	0	0	-	0	0.00000000	-	-	assembly_only_unvalidated	no_read_evidence
EV_1e52041f151046	0	0	0	-	0	0.00000000	-	-	assembly_only_unvalidated	no_read_evidence
EV_63a632e7adf21d	0	0	0	-	0	0.00000000	-	-	assembly_only_unvalidated	no_read_evidence
EV_5fd29e71a4f3ac	0	0	0	-	0	0.00000000	-	-	assembly_only_unvalidated	no_read_evidence
EV_33c22403b8dba2	0	0	0	-	0	0.00000000	-	-	assembly_only_unvalidated	no_read_evidence
EV_228f4612fb861d	0	0	0	-	0	0.00000000	-	-	assembly_only_unvalidated	no_read_evidence
EV_e694626b0c7bdc	0	0	0	-	0	0.00000000	-	-	assembly_only_unvalidated	no_read_evidence
EV_68ad032caf721d	0	0	0	-	0	0.00000000	-	-	assembly_only_unvalidated	no_read_evidence
EV_18e4a76cf6075c	0	0	0	-	0	0.00000000	-	-	assembly_only_unvalidated	no_read_evidence
EV_e34d7090ec9021	0	0	0	-	0	0.00000000	-	-	assembly_only_unvalidated	no_read_evidence
EV_a7b115dc5efb98	0	0	0	-	0	0.00000000	-	-	assembly_only_unvalidated	no_read_evidence
EV_84775c58d888cf	0	0	0	-	0	0.00000000	-	-	assembly_only_unvalidated	no_read_evidence
EV_3d211e767a0d57	0	0	0	-	0	0.00000000	-	-	assembly_only_unvalidated	no_read_evidence
EV_f0b64aa3e323a1	0	0	0	-	0	0.00000000	-	-	assembly_only_unvalidated	no_read_evidence
EV_8605f65d665cdb	0	0	0	-	0	0.00000000	-	-	assembly_only_unvalidated	no_read_evidence
EV_9184488671e31b	0	0	0	-	0	0.00000000	-	-	assembly_only_unvalidated	no_read_evidence
EV_23cfcbde9b6dc5	0	0	0	-	0	0.00000000	-	-	assembly_only_unvalidated	no_read_evidence
EV_03b02431864f14	0	0	0	-	0	0.00000000	-	-	assembly_only_unvalidated	no_read_evidence
EV_36877e904efc4b	0	0	0	-	0	0.00000000	-	-	assembly_only_unvalidated	no_read_evidence
EV_12476f4d566754	0	0	0	-	0	0.00000000	-	-	assembly_only_unvalidated	no_read_evidence
EV_1d258838d91596	0	0	0	-	0	0.00000000	-	-	assembly_only_unvalidated	no_read_evidence
EV_acfb25466af172	0	0	0	-	0	0.00000000	-	-	assembly_only_unvalidated	no_read_evidence
EV_03bdeb4893cf05	0	0	0	-	0	0.00000000	-	-	assembly_only_unvalidated	no_read_evidence
EV_0b1450451a6946	0	0	0	-	0	0.00000000	-	-	assembly_only_unvalidated	no_read_evidence
EV_e26ca9554e0581	0	0	0	-	0	0.00000000	-	-	assembly_only_unvalidated	no_read_evidence
EV_e0d1b3c582aa19	0	0	0	-	0	0.00000000	-	-	assembly_only_unvalidated	no_read_evidence
EV_38a8a3a22133dd	0	0	0	-	0	0.00000000	-	-	assembly_only_unvalidated	no_read_evidence
EV_473d74cc2d1da4	0	0	0	-	0	0.00000000	-	-	assembly_only_unvalidated	no_read_evidence
EV_9b4d7bacf15afd	0	0	0	-	0	0.00000000	-	-	assembly_only_unvalidated	no_read_evidence
EV_4973c058a1eea5	0	0	0	-	0	0.00000000	-	-	assembly_only_unvalidated	no_read_evidence
EV_8e2120ff8ce34b	0	0	0	-	0	0.00000000	-	-	assembly_only_unvalidated	no_read_evidence
EV_71d4abaa4d1d5a	0	0	0	-	0	0.00000000	-	-	assembly_only_unvalidated	no_read_evidence
EV_65aeb586f2996f	0	0	0	-	0	0.00000000	-	-	assembly_only_unvalidated	no_read_evidence
EV_ed6c92dac566ee	0	0	0	-	0	0.00000000	-	-	assembly_only_unvalidated	no_read_evidence
EV_232fac84528067	0	0	0	-	0	0.00000000	-	-	assembly_only_unvalidated	no_read_evidence
EV_534ef52679d1c4	0	0	0	-	0	0.00000000	-	-	assembly_only_unvalidated	no_read_evidence
EV_9b045bff5833c9	0	0	0	-	0	0.00000000	-	-	assembly_only_unvalidated	no_read_evidence
EV_b7d8bfdad1ae72	0	0	0	-	0	0.00000000	-	-	assembly_only_unvalidated	no_read_evidence
EV_ceae0904736e67	0	0	0	-	0	0.00000000	-	-	assembly_only_unvalidated	no_read_evidence
EV_7bce934d4f847a	0	0	0	-	0	0.00000000	-	-	assembly_only_unvalidated	no_read_evidence
EV_a4d006d2d95040	0	0	0	-	0	0.00000000	-	-	assembly_only_unvalidated	no_read_evidence
EV_1d4cccd12994d6	0	0	0	-	0	0.00000000	-	-	assembly_only_unvalidated	no_read_evidence
EV_1f23e5da2fe847	0	0	0	-	0	0.00000000	-	-	assembly_only_unvalidated	no_read_evidence
EV_c79ebe82339a4b	0	0	0	-	0	0.00000000	-	-	assembly_only_unvalidated	no_read_evidence
EV_f845b8ec293d6d	0	0	0	-	0	0.00000000	-	-	assembly_only_unvalidated	no_read_evidence
EV_c5dfba2b5021bd	0	0	0	-	0	0.00000000	-	-	assembly_only_unvalidated	no_read_evidence
EV_7ce9561438e925	0	0	0	-	0	0.00000000	-	-	assembly_only_unvalidated	no_read_evidence
EV_8e10eef13e73ac	0	0	0	-	0	0.00000000	-	-	assembly_only_unvalidated	no_read_evidence
EV_5d12b5dd7134c3	0	0	0	-	0	0.00000000	-	-	assembly_only_unvalidated	no_read_evidence
EV_5499c131a31505	0	0	0	-	0	0.00000000	-	-	assembly_only_unvalidated	no_read_evidence
EV_5a089af2e5f791	0	0	0	-	0	0.00000000	-	-	assembly_only_unvalidated	no_read_evidence
EV_d489f75a528691	0	0	0	-	0	0.00000000	-	-	assembly_only_unvalidated	no_read_evidence
EV_6611f67bd5ac52	0	0	0	-	0	0.00000000	-	-	assembly_only_unvalidated	no_read_evidence
EV_16e7a0c958ed9e	0	0	0	-	0	0.00000000	-	-	assembly_only_unvalidated	no_read_evidence
EV_dc6da5ea6f4ded	0	0	0	-	0	0.00000000	-	-	assembly_only_unvalidated	no_read_evidence
EV_0c4c62b8d75365	0	0	0	-	0	0.00000000	-	-	assembly_only_unvalidated	no_read_evidence
EV_02c4efc95d6f80	0	0	0	-	0	0.00000000	-	-	assembly_only_unvalidated	no_read_evidence
EV_53449fd222a696	0	0	0	-	0	0.00000000	-	-	assembly_only_unvalidated	no_read_evidence
EV_929df63009f78d	0	0	0	-	0	0.00000000	-	-	assembly_only_unvalidated	no_read_evidence
EV_e0929896dff4a9	0	0	0	-	0	0.00000000	-	-	assembly_only_unvalidated	no_read_evidence
EV_0b4fe97c1bdb43	0	0	0	-	0	0.00000000	-	-	assembly_only_unvalidated	no_read_evidence
EV_e0597775424af2	0	0	0	-	0	0.00000000	-	-	assembly_only_unvalidated	no_read_evidence
EV_633ab909fd446c	0	0	0	-	0	0.00000000	-	-	assembly_only_unvalidated	no_read_evidence
EV_bd78ba82e7d6cf	0	0	0	-	0	0.00000000	-	-	assembly_only_unvalidated	no_read_evidence
EV_8d2baca8bf97d5	0	0	0	-	0	0.00000000	-	-	assembly_only_unvalidated	no_read_evidence
EV_ea3f01570904d5	0	0	0	-	0	0.00000000	-	-	assembly_only_unvalidated	no_read_evidence
EV_525efb6eb8f4e5	0	0	0	-	0	0.00000000	-	-	assembly_only_unvalidated	no_read_evidence
EV_8e59a817dbeae2	0	0	0	-	0	0.00000000	-	-	assembly_only_unvalidated	no_read_evidence
EV_0818ec1843db64	0	0	0	-	0	0.00000000	-	-	assembly_only_unvalidated	no_read_evidence
EV_e27ceeaf672f37	0	0	0	-	0	0.00000000	-	-	assembly_only_unvalidated	no_read_evidence
EV_f97d4bedadf594	0	0	0	-	0	0.00000000	-	-	assembly_only_unvalidated	no_read_evidence
EV_cbeedec63f8099	0	0	0	-	0	0.00000000	-	-	assembly_only_unvalidated	no_read_evidence
EV_ac93ece98851a7	0	0	0	-	0	0.00000000	-	-	assembly_only_unvalidated	no_read_evidence
EV_516800b4c3db65	0	0	0	-	0	0.00000000	-	-	assembly_only_unvalidated	no_read_evidence
EV_f2231f5f559686	0	0	0	-	0	0.00000000	-	-	assembly_only_unvalidated	no_read_evidence
EV_46aa22f22d1479	0	0	0	-	0	0.00000000	-	-	assembly_only_unvalidated	no_read_evidence
EV_022db0398a65bd	0	0	0	-	0	0.00000000	-	-	assembly_only_unvalidated	no_read_evidence
EV_cdd1ae6aa0ec3e	0	0	0	-	0	0.00000000	-	-	assembly_only_unvalidated	no_read_evidence
EV_9d40bfa1626e3d	0	0	0	-	0	0.00000000	-	-	assembly_only_unvalidated	no_read_evidence
EV_6578066c4624b9	0	0	0	-	0	0.00000000	-	-	assembly_only_unvalidated	no_read_evidence
EV_207820206f33e8	0	0	0	-	0	0.00000000	-	-	assembly_only_unvalidated	no_read_evidence
EV_311bb184d9b16d	0	0	0	-	0	0.00000000	-	-	assembly_only_unvalidated	no_read_evidence
EV_a07efdf8012776	0	0	0	-	0	0.00000000	-	-	assembly_only_unvalidated	no_read_evidence
EV_172f32483d536c	0	0	0	-	0	0.00000000	-	-	assembly_only_unvalidated	no_read_evidence
EV_bce0388e2bc63d	0	0	0	-	0	0.00000000	-	-	assembly_only_unvalidated	no_read_evidence
EV_8361fe776aba89	0	0	0	-	0	0.00000000	-	-	assembly_only_unvalidated	no_read_evidence
EV_445d8ec2c50e4c	0	0	0	-	0	0.00000000	-	-	assembly_only_unvalidated	no_read_evidence
EV_8c4fd3f276e526	0	0	0	-	0	0.00000000	-	-	assembly_only_unvalidated	no_read_evidence
EV_a0c7947332caf0	0	0	0	-	0	0.00000000	-	-	assembly_only_unvalidated	no_read_evidence
EV_9ac24e21161be7	0	0	0	-	0	0.00000000	-	-	assembly_only_unvalidated	no_read_evidence
EV_10e9beea517b8c	0	0	0	-	0	0.00000000	-	-	assembly_only_unvalidated	no_read_evidence
EV_72bca70589b513	0	0	0	-	0	0.00000000	-	-	assembly_only_unvalidated	no_read_evidence
EV_b141703d48e57f	0	0	0	-	0	0.00000000	-	-	assembly_only_unvalidated	no_read_evidence
EV_73ea29f99c8da7	0	0	0	-	0	0.00000000	-	-	assembly_only_unvalidated	no_read_evidence
EV_2f044dcb8fd5b5	0	0	0	-	0	0.00000000	-	-	assembly_only_unvalidated	no_read_evidence
EV_7464f69b22d446	0	0	0	-	0	0.00000000	-	-	assembly_only_unvalidated	no_read_evidence
EV_a69aa21cb791ef	0	0	0	-	0	0.00000000	-	-	assembly_only_unvalidated	no_read_evidence
EV_4c9cd36f47f409	0	0	0	-	0	0.00000000	-	-	assembly_only_unvalidated	no_read_evidence
EV_a6c76214e9b0ed	0	0	0	-	0	0.00000000	-	-	assembly_only_unvalidated	no_read_evidence
EV_c455cad1743606	0	0	0	-	0	0.00000000	-	-	assembly_only_unvalidated	no_read_evidence
EV_f2a620b269375f	0	0	0	-	0	0.00000000	-	-	assembly_only_unvalidated	no_read_evidence
EV_10c154c707ab93	0	0	0	-	0	0.00000000	-	-	assembly_only_unvalidated	no_read_evidence
EV_5bf3f5a58d2df0	0	0	0	-	0	0.00000000	-	-	assembly_only_unvalidated	no_read_evidence
EV_42a9d8bdf79822	0	0	0	-	0	0.00000000	-	-	assembly_only_unvalidated	no_read_evidence
EV_a69a7e2d3d2c2a	0	0	0	-	0	0.00000000	-	-	assembly_only_unvalidated	no_read_evidence
EV_641e9fe6a11810	0	0	0	-	0	0.00000000	-	-	assembly_only_unvalidated	no_read_evidence
EV_24953395a31117	0	0	0	-	0	0.00000000	-	-	assembly_only_unvalidated	no_read_evidence
EV_be6f5c071ea2fb	0	0	0	-	0	0.00000000	-	-	assembly_only_unvalidated	no_read_evidence
EV_0362ed2309854a	0	0	0	-	0	0.00000000	-	-	assembly_only_unvalidated	no_read_evidence
EV_588918aa44ad33	0	0	0	-	0	0.00000000	-	-	assembly_only_unvalidated	no_read_evidence
EV_4ea1a420e0086d	0	0	0	-	0	0.00000000	-	-	assembly_only_unvalidated	no_read_evidence
EV_24ccc57fa427ae	0	0	0	-	0	0.00000000	-	-	assembly_only_unvalidated	no_read_evidence
EV_1a51f990e51664	0	0	0	-	0	0.00000000	-	-	assembly_only_unvalidated	no_read_evidence
EV_a017fc28ab4998	0	0	0	-	0	0.00000000	-	-	assembly_only_unvalidated	no_read_evidence
EV_df73b62c2d2551	0	0	0	-	0	0.00000000	-	-	assembly_only_unvalidated	no_read_evidence
EV_ed2c2c5f78951e	0	0	0	-	0	0.00000000	-	-	assembly_only_unvalidated	no_read_evidence
EV_7ab88ce1a3d916	0	0	0	-	0	0.00000000	-	-	assembly_only_unvalidated	no_read_evidence
EV_263b8f78d3c997	0	0	0	-	0	0.00000000	-	-	assembly_only_unvalidated	no_read_evidence
EV_7982c301df92fe	0	0	0	-	0	0.00000000	-	-	assembly_only_unvalidated	no_read_evidence
EV_92fbe0929d1295	0	0	0	-	0	0.00000000	-	-	assembly_only_unvalidated	no_read_evidence
EV_02a5eafd3b9978	0	0	0	-	0	0.00000000	-	-	assembly_only_unvalidated	no_read_evidence
EV_2671854d4ae816	0	0	0	-	0	0.00000000	-	-	assembly_only_unvalidated	no_read_evidence
EV_d1e3e6dbd038b3	0	0	0	-	0	0.00000000	-	-	assembly_only_unvalidated	no_read_evidence
EV_e4a757112f6244	0	0	0	-	0	0.00000000	-	-	assembly_only_unvalidated	no_read_evidence
EV_494ba258c2c335	0	0	0	-	0	0.00000000	-	-	assembly_only_unvalidated	no_read_evidence
EV_7d06b031898c23	0	0	0	-	0	0.00000000	-	-	assembly_only_unvalidated	no_read_evidence
EV_1dfd598d8becdb	0	0	0	-	0	0.00000000	-	-	assembly_only_unvalidated	no_read_evidence
EV_d833dc2e84badc	0	0	0	-	0	0.00000000	-	-	assembly_only_unvalidated	no_read_evidence
EV_285d82e628c8ac	0	0	0	-	0	0.00000000	-	-	assembly_only_unvalidated	no_read_evidence
EV_64ec657c5d7c8d	0	0	0	-	0	0.00000000	-	-	assembly_only_unvalidated	no_read_evidence
EV_e46ccbcd49a5c0	0	0	0	-	0	0.00000000	-	-	assembly_only_unvalidated	no_read_evidence
EV_2308faf61ce17d	0	0	0	-	0	0.00000000	-	-	assembly_only_unvalidated	no_read_evidence
EV_9058aed78595c3	0	0	0	-	0	0.00000000	-	-	assembly_only_unvalidated	no_read_evidence
EV_282eeb4743e866	0	0	0	-	0	0.00000000	-	-	assembly_only_unvalidated	no_read_evidence
EV_bd999fefa5c033	0	0	0	-	0	0.00000000	-	-	assembly_only_unvalidated	no_read_evidence
EV_dd19fc814a9f8f	0	0	0	-	0	0.00000000	-	-	assembly_only_unvalidated	no_read_evidence
EV_f1e9b848b30537	0	0	0	-	0	0.00000000	-	-	assembly_only_unvalidated	no_read_evidence
EV_e6a4b38ece3fd9	0	0	0	-	0	0.00000000	-	-	assembly_only_unvalidated	no_read_evidence
EV_713471c53a9b20	0	0	0	-	0	0.00000000	-	-	assembly_only_unvalidated	no_read_evidence
EV_f92e1920c99992	0	0	0	-	0	0.00000000	-	-	assembly_only_unvalidated	no_read_evidence
EV_18305c9f47e74a	0	0	0	-	0	0.00000000	-	-	assembly_only_unvalidated	no_read_evidence
EV_393655cfc5fa78	0	0	0	-	0	0.00000000	-	-	assembly_only_unvalidated	no_read_evidence
EV_5c94cb6fb97b7b	0	0	0	-	0	0.00000000	-	-	assembly_only_unvalidated	no_read_evidence
