canonical_family	period_bp	representative_orientation	equivalent_orientations	path_support	total_seed_bp	max_seed_copies	mean_seed_density	composite_of_primitive_families	shadowed_by_selected_shorter_family	eligible_primary	MDL_shortlisted	selected	selection_step	marginal_MDL_gain_bits
C	1	C	C;G	47	10114	232	0.7283	-	-	1	1	0	0	0.0000
CG	2	GC	CG;GC	47	4866	56	0.3576	-	-	1	1	0	0	0.0000
CCG	3	GCC	CCG;CGC;CGG;GCC;GCG;GGC	47	4827	37	0.3616	-	-	1	1	1	2	2992.0000
AGC	3	AGC	AGC;CAG;CTG;GCA;GCT;TGC	47	4617	41	0.3741	-	-	1	1	1	1	5511.5000
A	1	A	A;T	47	2622	64	0.3746	-	-	1	1	0	0	0.0000
AC	2	CA	AC;CA;GT;TG	47	2442	30	0.3632	-	-	1	1	0	0	0.0000
CCCG	4	GCGG	CCCG;CCGC;CGCC;CGGG;GCCC;GCGG;GGCG;GGGC	47	1688	9	0.4102	-	AGC;CCG	1	1	0	0	0.0000
ACAGC	5	CAGCA	ACAGC;AGCAC;CACAG;CAGCA;CTGTG;GCACA;GCTGT;GTGCT;TGCTG;TGTGC	47	1470	7	0.4298	-	AGC	1	1	0	0	0.0000
CCGCG	5	CGGCG	CCGCG;CGCCG;CGCGC;CGCGG;CGGCG;GCCGC;GCGCC;GCGCG;GCGGC;GGCGC	47	1400	6	0.3931	-	-	1	0	0	0	0.0000
AAGC	4	AGCA	AAGC;AGCA;CAAG;CTTG;GCAA;GCTT;TGCT;TTGC	47	1308	11	0.4446	AG>AC	-	0	0	0	0	0.0000
CCGG	4	CGGC	CCGG;CGGC;GCCG;GGCC	47	1304	7	0.3502	-	-	1	0	0	0	0.0000
AGCC	4	CAGC	AGCC;CAGC;CCAG;CTGG;GCCA;GCTG;GGCT;TGGC	47	1048	8	0.3799	AC>CG	-	0	0	0	0	0.0000
AGGCC	5	GGCCT	AGGCC;CAGGC;CCAGG;CCTGG;CTGGC;GCCAG;GCCTG;GGCCA;GGCCT;TGGCC	47	940	4	0.4444	-	-	1	0	0	0	0.0000
AG	2	AG	AG;CT;GA;TC	47	816	14	0.3696	-	-	1	0	0	0	0.0000
AAC	3	CAA	AAC;ACA;CAA;GTT;TGT;TTG	47	570	5	0.5648	-	-	1	0	0	0	0.0000
CCCGCCG	7	GCGGCGG	CCCGCCG;CCGCCCG;CCGCCGC;CGCCCGC;CGCCGCC;CGGCGGG;CGGGCGG;GCCCGCC;GCCGCCC;GCGGCGG;GCGGGCG;GGCGGCG;GGCGGGC;GGGCGGC	46	1596	5	0.4348	-	-	1	0	0	0	0.0000
AACAGC	6	GCAACA	AACAGC;ACAGCA;AGCAAC;CAACAG;CAGCAA;CTGTTG;GCAACA;GCTGTT;GTTGCT;TGCTGT;TGTTGC;TTGCTG	45	1578	7	0.4288	AGC>AAC	-	0	0	0	0	0.0000
AGGC	4	GCAG	AGGC;CAGG;CCTG;CTGC;GCAG;GCCT;GGCA;TGCC	40	672	6	0.3971	CG>AG	-	0	0	0	0	0.0000
AGCGC	5	GCAGC	AGCGC;CAGCG;CGCAG;CGCTG;CTGCG;GCAGC;GCGCA;GCGCT;GCTGC;TGCGC	24	500	5	0.3713	-	-	1	0	0	0	0.0000
AACAGCAGC	9	GCAGCAACA	AACAGCAGC;ACAGCAGCA;AGCAACAGC;AGCAGCAAC;CAACAGCAG;CAGCAACAG;CAGCAGCAA;CTGCTGTTG;CTGTTGCTG;GCAACAGCA;GCAGCAACA;GCTGCTGTT;GCTGTTGCT;GTTGCTGCT;TGCTGCTGT;TGCTGTTGC;TGTTGCTGC;TTGCTGCTG	18	648	4	0.5754	AGC>AGC>AAC	-	0	0	0	0	0.0000
ACAGCAGC	8	ACAGCAGC	ACAGCAGC;AGCACAGC;AGCAGCAC;CACAGCAG;CAGCACAG;CAGCAGCA;CTGCTGTG;CTGTGCTG;GCACAGCA;GCAGCACA;GCTGCTGT;GCTGTGCT;GTGCTGCT;TGCTGCTG;TGCTGTGC;TGTGCTGC	16	520	5	0.6419	AC>AG>AC>CG	-	0	0	0	0	0.0000
AAGCAGC	7	AGCAGCA	AAGCAGC;AGCAAGC;AGCAGCA;CAAGCAG;CAGCAAG;CTGCTTG;CTTGCTG;GCAAGCA;GCAGCAA;GCTGCTT;GCTTGCT;TGCTGCT;TGCTTGC;TTGCTGC	10	294	5	0.4639	-	-	1	0	0	0	0.0000
AGAGC	5	AGCAG	AGAGC;AGCAG;CAGAG;CTCTG;CTGCT;GAGCA;GCAGA;GCTCT;TCTGC;TGCTC	9	185	5	0.3983	-	-	1	0	0	0	0.0000
