path	repeat_block_count	R1_family	R1_motif	R1_copies	R1_variants	R1_inserted_bp	R2_family	R2_motif	R2_copies	R2_variants	R2_inserted_bp	R3_family	R3_motif	R3_copies	R3_variants	R3_inserted_bp
seq1_1.0	3	M2	GCG	15	2	0	M1	CAG	25	6	0	M2	GCC	18	7	4
seq2_1.0	3	M2	GCG	16	3	0	M1	CAG	24	6	0	M2	GCC	18	7	4
seq1_65.5	3	M2	GCG	15	2	0	M1	CAG	23	6	0	M2	GCC	18	6	4
seq2_161.5	3	M2	GCG	16	3	0	M1	CAG	24	6	0	M2	GCC	18	7	4
seq3_107.0	3	M2	GCG	15	2	0	M1	CAG	23	6	0	M2	GCC	18	7	4
seq4_1.0	3	M2	GCG	15	2	0	M1	CAG	24	5	0	M2	GCC	17	7	4
seq5_1.0	3	M2	GCG	16	3	0	M1	CAG	24	6	0	M2	GCC	18	7	4
seq6_32.5	3	M2	GCG	15	2	0	M1	CAG	25	6	0	M2	GCC	18	7	4
seq7_0.5	3	M2	GCG	16	3	0	M1	CAG	24	6	0	M2	GCC	18	7	4
seq8_1.0	3	M2	GCG	16	3	0	M1	CAG	32	6	0	M2	GCC	18	7	4
seq9_1.0	3	M2	GCG	15	2	0	M1	CAG	22	6	0	M2	GCC	18	6	4
seq10_14.0	3	M2	GCG	15	2	0	M1	CAG	23	5	0	M2	GCC	17	7	4
seq11_3.0	3	M2	GCG	15	2	0	M1	CAG	23	6	0	M2	GCC	18	7	4
seq12_1.0	3	M2	GCG	15	2	0	M1	CAG	23	6	0	M2	GCC	18	7	4
seq13_1.0	3	M2	GCG	15	2	0	M1	CAG	23	6	0	M2	GCC	19	6	4
seq14_4.0	3	M2	GCG	15	2	0	M1	CAG	23	5	0	M2	GCC	18	7	4
seq15_1.0	3	M2	GCG	16	3	0	M1	CAG	24	6	0	M2	GCC	18	7	4
seq16_1.0	3	M2	GCG	16	3	0	M1	CAG	28	6	0	M2	GCC	20	7	4
seq17_3.0	3	M2	GCG	15	2	0	M1	CAG	23	6	0	M2	GCC	15	7	4
seq18_3.0	3	M2	GCG	16	3	0	M1	CAG	24	6	0	M2	GCC	18	7	4
seq19_13.0	3	M2	GCG	15	2	0	M1	CAG	21	6	0	M2	GCC	18	7	4
seq20_1.0	3	M2	GCG	15	2	0	M1	CAG	24	5	0	M2	GCC	18	7	4
seq21_1.0	3	M2	GCG	15	2	0	M1	CAG	22	6	0	M2	GCC	18	7	4
seq22_2.0	3	M2	GCG	15	2	0	M1	CAG	24	7	0	M2	GCC	18	7	4
seq23_12.0	3	M2	GCG	15	2	0	M1	CAG	24	6	0	M2	GCC	18	7	4
seq24_1.0	3	M2	GCG	15	2	0	M1	CAG	23	6	0	M2	GCC	18	7	4
seq25_2.0	3	M2	GCG	16	3	0	M1	CAG	24	6	0	M2	GCC	18	7	4
seq26_1.0	3	M2	GCG	15	2	0	M1	CAG	26	6	0	M2	GCC	18	7	4
seq27_3.0	3	M2	GCG	15	2	0	M1	CAG	23	7	0	M2	GCC	18	7	4
seq28_3.0	3	M2	GCG	15	2	0	M1	CAG	23	6	0	M2	GCC	18	6	4
seq29_1.0	3	M2	GCG	15	2	0	M1	CAG	25	6	0	M2	GCC	18	7	4
seq30_1.0	3	M2	GCG	15	2	0	M1	CAG	25	5	0	M2	GCC	17	7	4
seq31_1.0	3	M2	GCG	16	3	0	M1	CAG	19	5	0	M2	GCC	18	7	4
seq32_1.0	3	M2	GCG	12	1	0	M1	CAG	24	6	0	M2	GCC	18	7	4
seq33_2.0	3	M2	GCG	16	3	0	M1	CAG	27	6	0	M2	GCC	18	7	4
seq34_1.0	3	M2	GCG	15	2	0	M1	CAG	25	6	0	M2	GCC	19	7	4
seq35_1.0	3	M2	GCG	15	2	0	M1	CAG	25	5	0	M2	GCC	18	7	4
seq36_1.0	3	M2	GCG	15	2	0	M1	CAG	23	6	0	M2	GCC	18	7	4
seq37_1.0	3	M2	GCG	16	3	0	M1	CAG	24	6	0	M2	GCC	19	7	4
seq38_1.0	3	M2	GCG	16	3	0	M1	CAG	28	6	0	M2	GCC	18	7	4
seq39_1.0	3	M2	GCG	15	2	0	M1	CAG	21	6	0	M2	GCC	18	7	4
seq40_1.0	3	M2	GCG	15	2	0	M1	CAG	25	6	0	M2	GCC	18	7	4
seq41_1.0	3	M2	GCG	16	3	0	M1	CAG	22	5	0	M2	GCC	18	7	4
seq42_1.0	3	M2	GCG	15	2	0	M1	CAG	23	6	0	M2	GCC	18	7	4
seq43_1.0	3	M2	GCG	16	3	0	M1	CAG	24	6	0	M2	GCC	18	7	4
seq44_1.0	3	M2	GCG	16	3	0	M1	CAG	22	6	0	M2	GCC	18	7	4
seq45_1.0	3	M2	GCC	13	2	0	M1	CAG	23	6	0	M2	GCC	18	7	4
