path	repeat_block	start_bp	end_bp	span_bp	family_id	canonical_family	oriented_motif	primitive_period_bp	copies	exact_copies	variant_copies	inserted_bp	insertions	repeat_density	interpretation_status	coordinate_system
seq1_1.0	R1	261	306	45	M2	CCG	GCG	3	15	13	2	0	-	1.0000	provisional_sequence_only	0-based_half-open
seq1_1.0	R2	306	381	75	M1	AGC	CAG	3	25	19	6	0	-	1.0000	provisional_sequence_only	0-based_half-open
seq1_1.0	R3	456	514	58	M2	CCG	GCC	3	18	11	7	4	495:GAAC	0.9310	provisional_sequence_only	0-based_half-open
seq2_1.0	R1	258	306	48	M2	CCG	GCG	3	16	13	3	0	-	1.0000	provisional_sequence_only	0-based_half-open
seq2_1.0	R2	306	378	72	M1	AGC	CAG	3	24	18	6	0	-	1.0000	provisional_sequence_only	0-based_half-open
seq2_1.0	R3	453	511	58	M2	CCG	GCC	3	18	11	7	4	492:GAAC	0.9310	provisional_sequence_only	0-based_half-open
seq1_65.5	R1	261	306	45	M2	CCG	GCG	3	15	13	2	0	-	1.0000	provisional_sequence_only	0-based_half-open
seq1_65.5	R2	306	375	69	M1	AGC	CAG	3	23	17	6	0	-	1.0000	provisional_sequence_only	0-based_half-open
seq1_65.5	R3	450	508	58	M2	CCG	GCC	3	18	12	6	4	489:GAAC	0.9310	provisional_sequence_only	0-based_half-open
seq2_161.5	R1	258	306	48	M2	CCG	GCG	3	16	13	3	0	-	1.0000	provisional_sequence_only	0-based_half-open
seq2_161.5	R2	306	378	72	M1	AGC	CAG	3	24	18	6	0	-	1.0000	provisional_sequence_only	0-based_half-open
seq2_161.5	R3	453	511	58	M2	CCG	GCC	3	18	11	7	4	492:GAAC	0.9310	provisional_sequence_only	0-based_half-open
seq3_107.0	R1	261	306	45	M2	CCG	GCG	3	15	13	2	0	-	1.0000	provisional_sequence_only	0-based_half-open
seq3_107.0	R2	306	375	69	M1	AGC	CAG	3	23	17	6	0	-	1.0000	provisional_sequence_only	0-based_half-open
seq3_107.0	R3	450	508	58	M2	CCG	GCC	3	18	11	7	4	489:GAAC	0.9310	provisional_sequence_only	0-based_half-open
seq4_1.0	R1	261	306	45	M2	CCG	GCG	3	15	13	2	0	-	1.0000	provisional_sequence_only	0-based_half-open
seq4_1.0	R2	306	378	72	M1	AGC	CAG	3	24	19	5	0	-	1.0000	provisional_sequence_only	0-based_half-open
seq4_1.0	R3	453	508	55	M2	CCG	GCC	3	17	10	7	4	489:GAAC	0.9273	provisional_sequence_only	0-based_half-open
seq5_1.0	R1	258	306	48	M2	CCG	GCG	3	16	13	3	0	-	1.0000	provisional_sequence_only	0-based_half-open
seq5_1.0	R2	306	378	72	M1	AGC	CAG	3	24	18	6	0	-	1.0000	provisional_sequence_only	0-based_half-open
seq5_1.0	R3	453	511	58	M2	CCG	GCC	3	18	11	7	4	492:GAAC	0.9310	provisional_sequence_only	0-based_half-open
seq6_32.5	R1	261	306	45	M2	CCG	GCG	3	15	13	2	0	-	1.0000	provisional_sequence_only	0-based_half-open
seq6_32.5	R2	306	381	75	M1	AGC	CAG	3	25	19	6	0	-	1.0000	provisional_sequence_only	0-based_half-open
seq6_32.5	R3	456	514	58	M2	CCG	GCC	3	18	11	7	4	495:GAAC	0.9310	provisional_sequence_only	0-based_half-open
seq7_0.5	R1	258	306	48	M2	CCG	GCG	3	16	13	3	0	-	1.0000	provisional_sequence_only	0-based_half-open
seq7_0.5	R2	306	378	72	M1	AGC	CAG	3	24	18	6	0	-	1.0000	provisional_sequence_only	0-based_half-open
seq7_0.5	R3	453	511	58	M2	CCG	GCC	3	18	11	7	4	492:GAAC	0.9310	provisional_sequence_only	0-based_half-open
seq8_1.0	R1	258	306	48	M2	CCG	GCG	3	16	13	3	0	-	1.0000	provisional_sequence_only	0-based_half-open
seq8_1.0	R2	306	402	96	M1	AGC	CAG	3	32	26	6	0	-	1.0000	provisional_sequence_only	0-based_half-open
seq8_1.0	R3	477	535	58	M2	CCG	GCC	3	18	11	7	4	516:GAAC	0.9310	provisional_sequence_only	0-based_half-open
seq9_1.0	R1	261	306	45	M2	CCG	GCG	3	15	13	2	0	-	1.0000	provisional_sequence_only	0-based_half-open
seq9_1.0	R2	306	372	66	M1	AGC	CAG	3	22	16	6	0	-	1.0000	provisional_sequence_only	0-based_half-open
seq9_1.0	R3	447	505	58	M2	CCG	GCC	3	18	12	6	4	486:GAAC	0.9310	provisional_sequence_only	0-based_half-open
seq10_14.0	R1	261	306	45	M2	CCG	GCG	3	15	13	2	0	-	1.0000	provisional_sequence_only	0-based_half-open
seq10_14.0	R2	306	375	69	M1	AGC	CAG	3	23	18	5	0	-	1.0000	provisional_sequence_only	0-based_half-open
seq10_14.0	R3	450	505	55	M2	CCG	GCC	3	17	10	7	4	486:GAAC	0.9273	provisional_sequence_only	0-based_half-open
seq11_3.0	R1	261	306	45	M2	CCG	GCG	3	15	13	2	0	-	1.0000	provisional_sequence_only	0-based_half-open
seq11_3.0	R2	306	375	69	M1	AGC	CAG	3	23	17	6	0	-	1.0000	provisional_sequence_only	0-based_half-open
seq11_3.0	R3	462	520	58	M2	CCG	GCC	3	18	11	7	4	501:GAAC	0.9310	provisional_sequence_only	0-based_half-open
seq12_1.0	R1	261	306	45	M2	CCG	GCG	3	15	13	2	0	-	1.0000	provisional_sequence_only	0-based_half-open
seq12_1.0	R2	306	375	69	M1	AGC	CAG	3	23	17	6	0	-	1.0000	provisional_sequence_only	0-based_half-open
seq12_1.0	R3	450	508	58	M2	CCG	GCC	3	18	11	7	4	489:GAAC	0.9310	provisional_sequence_only	0-based_half-open
seq13_1.0	R1	261	306	45	M2	CCG	GCG	3	15	13	2	0	-	1.0000	provisional_sequence_only	0-based_half-open
seq13_1.0	R2	306	375	69	M1	AGC	CAG	3	23	17	6	0	-	1.0000	provisional_sequence_only	0-based_half-open
seq13_1.0	R3	450	511	61	M2	CCG	GCC	3	19	13	6	4	492:GAAC	0.9344	provisional_sequence_only	0-based_half-open
seq14_4.0	R1	261	306	45	M2	CCG	GCG	3	15	13	2	0	-	1.0000	provisional_sequence_only	0-based_half-open
seq14_4.0	R2	306	375	69	M1	AGC	CAG	3	23	18	5	0	-	1.0000	provisional_sequence_only	0-based_half-open
seq14_4.0	R3	450	508	58	M2	CCG	GCC	3	18	11	7	4	489:GAAC	0.9310	provisional_sequence_only	0-based_half-open
seq15_1.0	R1	258	306	48	M2	CCG	GCG	3	16	13	3	0	-	1.0000	provisional_sequence_only	0-based_half-open
seq15_1.0	R2	306	378	72	M1	AGC	CAG	3	24	18	6	0	-	1.0000	provisional_sequence_only	0-based_half-open
seq15_1.0	R3	453	511	58	M2	CCG	GCC	3	18	11	7	4	492:GAAC	0.9310	provisional_sequence_only	0-based_half-open
seq16_1.0	R1	258	306	48	M2	CCG	GCG	3	16	13	3	0	-	1.0000	provisional_sequence_only	0-based_half-open
seq16_1.0	R2	306	390	84	M1	AGC	CAG	3	28	22	6	0	-	1.0000	provisional_sequence_only	0-based_half-open
seq16_1.0	R3	465	529	64	M2	CCG	GCC	3	20	13	7	4	510:GAAC	0.9375	provisional_sequence_only	0-based_half-open
seq17_3.0	R1	261	306	45	M2	CCG	GCG	3	15	13	2	0	-	1.0000	provisional_sequence_only	0-based_half-open
seq17_3.0	R2	306	375	69	M1	AGC	CAG	3	23	17	6	0	-	1.0000	provisional_sequence_only	0-based_half-open
seq17_3.0	R3	450	499	49	M2	CCG	GCC	3	15	8	7	4	480:GAAC	0.9184	provisional_sequence_only	0-based_half-open
seq18_3.0	R1	258	306	48	M2	CCG	GCG	3	16	13	3	0	-	1.0000	provisional_sequence_only	0-based_half-open
seq18_3.0	R2	306	378	72	M1	AGC	CAG	3	24	18	6	0	-	1.0000	provisional_sequence_only	0-based_half-open
seq18_3.0	R3	453	511	58	M2	CCG	GCC	3	18	11	7	4	492:GAAC	0.9310	provisional_sequence_only	0-based_half-open
seq19_13.0	R1	261	306	45	M2	CCG	GCG	3	15	13	2	0	-	1.0000	provisional_sequence_only	0-based_half-open
seq19_13.0	R2	306	369	63	M1	AGC	CAG	3	21	15	6	0	-	1.0000	provisional_sequence_only	0-based_half-open
seq19_13.0	R3	444	502	58	M2	CCG	GCC	3	18	11	7	4	483:GAAC	0.9310	provisional_sequence_only	0-based_half-open
seq20_1.0	R1	261	306	45	M2	CCG	GCG	3	15	13	2	0	-	1.0000	provisional_sequence_only	0-based_half-open
seq20_1.0	R2	306	378	72	M1	AGC	CAG	3	24	19	5	0	-	1.0000	provisional_sequence_only	0-based_half-open
seq20_1.0	R3	453	511	58	M2	CCG	GCC	3	18	11	7	4	492:GAAC	0.9310	provisional_sequence_only	0-based_half-open
seq21_1.0	R1	261	306	45	M2	CCG	GCG	3	15	13	2	0	-	1.0000	provisional_sequence_only	0-based_half-open
seq21_1.0	R2	306	372	66	M1	AGC	CAG	3	22	16	6	0	-	1.0000	provisional_sequence_only	0-based_half-open
seq21_1.0	R3	447	505	58	M2	CCG	GCC	3	18	11	7	4	486:GAAC	0.9310	provisional_sequence_only	0-based_half-open
seq22_2.0	R1	261	306	45	M2	CCG	GCG	3	15	13	2	0	-	1.0000	provisional_sequence_only	0-based_half-open
seq22_2.0	R2	306	378	72	M1	AGC	CAG	3	24	17	7	0	-	1.0000	provisional_sequence_only	0-based_half-open
seq22_2.0	R3	453	511	58	M2	CCG	GCC	3	18	11	7	4	492:GAAC	0.9310	provisional_sequence_only	0-based_half-open
seq23_12.0	R1	261	306	45	M2	CCG	GCG	3	15	13	2	0	-	1.0000	provisional_sequence_only	0-based_half-open
seq23_12.0	R2	306	378	72	M1	AGC	CAG	3	24	18	6	0	-	1.0000	provisional_sequence_only	0-based_half-open
seq23_12.0	R3	453	511	58	M2	CCG	GCC	3	18	11	7	4	492:GAAC	0.9310	provisional_sequence_only	0-based_half-open
seq24_1.0	R1	261	306	45	M2	CCG	GCG	3	15	13	2	0	-	1.0000	provisional_sequence_only	0-based_half-open
seq24_1.0	R2	306	375	69	M1	AGC	CAG	3	23	17	6	0	-	1.0000	provisional_sequence_only	0-based_half-open
seq24_1.0	R3	450	508	58	M2	CCG	GCC	3	18	11	7	4	489:GAAC	0.9310	provisional_sequence_only	0-based_half-open
seq25_2.0	R1	258	306	48	M2	CCG	GCG	3	16	13	3	0	-	1.0000	provisional_sequence_only	0-based_half-open
seq25_2.0	R2	306	378	72	M1	AGC	CAG	3	24	18	6	0	-	1.0000	provisional_sequence_only	0-based_half-open
seq25_2.0	R3	453	511	58	M2	CCG	GCC	3	18	11	7	4	492:GAAC	0.9310	provisional_sequence_only	0-based_half-open
seq26_1.0	R1	261	306	45	M2	CCG	GCG	3	15	13	2	0	-	1.0000	provisional_sequence_only	0-based_half-open
seq26_1.0	R2	306	384	78	M1	AGC	CAG	3	26	20	6	0	-	1.0000	provisional_sequence_only	0-based_half-open
seq26_1.0	R3	459	517	58	M2	CCG	GCC	3	18	11	7	4	498:GAAC	0.9310	provisional_sequence_only	0-based_half-open
seq27_3.0	R1	261	306	45	M2	CCG	GCG	3	15	13	2	0	-	1.0000	provisional_sequence_only	0-based_half-open
seq27_3.0	R2	306	375	69	M1	AGC	CAG	3	23	16	7	0	-	1.0000	provisional_sequence_only	0-based_half-open
seq27_3.0	R3	450	508	58	M2	CCG	GCC	3	18	11	7	4	489:GAAC	0.9310	provisional_sequence_only	0-based_half-open
seq28_3.0	R1	261	306	45	M2	CCG	GCG	3	15	13	2	0	-	1.0000	provisional_sequence_only	0-based_half-open
seq28_3.0	R2	306	375	69	M1	AGC	CAG	3	23	17	6	0	-	1.0000	provisional_sequence_only	0-based_half-open
seq28_3.0	R3	450	508	58	M2	CCG	GCC	3	18	12	6	4	489:GAAC	0.9310	provisional_sequence_only	0-based_half-open
seq29_1.0	R1	261	306	45	M2	CCG	GCG	3	15	13	2	0	-	1.0000	provisional_sequence_only	0-based_half-open
seq29_1.0	R2	306	381	75	M1	AGC	CAG	3	25	19	6	0	-	1.0000	provisional_sequence_only	0-based_half-open
seq29_1.0	R3	456	514	58	M2	CCG	GCC	3	18	11	7	4	495:GAAC	0.9310	provisional_sequence_only	0-based_half-open
seq30_1.0	R1	261	306	45	M2	CCG	GCG	3	15	13	2	0	-	1.0000	provisional_sequence_only	0-based_half-open
seq30_1.0	R2	306	381	75	M1	AGC	CAG	3	25	20	5	0	-	1.0000	provisional_sequence_only	0-based_half-open
seq30_1.0	R3	456	511	55	M2	CCG	GCC	3	17	10	7	4	492:GAAC	0.9273	provisional_sequence_only	0-based_half-open
seq31_1.0	R1	258	306	48	M2	CCG	GCG	3	16	13	3	0	-	1.0000	provisional_sequence_only	0-based_half-open
seq31_1.0	R2	306	363	57	M1	AGC	CAG	3	19	14	5	0	-	1.0000	provisional_sequence_only	0-based_half-open
seq31_1.0	R3	438	496	58	M2	CCG	GCC	3	18	11	7	4	477:GAAC	0.9310	provisional_sequence_only	0-based_half-open
seq32_1.0	R1	258	294	36	M2	CCG	GCG	3	12	11	1	0	-	1.0000	provisional_sequence_only	0-based_half-open
seq32_1.0	R2	294	366	72	M1	AGC	CAG	3	24	18	6	0	-	1.0000	provisional_sequence_only	0-based_half-open
seq32_1.0	R3	441	499	58	M2	CCG	GCC	3	18	11	7	4	480:GAAC	0.9310	provisional_sequence_only	0-based_half-open
seq33_2.0	R1	258	306	48	M2	CCG	GCG	3	16	13	3	0	-	1.0000	provisional_sequence_only	0-based_half-open
seq33_2.0	R2	306	387	81	M1	AGC	CAG	3	27	21	6	0	-	1.0000	provisional_sequence_only	0-based_half-open
seq33_2.0	R3	462	520	58	M2	CCG	GCC	3	18	11	7	4	501:GAAC	0.9310	provisional_sequence_only	0-based_half-open
seq34_1.0	R1	261	306	45	M2	CCG	GCG	3	15	13	2	0	-	1.0000	provisional_sequence_only	0-based_half-open
seq34_1.0	R2	306	381	75	M1	AGC	CAG	3	25	19	6	0	-	1.0000	provisional_sequence_only	0-based_half-open
seq34_1.0	R3	456	517	61	M2	CCG	GCC	3	19	12	7	4	498:GAAC	0.9344	provisional_sequence_only	0-based_half-open
seq35_1.0	R1	261	306	45	M2	CCG	GCG	3	15	13	2	0	-	1.0000	provisional_sequence_only	0-based_half-open
seq35_1.0	R2	306	381	75	M1	AGC	CAG	3	25	20	5	0	-	1.0000	provisional_sequence_only	0-based_half-open
seq35_1.0	R3	456	514	58	M2	CCG	GCC	3	18	11	7	4	495:GAAC	0.9310	provisional_sequence_only	0-based_half-open
seq36_1.0	R1	261	306	45	M2	CCG	GCG	3	15	13	2	0	-	1.0000	provisional_sequence_only	0-based_half-open
seq36_1.0	R2	306	375	69	M1	AGC	CAG	3	23	17	6	0	-	1.0000	provisional_sequence_only	0-based_half-open
seq36_1.0	R3	450	508	58	M2	CCG	GCC	3	18	11	7	4	489:GAAC	0.9310	provisional_sequence_only	0-based_half-open
seq37_1.0	R1	258	306	48	M2	CCG	GCG	3	16	13	3	0	-	1.0000	provisional_sequence_only	0-based_half-open
seq37_1.0	R2	306	378	72	M1	AGC	CAG	3	24	18	6	0	-	1.0000	provisional_sequence_only	0-based_half-open
seq37_1.0	R3	453	514	61	M2	CCG	GCC	3	19	12	7	4	495:GAAC	0.9344	provisional_sequence_only	0-based_half-open
seq38_1.0	R1	258	306	48	M2	CCG	GCG	3	16	13	3	0	-	1.0000	provisional_sequence_only	0-based_half-open
seq38_1.0	R2	306	390	84	M1	AGC	CAG	3	28	22	6	0	-	1.0000	provisional_sequence_only	0-based_half-open
seq38_1.0	R3	465	523	58	M2	CCG	GCC	3	18	11	7	4	504:GAAC	0.9310	provisional_sequence_only	0-based_half-open
seq39_1.0	R1	261	306	45	M2	CCG	GCG	3	15	13	2	0	-	1.0000	provisional_sequence_only	0-based_half-open
seq39_1.0	R2	306	369	63	M1	AGC	CAG	3	21	15	6	0	-	1.0000	provisional_sequence_only	0-based_half-open
seq39_1.0	R3	444	502	58	M2	CCG	GCC	3	18	11	7	4	483:GAAC	0.9310	provisional_sequence_only	0-based_half-open
seq40_1.0	R1	261	306	45	M2	CCG	GCG	3	15	13	2	0	-	1.0000	provisional_sequence_only	0-based_half-open
seq40_1.0	R2	306	381	75	M1	AGC	CAG	3	25	19	6	0	-	1.0000	provisional_sequence_only	0-based_half-open
seq40_1.0	R3	456	514	58	M2	CCG	GCC	3	18	11	7	4	495:GAAC	0.9310	provisional_sequence_only	0-based_half-open
seq41_1.0	R1	258	306	48	M2	CCG	GCG	3	16	13	3	0	-	1.0000	provisional_sequence_only	0-based_half-open
seq41_1.0	R2	306	372	66	M1	AGC	CAG	3	22	17	5	0	-	1.0000	provisional_sequence_only	0-based_half-open
seq41_1.0	R3	447	505	58	M2	CCG	GCC	3	18	11	7	4	486:GAAC	0.9310	provisional_sequence_only	0-based_half-open
seq42_1.0	R1	261	306	45	M2	CCG	GCG	3	15	13	2	0	-	1.0000	provisional_sequence_only	0-based_half-open
seq42_1.0	R2	306	375	69	M1	AGC	CAG	3	23	17	6	0	-	1.0000	provisional_sequence_only	0-based_half-open
seq42_1.0	R3	450	508	58	M2	CCG	GCC	3	18	11	7	4	489:GAAC	0.9310	provisional_sequence_only	0-based_half-open
seq43_1.0	R1	258	306	48	M2	CCG	GCG	3	16	13	3	0	-	1.0000	provisional_sequence_only	0-based_half-open
seq43_1.0	R2	306	378	72	M1	AGC	CAG	3	24	18	6	0	-	1.0000	provisional_sequence_only	0-based_half-open
seq43_1.0	R3	453	511	58	M2	CCG	GCC	3	18	11	7	4	492:GAAC	0.9310	provisional_sequence_only	0-based_half-open
seq44_1.0	R1	258	306	48	M2	CCG	GCG	3	16	13	3	0	-	1.0000	provisional_sequence_only	0-based_half-open
seq44_1.0	R2	306	372	66	M1	AGC	CAG	3	22	16	6	0	-	1.0000	provisional_sequence_only	0-based_half-open
seq44_1.0	R3	447	505	58	M2	CCG	GCC	3	18	11	7	4	486:GAAC	0.9310	provisional_sequence_only	0-based_half-open
seq45_1.0	R1	261	300	39	M2	CCG	GCC	3	13	11	2	0	-	1.0000	provisional_sequence_only	0-based_half-open
seq45_1.0	R2	300	369	69	M1	AGC	CAG	3	23	17	6	0	-	1.0000	provisional_sequence_only	0-based_half-open
seq45_1.0	R3	444	502	58	M2	CCG	GCC	3	18	11	7	4	483:GAAC	0.9310	provisional_sequence_only	0-based_half-open
