metric	value
path_count	47
homology_window_paths	47
de_novo_candidate_family_count	23
selected_primitive_family_count	2
selected_primitive_families	AGC,CCG
selected_periods_bp	3,3
selected_composite_family_count	0
MDL_background_bits	23554.0000
MDL_selected_bits	15050.5000
MDL_gain_bits	8503.5000
path_order_stable_dictionary	1
repeat_block_count	141
modal_repeat_block_count_per_path	3
paths_with_modal_repeat_block_count	47
higher_order_candidate_count	0
sequence_only_provisional_paths	47
gfa_node_count	33
gfa_edge_count	45
explicit_loop_positions	R1,R2,R3
exact_gfa_reconstruction_paths	47
