path	loop_id	block_index	group	start_bp	end_bp	period	copies	consensus	identity	indel_rate	tuple_support	alignment_score	selected
seq1_1.0	L1	2	GCC_like	261	306	3	15.000	GCG	0.8444	0.0000	0.8293	27	1
seq1_1.0	L1	2	GCC_like	261	306	6	7.500	GCGGCG	0.8444	0.0000	0.6579	27	0
seq1_1.0	L1	2	GCC_like	261	306	9	5.000	GCGGCGGCG	0.8444	0.0000	0.6286	27	0
seq1_1.0	L2	3	CAG_like	306	381	3	25.000	CAG	0.9200	0.0000	0.7606	96	1
seq1_1.0	L2	3	CAG_like	306	381	6	12.500	CAGCAG	0.9200	0.0000	0.8382	96	0
seq1_1.0	L2	3	CAG_like	306	381	9	8.333	CAGCAGCAG	0.9200	0.0000	0.7538	96	0
seq1_1.0	L2	3	CAG_like	306	381	12	6.250	CAGCAGCAGCAG	0.9200	0.0000	0.8065	96	0
seq1_1.0	L2	3	CAG_like	306	381	15	5.000	CAGCAGCAGCAGCAG	0.9200	0.0000	0.7627	96	0
seq1_1.0	L2	3	CAG_like	306	381	18	4.167	CAGCAGCAGCAGCAACAG	0.9200	0.0000	0.7500	96	0
seq1_1.0	L3	5	GCC_like	456	514	3	17.000	GCC	0.8235	0.1207	0.6383	-28	1
seq1_1.0	L3	5	GCC_like	456	514	6	8.500	GCCGCC	0.8235	0.1207	0.5909	-28	0
seq1_1.0	L3	5	GCC_like	456	514	9	5.667	GCCGCCGCC	0.8235	0.1207	0.5610	-28	0
seq1_1.0	L3	5	GCC_like	456	514	12	4.250	GCCGCCGCCGCC	0.8235	0.1207	0.5526	-28	0
seq2_1.0	L1	2	GCC_like	261	306	3	15.000	GCG	0.8444	0.0000	0.8293	27	1
seq2_1.0	L1	2	GCC_like	261	306	6	7.500	GCGGCG	0.8444	0.0000	0.6579	27	0
seq2_1.0	L1	2	GCC_like	261	306	9	5.000	GCGGCGGCG	0.8444	0.0000	0.6286	27	0
seq2_1.0	L2	3	CAG_like	306	378	3	24.000	CAG	0.9167	0.0000	0.7500	90	1
seq2_1.0	L2	3	CAG_like	306	378	6	12.000	CAGCAG	0.9167	0.0000	0.8308	90	0
seq2_1.0	L2	3	CAG_like	306	378	9	8.000	CAGCAGCAG	0.9167	0.0000	0.7419	90	0
seq2_1.0	L2	3	CAG_like	306	378	12	6.000	CAACAGCAGCAG	0.9167	0.0000	0.7966	90	0
seq2_1.0	L2	3	CAG_like	306	378	15	4.800	CAGCAGCAACAGCAG	0.9306	0.0000	0.7500	99	0
seq2_1.0	L2	3	CAG_like	306	378	18	4.000	CAACAGCAGCAGCAACAG	0.9167	0.0000	0.7358	90	0
seq2_1.0	L3	5	GCC_like	453	511	3	17.000	GCC	0.8235	0.1207	0.6383	-28	1
seq2_1.0	L3	5	GCC_like	453	511	6	8.500	GCCGCC	0.8235	0.1207	0.5909	-28	0
seq2_1.0	L3	5	GCC_like	453	511	9	5.667	GCCGCCGCC	0.8235	0.1207	0.5610	-28	0
seq2_1.0	L3	5	GCC_like	453	511	12	4.250	GCCGCCGCCGCC	0.8235	0.1207	0.5526	-28	0
seq1_65.5	L1	2	GCC_like	261	306	3	15.000	GCG	0.8444	0.0000	0.8293	27	1
seq1_65.5	L1	2	GCC_like	261	306	6	7.500	GCGGCG	0.8444	0.0000	0.6579	27	0
seq1_65.5	L1	2	GCC_like	261	306	9	5.000	GCGGCGGCG	0.8444	0.0000	0.6286	27	0
seq1_65.5	L2	3	CAG_like	306	375	3	23.000	CAG	0.9130	0.0000	0.7385	84	1
seq1_65.5	L2	3	CAG_like	306	375	6	11.500	CAGCAG	0.9130	0.0000	0.8226	84	0
seq1_65.5	L2	3	CAG_like	306	375	9	7.667	CAGCAGCAG	0.9130	0.0000	0.7288	84	0
seq1_65.5	L2	3	CAG_like	306	375	12	5.750	CAACAGCAGCAG	0.9130	0.0000	0.7857	84	0
seq1_65.5	L2	3	CAG_like	306	375	15	4.600	CAGCAGCAGCAGCAG	0.9130	0.0000	0.7358	84	0
seq1_65.5	L3	5	GCC_like	450	508	3	17.000	GCC	0.8431	0.1207	0.6809	-19	1
seq1_65.5	L3	5	GCC_like	450	508	6	8.500	GCCGCC	0.8431	0.1207	0.6364	-19	0
seq1_65.5	L3	5	GCC_like	450	508	9	5.667	GCCGCCGCC	0.8431	0.1207	0.6098	-19	0
seq1_65.5	L3	5	GCC_like	450	508	12	4.250	GCCGCCGCCGCC	0.8431	0.1207	0.6579	-19	0
seq2_161.5	L1	2	GCC_like	261	306	3	15.000	GCG	0.8444	0.0000	0.8293	27	1
seq2_161.5	L1	2	GCC_like	261	306	6	7.500	GCGGCG	0.8444	0.0000	0.6579	27	0
seq2_161.5	L1	2	GCC_like	261	306	9	5.000	GCGGCGGCG	0.8444	0.0000	0.6286	27	0
seq2_161.5	L2	3	CAG_like	306	378	3	24.000	CAG	0.9167	0.0000	0.7500	90	1
seq2_161.5	L2	3	CAG_like	306	378	6	12.000	CAGCAG	0.9167	0.0000	0.8308	90	0
seq2_161.5	L2	3	CAG_like	306	378	9	8.000	CAGCAGCAG	0.9167	0.0000	0.7419	90	0
seq2_161.5	L2	3	CAG_like	306	378	12	6.000	CAACAGCAGCAG	0.9167	0.0000	0.7966	90	0
seq2_161.5	L2	3	CAG_like	306	378	15	4.800	CAGCAGCAACAGCAG	0.9306	0.0000	0.7500	99	0
seq2_161.5	L2	3	CAG_like	306	378	18	4.000	CAACAGCAGCAGCAACAG	0.9167	0.0000	0.7358	90	0
seq2_161.5	L3	5	GCC_like	453	511	3	17.000	GCC	0.8235	0.1207	0.6383	-28	1
seq2_161.5	L3	5	GCC_like	453	511	6	8.500	GCCGCC	0.8235	0.1207	0.5909	-28	0
seq2_161.5	L3	5	GCC_like	453	511	9	5.667	GCCGCCGCC	0.8235	0.1207	0.5610	-28	0
seq2_161.5	L3	5	GCC_like	453	511	12	4.250	GCCGCCGCCGCC	0.8235	0.1207	0.5526	-28	0
seq3_107.0	L1	2	GCC_like	261	306	3	15.000	GCG	0.8444	0.0000	0.8293	27	1
seq3_107.0	L1	2	GCC_like	261	306	6	7.500	GCGGCG	0.8444	0.0000	0.6579	27	0
seq3_107.0	L1	2	GCC_like	261	306	9	5.000	GCGGCGGCG	0.8444	0.0000	0.6286	27	0
seq3_107.0	L2	3	CAG_like	306	375	3	23.000	CAG	0.9130	0.0000	0.7385	84	1
seq3_107.0	L2	3	CAG_like	306	375	6	11.500	CAGCAG	0.9130	0.0000	0.8226	84	0
seq3_107.0	L2	3	CAG_like	306	375	9	7.667	CAGCAGCAG	0.9130	0.0000	0.7288	84	0
seq3_107.0	L2	3	CAG_like	306	375	12	5.750	CAACAGCAGCAG	0.9130	0.0000	0.7857	84	0
seq3_107.0	L2	3	CAG_like	306	375	15	4.600	CAGCAGCAGCAGCAG	0.9130	0.0000	0.7358	84	0
seq3_107.0	L3	5	GCC_like	450	508	3	17.000	GCC	0.8235	0.1207	0.6383	-28	1
seq3_107.0	L3	5	GCC_like	450	508	6	8.500	GCCGCC	0.8235	0.1207	0.5909	-28	0
seq3_107.0	L3	5	GCC_like	450	508	9	5.667	GCCGCCGCC	0.8235	0.1207	0.5610	-28	0
seq3_107.0	L3	5	GCC_like	450	508	12	4.250	GCCGCCGCCGCC	0.8235	0.1207	0.5526	-28	0
seq4_1.0	L1	2	GCC_like	261	306	3	15.000	GCG	0.8444	0.0000	0.8293	27	1
seq4_1.0	L1	2	GCC_like	261	306	6	7.500	GCGGCG	0.8444	0.0000	0.6579	27	0
seq4_1.0	L1	2	GCC_like	261	306	9	5.000	GCGGCGGCG	0.8444	0.0000	0.6286	27	0
seq4_1.0	L2	3	CAG_like	306	378	3	24.000	CAG	0.9306	0.0000	0.8088	99	1
seq4_1.0	L2	3	CAG_like	306	378	6	12.000	CAGCAG	0.9306	0.0000	0.8308	99	0
seq4_1.0	L2	3	CAG_like	306	378	9	8.000	CAGCAGCAG	0.9306	0.0000	0.8065	99	0
seq4_1.0	L2	3	CAG_like	306	378	12	6.000	CAGCAGCAGCAG	0.9306	0.0000	0.7966	99	0
seq4_1.0	L2	3	CAG_like	306	378	15	4.800	CAGCAGCAACAGCAG	0.9444	0.0000	0.7857	108	0
seq4_1.0	L2	3	CAG_like	306	378	18	4.000	CAACAGCAGCAGCAGCAG	0.9306	0.0000	0.7736	99	0
seq4_1.0	L3	5	GCC_like	453	508	3	16.000	GCC	0.8125	0.1273	0.6136	-34	1
seq4_1.0	L3	5	GCC_like	453	508	6	8.000	GCCGCC	0.8125	0.1273	0.5610	-34	0
seq4_1.0	L3	5	GCC_like	453	508	9	5.333	GCTGCCGCC	0.8125	0.1273	0.5263	-34	0
seq4_1.0	L3	5	GCC_like	453	508	12	4.000	GCCGCCGCCGCC	0.8125	0.1273	0.5143	-34	0
seq5_1.0	L1	2	GCC_like	261	306	3	15.000	GCG	0.8444	0.0000	0.8293	27	1
seq5_1.0	L1	2	GCC_like	261	306	6	7.500	GCGGCG	0.8444	0.0000	0.6579	27	0
seq5_1.0	L1	2	GCC_like	261	306	9	5.000	GCGGCGGCG	0.8444	0.0000	0.6286	27	0
seq5_1.0	L2	3	CAG_like	306	378	3	24.000	CAG	0.9167	0.0000	0.7500	90	1
seq5_1.0	L2	3	CAG_like	306	378	6	12.000	CAGCAG	0.9167	0.0000	0.8308	90	0
seq5_1.0	L2	3	CAG_like	306	378	9	8.000	CAGCAGCAG	0.9167	0.0000	0.7419	90	0
seq5_1.0	L2	3	CAG_like	306	378	12	6.000	CAACAGCAGCAG	0.9167	0.0000	0.7966	90	0
seq5_1.0	L2	3	CAG_like	306	378	15	4.800	CAGCAGCAACAGCAG	0.9306	0.0000	0.7500	99	0
seq5_1.0	L2	3	CAG_like	306	378	18	4.000	CAACAGCAGCAGCAACAG	0.9167	0.0000	0.7358	90	0
seq5_1.0	L3	5	GCC_like	453	511	3	17.000	GCC	0.8235	0.1207	0.6383	-28	1
seq5_1.0	L3	5	GCC_like	453	511	6	8.500	GCCGCC	0.8235	0.1207	0.5909	-28	0
seq5_1.0	L3	5	GCC_like	453	511	9	5.667	GCCGCCGCC	0.8235	0.1207	0.5610	-28	0
seq5_1.0	L3	5	GCC_like	453	511	12	4.250	GCCGCCGCCGCC	0.8235	0.1207	0.5526	-28	0
seq6_32.5	L1	2	GCC_like	261	306	3	15.000	GCG	0.8444	0.0000	0.8293	27	1
seq6_32.5	L1	2	GCC_like	261	306	6	7.500	GCGGCG	0.8444	0.0000	0.6579	27	0
seq6_32.5	L1	2	GCC_like	261	306	9	5.000	GCGGCGGCG	0.8444	0.0000	0.6286	27	0
seq6_32.5	L2	3	CAG_like	306	381	3	25.000	CAG	0.9200	0.0000	0.7606	96	1
seq6_32.5	L2	3	CAG_like	306	381	6	12.500	CAGCAG	0.9200	0.0000	0.8382	96	0
seq6_32.5	L2	3	CAG_like	306	381	9	8.333	CAGCAGCAG	0.9200	0.0000	0.7538	96	0
seq6_32.5	L2	3	CAG_like	306	381	12	6.250	CAGCAGCAGCAG	0.9200	0.0000	0.8065	96	0
seq6_32.5	L2	3	CAG_like	306	381	15	5.000	CAGCAGCAGCAGCAG	0.9200	0.0000	0.7627	96	0
seq6_32.5	L2	3	CAG_like	306	381	18	4.167	CAGCAGCAGCAGCAACAG	0.9200	0.0000	0.7500	96	0
seq6_32.5	L3	5	GCC_like	456	514	3	17.000	GCC	0.8235	0.1207	0.6383	-28	1
seq6_32.5	L3	5	GCC_like	456	514	6	8.500	GCCGCC	0.8235	0.1207	0.5909	-28	0
seq6_32.5	L3	5	GCC_like	456	514	9	5.667	GCCGCCGCC	0.8235	0.1207	0.5610	-28	0
seq6_32.5	L3	5	GCC_like	456	514	12	4.250	GCCGCCGCCGCC	0.8235	0.1207	0.5526	-28	0
seq7_0.5	L1	2	GCC_like	261	306	3	15.000	GCG	0.8444	0.0000	0.8293	27	1
seq7_0.5	L1	2	GCC_like	261	306	6	7.500	GCGGCG	0.8444	0.0000	0.6579	27	0
seq7_0.5	L1	2	GCC_like	261	306	9	5.000	GCGGCGGCG	0.8444	0.0000	0.6286	27	0
seq7_0.5	L2	3	CAG_like	306	378	3	24.000	CAG	0.9167	0.0000	0.7500	90	1
seq7_0.5	L2	3	CAG_like	306	378	6	12.000	CAGCAG	0.9167	0.0000	0.8308	90	0
seq7_0.5	L2	3	CAG_like	306	378	9	8.000	CAGCAGCAG	0.9167	0.0000	0.7419	90	0
seq7_0.5	L2	3	CAG_like	306	378	12	6.000	CAACAGCAGCAG	0.9167	0.0000	0.7966	90	0
seq7_0.5	L2	3	CAG_like	306	378	15	4.800	CAGCAGCAACAGCAG	0.9306	0.0000	0.7500	99	0
seq7_0.5	L2	3	CAG_like	306	378	18	4.000	CAACAGCAGCAGCAACAG	0.9167	0.0000	0.7358	90	0
seq7_0.5	L3	5	GCC_like	453	511	3	17.000	GCC	0.8235	0.1207	0.6383	-28	1
seq7_0.5	L3	5	GCC_like	453	511	6	8.500	GCCGCC	0.8235	0.1207	0.5909	-28	0
seq7_0.5	L3	5	GCC_like	453	511	9	5.667	GCCGCCGCC	0.8235	0.1207	0.5610	-28	0
seq7_0.5	L3	5	GCC_like	453	511	12	4.250	GCCGCCGCCGCC	0.8235	0.1207	0.5526	-28	0
seq8_1.0	L1	2	GCC_like	261	306	3	15.000	GCG	0.8444	0.0000	0.8293	27	1
seq8_1.0	L1	2	GCC_like	261	306	6	7.500	GCGGCG	0.8444	0.0000	0.6579	27	0
seq8_1.0	L1	2	GCC_like	261	306	9	5.000	GCGGCGGCG	0.8444	0.0000	0.6286	27	0
seq8_1.0	L2	3	CAG_like	306	402	3	32.000	CAG	0.9375	0.0000	0.8152	138	1
seq8_1.0	L2	3	CAG_like	306	402	6	16.000	CAGCAG	0.9375	0.0000	0.8764	138	0
seq8_1.0	L2	3	CAG_like	306	402	9	10.667	CAGCAGCAG	0.9375	0.0000	0.8140	138	0
seq8_1.0	L2	3	CAG_like	306	402	12	8.000	CAGCAGCAGCAG	0.9375	0.0000	0.8554	138	0
seq8_1.0	L2	3	CAG_like	306	402	15	6.400	CAGCAGCAGCAGCAG	0.9375	0.0000	0.8250	138	0
seq8_1.0	L2	3	CAG_like	306	402	18	5.333	CAGCAGCAGCAGCAGCAG	0.9375	0.0000	0.8182	138	0
seq8_1.0	L3	5	GCC_like	477	535	3	17.000	GCC	0.8235	0.1207	0.6383	-28	1
seq8_1.0	L3	5	GCC_like	477	535	6	8.500	GCCGCC	0.8235	0.1207	0.5909	-28	0
seq8_1.0	L3	5	GCC_like	477	535	9	5.667	GCCGCCGCC	0.8235	0.1207	0.5610	-28	0
seq8_1.0	L3	5	GCC_like	477	535	12	4.250	GCCGCCGCCGCC	0.8235	0.1207	0.5526	-28	0
seq9_1.0	L1	2	GCC_like	261	306	3	15.000	GCG	0.8444	0.0000	0.8293	27	1
seq9_1.0	L1	2	GCC_like	261	306	6	7.500	GCGGCG	0.8444	0.0000	0.6579	27	0
seq9_1.0	L1	2	GCC_like	261	306	9	5.000	GCGGCGGCG	0.8444	0.0000	0.6286	27	0
seq9_1.0	L2	3	CAG_like	306	372	3	22.000	CAG	0.9091	0.0000	0.7258	78	1
seq9_1.0	L2	3	CAG_like	306	372	6	11.000	CAGCAG	0.9091	0.0000	0.8136	78	0
seq9_1.0	L2	3	CAG_like	306	372	9	7.333	CAGCAGCAG	0.9091	0.0000	0.7143	78	0
seq9_1.0	L2	3	CAG_like	306	372	12	5.500	CAACAGCAGCAG	0.9091	0.0000	0.7736	78	0
seq9_1.0	L2	3	CAG_like	306	372	15	4.400	CAGCAGCAGCAGCAA	0.9091	0.0000	0.7200	78	0
seq9_1.0	L3	5	GCC_like	447	505	3	17.000	GCC	0.8431	0.1207	0.6809	-19	1
seq9_1.0	L3	5	GCC_like	447	505	6	8.500	GCCGCC	0.8431	0.1207	0.6364	-19	0
seq9_1.0	L3	5	GCC_like	447	505	9	5.667	GCCGCCGCC	0.8431	0.1207	0.6098	-19	0
seq9_1.0	L3	5	GCC_like	447	505	12	4.250	GCCGCCGCCGCC	0.8431	0.1207	0.6579	-19	0
seq10_14.0	L1	2	GCC_like	261	306	3	15.000	GCG	0.8444	0.0000	0.8293	27	1
seq10_14.0	L1	2	GCC_like	261	306	6	7.500	GCGGCG	0.8444	0.0000	0.6579	27	0
seq10_14.0	L1	2	GCC_like	261	306	9	5.000	GCGGCGGCG	0.8444	0.0000	0.6286	27	0
seq10_14.0	L2	3	CAG_like	306	375	3	23.000	CAG	0.9275	0.0000	0.8000	93	1
seq10_14.0	L2	3	CAG_like	306	375	6	11.500	CAGCAG	0.9275	0.0000	0.8226	93	0
seq10_14.0	L2	3	CAG_like	306	375	9	7.667	CAGCAGCAG	0.9275	0.0000	0.7966	93	0
seq10_14.0	L2	3	CAG_like	306	375	12	5.750	CAGCAGCAGCAG	0.9275	0.0000	0.7857	93	0
seq10_14.0	L2	3	CAG_like	306	375	15	4.600	CAGCAGCAGCAGCAG	0.9275	0.0000	0.7736	93	0
seq10_14.0	L3	5	GCC_like	450	505	3	16.000	GCC	0.8125	0.1273	0.6136	-34	1
seq10_14.0	L3	5	GCC_like	450	505	6	8.000	GCCGCC	0.8125	0.1273	0.5610	-34	0
seq10_14.0	L3	5	GCC_like	450	505	9	5.333	GCTGCCGCC	0.8125	0.1273	0.5263	-34	0
seq10_14.0	L3	5	GCC_like	450	505	12	4.000	GCCGCCGCCGCC	0.8125	0.1273	0.5143	-34	0
seq11_3.0	L1	2	GCC_like	261	306	3	15.000	GCG	0.8444	0.0000	0.8293	27	1
seq11_3.0	L1	2	GCC_like	261	306	6	7.500	GCGGCG	0.8444	0.0000	0.6579	27	0
seq11_3.0	L1	2	GCC_like	261	306	9	5.000	GCGGCGGCG	0.8444	0.0000	0.6286	27	0
seq11_3.0	L2	3	CAG_like	306	375	3	23.000	CAG	0.9130	0.0000	0.7385	84	1
seq11_3.0	L2	3	CAG_like	306	375	6	11.500	CAGCAG	0.9130	0.0000	0.8226	84	0
seq11_3.0	L2	3	CAG_like	306	375	9	7.667	CAGCAGCAG	0.9130	0.0000	0.7288	84	0
seq11_3.0	L2	3	CAG_like	306	375	12	5.750	CAACAGCAGCAG	0.9130	0.0000	0.7857	84	0
seq11_3.0	L2	3	CAG_like	306	375	15	4.600	CAGCAGCAGCAGCAG	0.9130	0.0000	0.7358	84	0
seq11_3.0	L3	5	GCC_like	450	520	3	21.000	GCC	0.8413	0.1000	0.6441	-13	0
seq11_3.0	L3	5	GCC_like	450	520	6	10.500	GCCGCC	0.8413	0.1000	0.6071	-13	0
seq11_3.0	L3	5	GCC_like	450	520	9	7.000	GCCGCCGCC	0.8413	0.1000	0.5849	-13	0
seq11_3.0	L3	5	GCC_like	450	520	12	5.250	GCTGCCGCCGCC	0.8413	0.1000	0.6600	-13	0
seq11_3.0	L3	5	GCC_like	450	520	15	4.200	GCCGCCGCCGCCGCT	0.8730	0.1000	0.6809	5	1
seq12_1.0	L1	2	GCC_like	261	306	3	15.000	GCG	0.8444	0.0000	0.8293	27	1
seq12_1.0	L1	2	GCC_like	261	306	6	7.500	GCGGCG	0.8444	0.0000	0.6579	27	0
seq12_1.0	L1	2	GCC_like	261	306	9	5.000	GCGGCGGCG	0.8444	0.0000	0.6286	27	0
seq12_1.0	L2	3	CAG_like	306	375	3	23.000	CAG	0.9130	0.0000	0.7385	84	1
seq12_1.0	L2	3	CAG_like	306	375	6	11.500	CAGCAG	0.9130	0.0000	0.8226	84	0
seq12_1.0	L2	3	CAG_like	306	375	9	7.667	CAGCAGCAG	0.9130	0.0000	0.7288	84	0
seq12_1.0	L2	3	CAG_like	306	375	12	5.750	CAACAGCAGCAG	0.9130	0.0000	0.7857	84	0
seq12_1.0	L2	3	CAG_like	306	375	15	4.600	CAGCAGCAGCAGCAG	0.9130	0.0000	0.7358	84	0
seq12_1.0	L3	5	GCC_like	450	508	3	17.000	GCC	0.8235	0.1207	0.6383	-28	1
seq12_1.0	L3	5	GCC_like	450	508	6	8.500	GCCGCC	0.8235	0.1207	0.5909	-28	0
seq12_1.0	L3	5	GCC_like	450	508	9	5.667	GCCGCCGCC	0.8235	0.1207	0.5610	-28	0
seq12_1.0	L3	5	GCC_like	450	508	12	4.250	GCCGCCGCCGCC	0.8235	0.1207	0.5526	-28	0
seq13_1.0	L1	2	GCC_like	261	306	3	15.000	GCG	0.8444	0.0000	0.8293	27	1
seq13_1.0	L1	2	GCC_like	261	306	6	7.500	GCGGCG	0.8444	0.0000	0.6579	27	0
seq13_1.0	L1	2	GCC_like	261	306	9	5.000	GCGGCGGCG	0.8444	0.0000	0.6286	27	0
seq13_1.0	L2	3	CAG_like	306	375	3	23.000	CAG	0.9130	0.0000	0.7385	84	1
seq13_1.0	L2	3	CAG_like	306	375	6	11.500	CAGCAG	0.9130	0.0000	0.8226	84	0
seq13_1.0	L2	3	CAG_like	306	375	9	7.667	CAGCAGCAG	0.9130	0.0000	0.7288	84	0
seq13_1.0	L2	3	CAG_like	306	375	12	5.750	CAACAGCAGCAG	0.9130	0.0000	0.7857	84	0
seq13_1.0	L2	3	CAG_like	306	375	15	4.600	CAGCAGCAGCAGCAG	0.9130	0.0000	0.7358	84	0
seq13_1.0	L3	5	GCC_like	450	511	3	18.000	GCC	0.8519	0.1148	0.7000	-13	1
seq13_1.0	L3	5	GCC_like	450	511	6	9.000	GCCGCC	0.8519	0.1148	0.6596	-13	0
seq13_1.0	L3	5	GCC_like	450	511	9	6.000	GCCGCCGCC	0.8519	0.1148	0.6364	-13	0
seq13_1.0	L3	5	GCC_like	450	511	12	4.500	GCTGCCGCCGCC	0.8519	0.1148	0.6829	-13	0
seq14_4.0	L1	2	GCC_like	261	306	3	15.000	GCG	0.8444	0.0000	0.8293	27	1
seq14_4.0	L1	2	GCC_like	261	306	6	7.500	GCGGCG	0.8444	0.0000	0.6579	27	0
seq14_4.0	L1	2	GCC_like	261	306	9	5.000	GCGGCGGCG	0.8444	0.0000	0.6286	27	0
seq14_4.0	L2	3	CAG_like	306	375	3	23.000	CAG	0.9275	0.0000	0.8000	93	1
seq14_4.0	L2	3	CAG_like	306	375	6	11.500	CAGCAG	0.9275	0.0000	0.8871	93	0
seq14_4.0	L2	3	CAG_like	306	375	9	7.667	CAGCAGCAG	0.9275	0.0000	0.7966	93	0
seq14_4.0	L2	3	CAG_like	306	375	12	5.750	CAACAGCAGCAG	0.9275	0.0000	0.8571	93	0
seq14_4.0	L2	3	CAG_like	306	375	15	4.600	CAGCAGCAGCAGCAG	0.9275	0.0000	0.8113	93	0
seq14_4.0	L3	5	GCC_like	450	508	3	17.000	GCC	0.8235	0.1207	0.6383	-28	1
seq14_4.0	L3	5	GCC_like	450	508	6	8.500	GCCGCC	0.8235	0.1207	0.5909	-28	0
seq14_4.0	L3	5	GCC_like	450	508	9	5.667	GCCGCCGCC	0.8235	0.1207	0.5610	-28	0
seq14_4.0	L3	5	GCC_like	450	508	12	4.250	GCCGCCGCCGCC	0.8235	0.1207	0.5526	-28	0
seq15_1.0	L1	2	GCC_like	261	306	3	15.000	GCG	0.8444	0.0000	0.8293	27	1
seq15_1.0	L1	2	GCC_like	261	306	6	7.500	GCGGCG	0.8444	0.0000	0.6579	27	0
seq15_1.0	L1	2	GCC_like	261	306	9	5.000	GCGGCGGCG	0.8444	0.0000	0.6286	27	0
seq15_1.0	L2	3	CAG_like	306	378	3	24.000	CAG	0.9167	0.0000	0.7500	90	1
seq15_1.0	L2	3	CAG_like	306	378	6	12.000	CAGCAG	0.9167	0.0000	0.8308	90	0
seq15_1.0	L2	3	CAG_like	306	378	9	8.000	CAGCAGCAG	0.9167	0.0000	0.7419	90	0
seq15_1.0	L2	3	CAG_like	306	378	12	6.000	CAACAGCAGCAG	0.9167	0.0000	0.7966	90	0
seq15_1.0	L2	3	CAG_like	306	378	15	4.800	CAGCAGCAACAGCAG	0.9306	0.0000	0.7500	99	0
seq15_1.0	L2	3	CAG_like	306	378	18	4.000	CAACAGCAGCAGCAACAG	0.9167	0.0000	0.7358	90	0
seq15_1.0	L3	5	GCC_like	453	511	3	17.000	GCC	0.8235	0.1207	0.6383	-28	1
seq15_1.0	L3	5	GCC_like	453	511	6	8.500	GCCGCC	0.8235	0.1207	0.5909	-28	0
seq15_1.0	L3	5	GCC_like	453	511	9	5.667	GCCGCCGCC	0.8235	0.1207	0.5610	-28	0
seq15_1.0	L3	5	GCC_like	453	511	12	4.250	GCCGCCGCCGCC	0.8235	0.1207	0.5526	-28	0
seq16_1.0	L1	2	GCC_like	261	306	3	15.000	GCG	0.8444	0.0000	0.8293	27	1
seq16_1.0	L1	2	GCC_like	261	306	6	7.500	GCGGCG	0.8444	0.0000	0.6579	27	0
seq16_1.0	L1	2	GCC_like	261	306	9	5.000	GCGGCGGCG	0.8444	0.0000	0.6286	27	0
seq16_1.0	L2	3	CAG_like	306	390	3	28.000	CAG	0.9286	0.0000	0.7875	114	1
seq16_1.0	L2	3	CAG_like	306	390	6	14.000	CAGCAG	0.9286	0.0000	0.8571	114	0
seq16_1.0	L2	3	CAG_like	306	390	9	9.333	CAGCAGCAG	0.9286	0.0000	0.7838	114	0
seq16_1.0	L2	3	CAG_like	306	390	12	7.000	CAGCAGCAGCAG	0.9286	0.0000	0.8310	114	0
seq16_1.0	L2	3	CAG_like	306	390	15	5.600	CAGCAGCAGCAGCAG	0.9286	0.0000	0.7941	114	0
seq16_1.0	L2	3	CAG_like	306	390	18	4.667	CAGCAGCAGCAGCAACAG	0.9286	0.0000	0.7846	114	0
seq16_1.0	L3	5	GCC_like	465	529	3	19.000	GCC	0.8421	0.1094	0.6792	-16	1
seq16_1.0	L3	5	GCC_like	465	529	6	9.500	GCCGCC	0.8421	0.1094	0.6400	-16	0
seq16_1.0	L3	5	GCC_like	465	529	9	6.333	GCCGCCGCC	0.8421	0.1094	0.6170	-16	0
seq16_1.0	L3	5	GCC_like	465	529	12	4.750	GCCGCCGCCGCC	0.8421	0.1094	0.6136	-16	0
seq17_3.0	L1	2	GCC_like	261	306	3	15.000	GCG	0.8444	0.0000	0.8293	27	1
seq17_3.0	L1	2	GCC_like	261	306	6	7.500	GCGGCG	0.8444	0.0000	0.6579	27	0
seq17_3.0	L1	2	GCC_like	261	306	9	5.000	GCGGCGGCG	0.8444	0.0000	0.6286	27	0
seq17_3.0	L2	3	CAG_like	306	375	3	23.000	CAG	0.9130	0.0000	0.7385	84	1
seq17_3.0	L2	3	CAG_like	306	375	6	11.500	CAGCAG	0.9130	0.0000	0.8226	84	0
seq17_3.0	L2	3	CAG_like	306	375	9	7.667	CAGCAGCAG	0.9130	0.0000	0.7288	84	0
seq17_3.0	L2	3	CAG_like	306	375	12	5.750	CAACAGCAGCAG	0.9130	0.0000	0.7857	84	0
seq17_3.0	L2	3	CAG_like	306	375	15	4.600	CAGCAGCAGCAGCAG	0.9130	0.0000	0.7358	84	0
seq17_3.0	L3	5	GCC_like	450	499	3	14.000	GCC	0.7857	0.1429	0.5526	-46	1
seq17_3.0	L3	5	GCC_like	450	499	6	7.000	GCCGCC	0.7857	0.1429	0.4857	-46	0
seq17_3.0	L3	5	GCC_like	450	499	9	4.667	GCTGCCGCC	0.7857	0.1429	0.4375	-46	0
seq18_3.0	L1	2	GCC_like	261	306	3	15.000	GCG	0.8444	0.0000	0.8293	27	1
seq18_3.0	L1	2	GCC_like	261	306	6	7.500	GCGGCG	0.8444	0.0000	0.6579	27	0
seq18_3.0	L1	2	GCC_like	261	306	9	5.000	GCGGCGGCG	0.8444	0.0000	0.6286	27	0
seq18_3.0	L2	3	CAG_like	306	378	3	24.000	CAG	0.9167	0.0000	0.7500	90	1
seq18_3.0	L2	3	CAG_like	306	378	6	12.000	CAGCAG	0.9167	0.0000	0.8308	90	0
seq18_3.0	L2	3	CAG_like	306	378	9	8.000	CAGCAGCAG	0.9167	0.0000	0.7419	90	0
seq18_3.0	L2	3	CAG_like	306	378	12	6.000	CAACAGCAGCAG	0.9167	0.0000	0.7966	90	0
seq18_3.0	L2	3	CAG_like	306	378	15	4.800	CAGCAGCAACAGCAG	0.9306	0.0000	0.7500	99	0
seq18_3.0	L2	3	CAG_like	306	378	18	4.000	CAACAGCAGCAGCAACAG	0.9167	0.0000	0.7358	90	0
seq18_3.0	L3	5	GCC_like	453	511	3	17.000	GCC	0.8235	0.1207	0.6383	-28	1
seq18_3.0	L3	5	GCC_like	453	511	6	8.500	GCCGCC	0.8235	0.1207	0.5909	-28	0
seq18_3.0	L3	5	GCC_like	453	511	9	5.667	GCCGCCGCC	0.8235	0.1207	0.5610	-28	0
seq18_3.0	L3	5	GCC_like	453	511	12	4.250	GCCGCCGCCGCC	0.8235	0.1207	0.5526	-28	0
seq19_13.0	L1	2	GCC_like	261	306	3	15.000	GCG	0.8444	0.0000	0.8293	27	1
seq19_13.0	L1	2	GCC_like	261	306	6	7.500	GCGGCG	0.8444	0.0000	0.6579	27	0
seq19_13.0	L1	2	GCC_like	261	306	9	5.000	GCGGCGGCG	0.8444	0.0000	0.6286	27	0
seq19_13.0	L2	3	CAG_like	306	369	3	21.000	CAG	0.9048	0.0000	0.7119	72	0
seq19_13.0	L2	3	CAG_like	306	369	6	10.500	CAGCAG	0.9048	0.0000	0.8036	72	0
seq19_13.0	L2	3	CAG_like	306	369	9	7.000	CAGCAGCAG	0.9048	0.0000	0.6981	72	0
seq19_13.0	L2	3	CAG_like	306	369	12	5.250	CAGCAGCAGCAG	0.9048	0.0000	0.7600	72	0
seq19_13.0	L2	3	CAG_like	306	369	15	4.200	CAGCAGCAGCAGCAA	0.9365	0.0000	0.7872	90	1
seq19_13.0	L3	5	GCC_like	444	502	3	17.000	GCC	0.8235	0.1207	0.6383	-28	1
seq19_13.0	L3	5	GCC_like	444	502	6	8.500	GCCGCC	0.8235	0.1207	0.5909	-28	0
seq19_13.0	L3	5	GCC_like	444	502	9	5.667	GCCGCCGCC	0.8235	0.1207	0.5610	-28	0
seq19_13.0	L3	5	GCC_like	444	502	12	4.250	GCCGCCGCCGCC	0.8235	0.1207	0.5526	-28	0
seq20_1.0	L1	2	GCC_like	261	306	3	15.000	GCG	0.8444	0.0000	0.8293	27	1
seq20_1.0	L1	2	GCC_like	261	306	6	7.500	GCGGCG	0.8444	0.0000	0.6579	27	0
seq20_1.0	L1	2	GCC_like	261	306	9	5.000	GCGGCGGCG	0.8444	0.0000	0.6286	27	0
seq20_1.0	L2	3	CAG_like	306	378	3	24.000	CAG	0.9306	0.0000	0.8088	99	1
seq20_1.0	L2	3	CAG_like	306	378	6	12.000	CAGCAG	0.9306	0.0000	0.8923	99	0
seq20_1.0	L2	3	CAG_like	306	378	9	8.000	CAGCAGCAG	0.9306	0.0000	0.8065	99	0
seq20_1.0	L2	3	CAG_like	306	378	12	6.000	CAGCAGCAGCAG	0.9306	0.0000	0.8644	99	0
seq20_1.0	L2	3	CAG_like	306	378	15	4.800	CAGCAGCAGCAGCAG	0.9306	0.0000	0.8214	99	0
seq20_1.0	L2	3	CAG_like	306	378	18	4.000	CAGCAGCAGCAGCAACAG	0.9306	0.0000	0.8113	99	0
seq20_1.0	L3	5	GCC_like	453	511	3	17.000	GCC	0.8235	0.1207	0.6383	-28	1
seq20_1.0	L3	5	GCC_like	453	511	6	8.500	GCCGCC	0.8235	0.1207	0.5909	-28	0
seq20_1.0	L3	5	GCC_like	453	511	9	5.667	GCCGCCGCC	0.8235	0.1207	0.5610	-28	0
seq20_1.0	L3	5	GCC_like	453	511	12	4.250	GCCGCCGCCGCC	0.8235	0.1207	0.5526	-28	0
seq21_1.0	L1	2	GCC_like	261	306	3	15.000	GCG	0.8444	0.0000	0.8293	27	1
seq21_1.0	L1	2	GCC_like	261	306	6	7.500	GCGGCG	0.8444	0.0000	0.6579	27	0
seq21_1.0	L1	2	GCC_like	261	306	9	5.000	GCGGCGGCG	0.8444	0.0000	0.6286	27	0
seq21_1.0	L2	3	CAG_like	306	372	3	22.000	CAG	0.9091	0.0000	0.7258	78	0
seq21_1.0	L2	3	CAG_like	306	372	6	11.000	CAGCAG	0.9091	0.0000	0.8136	78	0
seq21_1.0	L2	3	CAG_like	306	372	9	7.333	CAGCAGCAG	0.9091	0.0000	0.7143	78	0
seq21_1.0	L2	3	CAG_like	306	372	12	5.500	CAACAGCAGCAG	0.9091	0.0000	0.7736	78	0
seq21_1.0	L2	3	CAG_like	306	372	15	4.400	CAGCAGCAGCAGCAA	0.9394	0.0000	0.8000	96	1
seq21_1.0	L3	5	GCC_like	447	505	3	17.000	GCC	0.8235	0.1207	0.6383	-28	1
seq21_1.0	L3	5	GCC_like	447	505	6	8.500	GCCGCC	0.8235	0.1207	0.5909	-28	0
seq21_1.0	L3	5	GCC_like	447	505	9	5.667	GCCGCCGCC	0.8235	0.1207	0.5610	-28	0
seq21_1.0	L3	5	GCC_like	447	505	12	4.250	GCCGCCGCCGCC	0.8235	0.1207	0.5526	-28	0
seq22_2.0	L1	2	GCC_like	261	306	3	15.000	GCG	0.8444	0.0000	0.8293	27	1
seq22_2.0	L1	2	GCC_like	261	306	6	7.500	GCGGCG	0.8444	0.0000	0.6579	27	0
seq22_2.0	L1	2	GCC_like	261	306	9	5.000	GCGGCGGCG	0.8444	0.0000	0.6286	27	0
seq22_2.0	L2	3	CAG_like	306	378	3	24.000	CAG	0.9028	0.0000	0.6912	81	1
seq22_2.0	L2	3	CAG_like	306	378	6	12.000	CAGCAG	0.9028	0.0000	0.8308	81	0
seq22_2.0	L2	3	CAG_like	306	378	9	8.000	CAGCAGCAG	0.9028	0.0000	0.6774	81	0
seq22_2.0	L2	3	CAG_like	306	378	12	6.000	CAGCAGCAACAG	0.9028	0.0000	0.7966	81	0
seq22_2.0	L2	3	CAG_like	306	378	15	4.800	CAGCAACAGCAGCAG	0.9167	0.0000	0.7500	90	0
seq22_2.0	L2	3	CAG_like	306	378	18	4.000	CAACAGCAGCAGCAACAG	0.9028	0.0000	0.7358	81	0
seq22_2.0	L3	5	GCC_like	453	511	3	17.000	GCC	0.8235	0.1207	0.6383	-28	1
seq22_2.0	L3	5	GCC_like	453	511	6	8.500	GCCGCC	0.8235	0.1207	0.5909	-28	0
seq22_2.0	L3	5	GCC_like	453	511	9	5.667	GCCGCCGCC	0.8235	0.1207	0.5610	-28	0
seq22_2.0	L3	5	GCC_like	453	511	12	4.250	GCCGCCGCCGCC	0.8235	0.1207	0.5526	-28	0
seq23_12.0	L1	2	GCC_like	261	306	3	15.000	GCG	0.8444	0.0000	0.8293	27	1
seq23_12.0	L1	2	GCC_like	261	306	6	7.500	GCGGCG	0.8444	0.0000	0.6579	27	0
seq23_12.0	L1	2	GCC_like	261	306	9	5.000	GCGGCGGCG	0.8444	0.0000	0.6286	27	0
seq23_12.0	L2	3	CAG_like	306	378	3	24.000	CAG	0.9167	0.0000	0.7500	90	1
seq23_12.0	L2	3	CAG_like	306	378	6	12.000	CAGCAG	0.9167	0.0000	0.8308	90	0
seq23_12.0	L2	3	CAG_like	306	378	9	8.000	CAGCAGCAG	0.9167	0.0000	0.7419	90	0
seq23_12.0	L2	3	CAG_like	306	378	12	6.000	CAGCAGCAGCAG	0.9167	0.0000	0.7966	90	0
seq23_12.0	L2	3	CAG_like	306	378	15	4.800	CAGCAGCAGCAGCAG	0.9167	0.0000	0.7500	90	0
seq23_12.0	L2	3	CAG_like	306	378	18	4.000	CAGCAGCAGCAGCAACAG	0.9167	0.0000	0.7358	90	0
seq23_12.0	L3	5	GCC_like	453	511	3	17.000	GCC	0.8235	0.1207	0.6383	-28	1
seq23_12.0	L3	5	GCC_like	453	511	6	8.500	GCCGCC	0.8235	0.1207	0.5909	-28	0
seq23_12.0	L3	5	GCC_like	453	511	9	5.667	GCCGCCGCC	0.8235	0.1207	0.5610	-28	0
seq23_12.0	L3	5	GCC_like	453	511	12	4.250	GCCGCCGCCGCC	0.8235	0.1207	0.5526	-28	0
seq24_1.0	L1	2	GCC_like	261	306	3	15.000	GCG	0.8444	0.0000	0.8293	27	1
seq24_1.0	L1	2	GCC_like	261	306	6	7.500	GCGGCG	0.8444	0.0000	0.6579	27	0
seq24_1.0	L1	2	GCC_like	261	306	9	5.000	GCGGCGGCG	0.8444	0.0000	0.6286	27	0
seq24_1.0	L2	3	CAG_like	306	375	3	23.000	CAG	0.9130	0.0000	0.7385	84	1
seq24_1.0	L2	3	CAG_like	306	375	6	11.500	CAGCAG	0.9130	0.0000	0.8226	84	0
seq24_1.0	L2	3	CAG_like	306	375	9	7.667	CAGCAGCAG	0.9130	0.0000	0.7288	84	0
seq24_1.0	L2	3	CAG_like	306	375	12	5.750	CAACAGCAGCAG	0.9130	0.0000	0.7857	84	0
seq24_1.0	L2	3	CAG_like	306	375	15	4.600	CAGCAGCAGCAGCAG	0.9130	0.0000	0.7358	84	0
seq24_1.0	L3	5	GCC_like	450	508	3	17.000	GCC	0.8235	0.1207	0.6383	-28	1
seq24_1.0	L3	5	GCC_like	450	508	6	8.500	GCCGCC	0.8235	0.1207	0.5909	-28	0
seq24_1.0	L3	5	GCC_like	450	508	9	5.667	GCCGCCGCC	0.8235	0.1207	0.5610	-28	0
seq24_1.0	L3	5	GCC_like	450	508	12	4.250	GCCGCCGCCGCC	0.8235	0.1207	0.5526	-28	0
seq25_2.0	L1	2	GCC_like	261	306	3	15.000	GCG	0.8444	0.0000	0.8293	27	1
seq25_2.0	L1	2	GCC_like	261	306	6	7.500	GCGGCG	0.8444	0.0000	0.6579	27	0
seq25_2.0	L1	2	GCC_like	261	306	9	5.000	GCGGCGGCG	0.8444	0.0000	0.6286	27	0
seq25_2.0	L2	3	CAG_like	306	378	3	24.000	CAG	0.9167	0.0000	0.7500	90	1
seq25_2.0	L2	3	CAG_like	306	378	6	12.000	CAGCAG	0.9167	0.0000	0.8308	90	0
seq25_2.0	L2	3	CAG_like	306	378	9	8.000	CAGCAGCAG	0.9167	0.0000	0.7419	90	0
seq25_2.0	L2	3	CAG_like	306	378	12	6.000	CAACAGCAGCAG	0.9167	0.0000	0.7966	90	0
seq25_2.0	L2	3	CAG_like	306	378	15	4.800	CAGCAGCAACAGCAG	0.9306	0.0000	0.7500	99	0
seq25_2.0	L2	3	CAG_like	306	378	18	4.000	CAACAGCAGCAGCAACAG	0.9167	0.0000	0.7358	90	0
seq25_2.0	L3	5	GCC_like	453	511	3	17.000	GCC	0.8235	0.1207	0.6383	-28	1
seq25_2.0	L3	5	GCC_like	453	511	6	8.500	GCCGCC	0.8235	0.1207	0.5909	-28	0
seq25_2.0	L3	5	GCC_like	453	511	9	5.667	GCCGCCGCC	0.8235	0.1207	0.5610	-28	0
seq25_2.0	L3	5	GCC_like	453	511	12	4.250	GCCGCCGCCGCC	0.8235	0.1207	0.5526	-28	0
seq26_1.0	L1	2	GCC_like	261	306	3	15.000	GCG	0.8444	0.0000	0.8293	27	1
seq26_1.0	L1	2	GCC_like	261	306	6	7.500	GCGGCG	0.8444	0.0000	0.6579	27	0
seq26_1.0	L1	2	GCC_like	261	306	9	5.000	GCGGCGGCG	0.8444	0.0000	0.6286	27	0
seq26_1.0	L2	3	CAG_like	306	384	3	26.000	CAG	0.9231	0.0000	0.7703	102	1
seq26_1.0	L2	3	CAG_like	306	384	6	13.000	CAGCAG	0.9231	0.0000	0.8451	102	0
seq26_1.0	L2	3	CAG_like	306	384	9	8.667	CAGCAGCAG	0.9231	0.0000	0.7647	102	0
seq26_1.0	L2	3	CAG_like	306	384	12	6.500	CAGCAGCAGCAG	0.9231	0.0000	0.8154	102	0
seq26_1.0	L2	3	CAG_like	306	384	15	5.200	CAGCAGCAGCAGCAG	0.9231	0.0000	0.7742	102	0
seq26_1.0	L2	3	CAG_like	306	384	18	4.333	CAGCAGCAGCAGCAGCAG	0.9231	0.0000	0.7627	102	0
seq26_1.0	L3	5	GCC_like	459	517	3	17.000	GCC	0.8235	0.1207	0.6383	-28	1
seq26_1.0	L3	5	GCC_like	459	517	6	8.500	GCCGCC	0.8235	0.1207	0.5909	-28	0
seq26_1.0	L3	5	GCC_like	459	517	9	5.667	GCCGCCGCC	0.8235	0.1207	0.5610	-28	0
seq26_1.0	L3	5	GCC_like	459	517	12	4.250	GCCGCCGCCGCC	0.8235	0.1207	0.5526	-28	0
seq27_3.0	L1	2	GCC_like	261	306	3	15.000	GCG	0.8444	0.0000	0.8293	27	1
seq27_3.0	L1	2	GCC_like	261	306	6	7.500	GCGGCG	0.8444	0.0000	0.6579	27	0
seq27_3.0	L1	2	GCC_like	261	306	9	5.000	GCGGCGGCG	0.8444	0.0000	0.6286	27	0
seq27_3.0	L2	3	CAG_like	306	375	3	23.000	CAG	0.8986	0.0000	0.6769	75	1
seq27_3.0	L2	3	CAG_like	306	375	6	11.500	CAGCAG	0.8986	0.0000	0.8226	75	0
seq27_3.0	L2	3	CAG_like	306	375	9	7.667	CAGCAGCAG	0.8986	0.0000	0.6610	75	0
seq27_3.0	L2	3	CAG_like	306	375	12	5.750	CAACAGCAGCAG	0.8986	0.0000	0.7857	75	0
seq27_3.0	L2	3	CAG_like	306	375	15	4.600	CAGCAACAGCAGCAG	0.9130	0.0000	0.7358	84	0
seq27_3.0	L3	5	GCC_like	450	508	3	17.000	GCC	0.8235	0.1207	0.6383	-28	1
seq27_3.0	L3	5	GCC_like	450	508	6	8.500	GCCGCC	0.8235	0.1207	0.5909	-28	0
seq27_3.0	L3	5	GCC_like	450	508	9	5.667	GCCGCCGCC	0.8235	0.1207	0.5610	-28	0
seq27_3.0	L3	5	GCC_like	450	508	12	4.250	GCCGCCGCCGCC	0.8235	0.1207	0.5526	-28	0
seq28_3.0	L1	2	GCC_like	261	306	3	15.000	GCG	0.8444	0.0000	0.8293	27	1
seq28_3.0	L1	2	GCC_like	261	306	6	7.500	GCGGCG	0.8444	0.0000	0.6579	27	0
seq28_3.0	L1	2	GCC_like	261	306	9	5.000	GCGGCGGCG	0.8444	0.0000	0.6286	27	0
seq28_3.0	L2	3	CAG_like	306	375	3	23.000	CAG	0.9130	0.0000	0.7385	84	1
seq28_3.0	L2	3	CAG_like	306	375	6	11.500	CAGCAG	0.9130	0.0000	0.8226	84	0
seq28_3.0	L2	3	CAG_like	306	375	9	7.667	CAGCAGCAG	0.9130	0.0000	0.7288	84	0
seq28_3.0	L2	3	CAG_like	306	375	12	5.750	CAACAGCAGCAG	0.9130	0.0000	0.7857	84	0
seq28_3.0	L2	3	CAG_like	306	375	15	4.600	CAGCAGCAGCAGCAG	0.9130	0.0000	0.7358	84	0
seq28_3.0	L3	5	GCC_like	450	508	3	17.000	GCC	0.8431	0.1207	0.6809	-19	1
seq28_3.0	L3	5	GCC_like	450	508	6	8.500	GCCGCC	0.8431	0.1207	0.6364	-19	0
seq28_3.0	L3	5	GCC_like	450	508	9	5.667	GCCGCCGCC	0.8431	0.1207	0.6098	-19	0
seq28_3.0	L3	5	GCC_like	450	508	12	4.250	GCCGCCGCCGCC	0.8431	0.1207	0.6579	-19	0
seq29_1.0	L1	2	GCC_like	261	306	3	15.000	GCG	0.8444	0.0000	0.8293	27	1
seq29_1.0	L1	2	GCC_like	261	306	6	7.500	GCGGCG	0.8444	0.0000	0.6579	27	0
seq29_1.0	L1	2	GCC_like	261	306	9	5.000	GCGGCGGCG	0.8444	0.0000	0.6286	27	0
seq29_1.0	L2	3	CAG_like	306	381	3	25.000	CAG	0.9200	0.0000	0.7606	96	1
seq29_1.0	L2	3	CAG_like	306	381	6	12.500	CAGCAG	0.9200	0.0000	0.8382	96	0
seq29_1.0	L2	3	CAG_like	306	381	9	8.333	CAGCAGCAG	0.9200	0.0000	0.7538	96	0
seq29_1.0	L2	3	CAG_like	306	381	12	6.250	CAGCAGCAGCAG	0.9200	0.0000	0.8065	96	0
seq29_1.0	L2	3	CAG_like	306	381	15	5.000	CAGCAGCAGCAGCAG	0.9200	0.0000	0.7627	96	0
seq29_1.0	L2	3	CAG_like	306	381	18	4.167	CAGCAGCAGCAGCAACAG	0.9200	0.0000	0.7500	96	0
seq29_1.0	L3	5	GCC_like	456	514	3	17.000	GCC	0.8235	0.1207	0.6383	-28	1
seq29_1.0	L3	5	GCC_like	456	514	6	8.500	GCCGCC	0.8235	0.1207	0.5909	-28	0
seq29_1.0	L3	5	GCC_like	456	514	9	5.667	GCCGCCGCC	0.8235	0.1207	0.5610	-28	0
seq29_1.0	L3	5	GCC_like	456	514	12	4.250	GCCGCCGCCGCC	0.8235	0.1207	0.5526	-28	0
seq30_1.0	L1	2	GCC_like	261	306	3	15.000	GCG	0.8444	0.0000	0.8293	27	1
seq30_1.0	L1	2	GCC_like	261	306	6	7.500	GCGGCG	0.8444	0.0000	0.6579	27	0
seq30_1.0	L1	2	GCC_like	261	306	9	5.000	GCGGCGGCG	0.8444	0.0000	0.6286	27	0
seq30_1.0	L2	3	CAG_like	306	381	3	25.000	CAG	0.9333	0.0000	0.8169	105	1
seq30_1.0	L2	3	CAG_like	306	381	6	12.500	CAGCAG	0.9333	0.0000	0.8382	105	0
seq30_1.0	L2	3	CAG_like	306	381	9	8.333	CAGCAGCAG	0.9333	0.0000	0.8154	105	0
seq30_1.0	L2	3	CAG_like	306	381	12	6.250	CAGCAGCAGCAG	0.9333	0.0000	0.8065	105	0
seq30_1.0	L2	3	CAG_like	306	381	15	5.000	CAGCAGCAGCAGCAG	0.9333	0.0000	0.7966	105	0
seq30_1.0	L2	3	CAG_like	306	381	18	4.167	CAGCAGCAGCAGCAGCAG	0.9333	0.0000	0.7857	105	0
seq30_1.0	L3	5	GCC_like	456	511	3	16.000	GCC	0.8125	0.1273	0.6136	-34	1
seq30_1.0	L3	5	GCC_like	456	511	6	8.000	GCCGCC	0.8125	0.1273	0.5610	-34	0
seq30_1.0	L3	5	GCC_like	456	511	9	5.333	GCTGCCGCC	0.8125	0.1273	0.5263	-34	0
seq30_1.0	L3	5	GCC_like	456	511	12	4.000	GCCGCCGCCGCC	0.8125	0.1273	0.5143	-34	0
seq31_1.0	L1	2	GCC_like	261	306	3	15.000	GCG	0.8444	0.0000	0.8293	27	1
seq31_1.0	L1	2	GCC_like	261	306	6	7.500	GCGGCG	0.8444	0.0000	0.6579	27	0
seq31_1.0	L1	2	GCC_like	261	306	9	5.000	GCGGCGGCG	0.8444	0.0000	0.6286	27	0
seq31_1.0	L2	3	CAG_like	306	363	3	19.000	CAG	0.9123	0.0000	0.7547	69	1
seq31_1.0	L2	3	CAG_like	306	363	6	9.500	CAGCAG	0.9123	0.0000	0.8600	69	0
seq31_1.0	L2	3	CAG_like	306	363	9	6.333	CAGCAGCAG	0.9123	0.0000	0.7447	69	0
seq31_1.0	L2	3	CAG_like	306	363	12	4.750	CAACAGCAGCAG	0.9298	0.0000	0.8182	78	0
seq31_1.0	L3	5	GCC_like	438	496	3	17.000	GCC	0.8235	0.1207	0.6383	-28	1
seq31_1.0	L3	5	GCC_like	438	496	6	8.500	GCCGCC	0.8235	0.1207	0.5909	-28	0
seq31_1.0	L3	5	GCC_like	438	496	9	5.667	GCCGCCGCC	0.8235	0.1207	0.5610	-28	0
seq31_1.0	L3	5	GCC_like	438	496	12	4.250	GCCGCCGCCGCC	0.8235	0.1207	0.5526	-28	0
seq32_1.0	L1	2	GCC_like	261	294	3	11.000	GCG	0.8485	0.0000	0.8966	21	0
seq32_1.0	L1	2	GCC_like	261	294	6	5.500	GCGGCC	0.8788	0.0000	0.8077	30	1
seq32_1.0	L2	3	CAG_like	294	366	3	24.000	CAG	0.9167	0.0000	0.7500	90	1
seq32_1.0	L2	3	CAG_like	294	366	6	12.000	CAGCAG	0.9167	0.0000	0.8308	90	0
seq32_1.0	L2	3	CAG_like	294	366	9	8.000	CAGCAGCAG	0.9167	0.0000	0.7419	90	0
seq32_1.0	L2	3	CAG_like	294	366	12	6.000	CAACAGCAGCAG	0.9167	0.0000	0.7966	90	0
seq32_1.0	L2	3	CAG_like	294	366	15	4.800	CAGCAGCAACAGCAG	0.9306	0.0000	0.7500	99	0
seq32_1.0	L2	3	CAG_like	294	366	18	4.000	CAACAGCAGCAGCAACAG	0.9167	0.0000	0.7358	90	0
seq32_1.0	L3	5	GCC_like	441	499	3	17.000	GCC	0.8235	0.1207	0.6383	-28	1
seq32_1.0	L3	5	GCC_like	441	499	6	8.500	GCCGCC	0.8235	0.1207	0.5909	-28	0
seq32_1.0	L3	5	GCC_like	441	499	9	5.667	GCCGCCGCC	0.8235	0.1207	0.5610	-28	0
seq32_1.0	L3	5	GCC_like	441	499	12	4.250	GCCGCCGCCGCC	0.8235	0.1207	0.5526	-28	0
seq33_2.0	L1	2	GCC_like	261	306	3	15.000	GCG	0.8444	0.0000	0.8293	27	1
seq33_2.0	L1	2	GCC_like	261	306	6	7.500	GCGGCG	0.8444	0.0000	0.6579	27	0
seq33_2.0	L1	2	GCC_like	261	306	9	5.000	GCGGCGGCG	0.8444	0.0000	0.6286	27	0
seq33_2.0	L2	3	CAG_like	306	387	3	27.000	CAG	0.9259	0.0000	0.7792	108	1
seq33_2.0	L2	3	CAG_like	306	387	6	13.500	CAGCAG	0.9259	0.0000	0.8514	108	0
seq33_2.0	L2	3	CAG_like	306	387	9	9.000	CAGCAGCAG	0.9259	0.0000	0.7746	108	0
seq33_2.0	L2	3	CAG_like	306	387	12	6.750	CAACAGCAGCAG	0.9383	0.0000	0.8235	117	0
seq33_2.0	L2	3	CAG_like	306	387	15	5.400	CAGCAGCAGCAGCAG	0.9259	0.0000	0.7846	108	0
seq33_2.0	L2	3	CAG_like	306	387	18	4.500	CAACAGCAGCAGCAGCAG	0.9383	0.0000	0.7742	117	0
seq33_2.0	L3	5	GCC_like	462	520	3	17.000	GCC	0.8235	0.1207	0.6383	-28	1
seq33_2.0	L3	5	GCC_like	462	520	6	8.500	GCCGCC	0.8235	0.1207	0.5909	-28	0
seq33_2.0	L3	5	GCC_like	462	520	9	5.667	GCCGCCGCC	0.8235	0.1207	0.5610	-28	0
seq33_2.0	L3	5	GCC_like	462	520	12	4.250	GCCGCCGCCGCC	0.8235	0.1207	0.5526	-28	0
seq34_1.0	L1	2	GCC_like	261	306	3	15.000	GCG	0.8444	0.0000	0.8293	27	1
seq34_1.0	L1	2	GCC_like	261	306	6	7.500	GCGGCG	0.8444	0.0000	0.6579	27	0
seq34_1.0	L1	2	GCC_like	261	306	9	5.000	GCGGCGGCG	0.8444	0.0000	0.6286	27	0
seq34_1.0	L2	3	CAG_like	306	381	3	25.000	CAG	0.9200	0.0000	0.7606	96	1
seq34_1.0	L2	3	CAG_like	306	381	6	12.500	CAGCAG	0.9200	0.0000	0.8382	96	0
seq34_1.0	L2	3	CAG_like	306	381	9	8.333	CAGCAGCAG	0.9200	0.0000	0.7538	96	0
seq34_1.0	L2	3	CAG_like	306	381	12	6.250	CAGCAGCAGCAG	0.9200	0.0000	0.8065	96	0
seq34_1.0	L2	3	CAG_like	306	381	15	5.000	CAGCAGCAGCAGCAG	0.9200	0.0000	0.7627	96	0
seq34_1.0	L2	3	CAG_like	306	381	18	4.167	CAGCAGCAGCAGCAACAG	0.9200	0.0000	0.7500	96	0
seq34_1.0	L3	5	GCC_like	456	517	3	18.000	GCC	0.8333	0.1148	0.6600	-22	1
seq34_1.0	L3	5	GCC_like	456	517	6	9.000	GCCGCC	0.8333	0.1148	0.6170	-22	0
seq34_1.0	L3	5	GCC_like	456	517	9	6.000	GCCGCCGCC	0.8333	0.1148	0.5909	-22	0
seq34_1.0	L3	5	GCC_like	456	517	12	4.500	GCTGCCGCCGCC	0.8333	0.1148	0.5854	-22	0
seq35_1.0	L1	2	GCC_like	261	306	3	15.000	GCG	0.8444	0.0000	0.8293	27	1
seq35_1.0	L1	2	GCC_like	261	306	6	7.500	GCGGCG	0.8444	0.0000	0.6579	27	0
seq35_1.0	L1	2	GCC_like	261	306	9	5.000	GCGGCGGCG	0.8444	0.0000	0.6286	27	0
seq35_1.0	L2	3	CAG_like	306	381	3	25.000	CAG	0.9333	0.0000	0.8169	105	1
seq35_1.0	L2	3	CAG_like	306	381	6	12.500	CAGCAG	0.9333	0.0000	0.8382	105	0
seq35_1.0	L2	3	CAG_like	306	381	9	8.333	CAGCAGCAG	0.9333	0.0000	0.8154	105	0
seq35_1.0	L2	3	CAG_like	306	381	12	6.250	CAGCAGCAGCAG	0.9333	0.0000	0.8065	105	0
seq35_1.0	L2	3	CAG_like	306	381	15	5.000	CAGCAGCAGCAGCAG	0.9333	0.0000	0.7966	105	0
seq35_1.0	L2	3	CAG_like	306	381	18	4.167	CAGCAGCAGCAGCAGCAG	0.9333	0.0000	0.7857	105	0
seq35_1.0	L3	5	GCC_like	456	514	3	17.000	GCC	0.8235	0.1207	0.6383	-28	1
seq35_1.0	L3	5	GCC_like	456	514	6	8.500	GCCGCC	0.8235	0.1207	0.5909	-28	0
seq35_1.0	L3	5	GCC_like	456	514	9	5.667	GCCGCCGCC	0.8235	0.1207	0.5610	-28	0
seq35_1.0	L3	5	GCC_like	456	514	12	4.250	GCCGCCGCCGCC	0.8235	0.1207	0.5526	-28	0
seq36_1.0	L1	2	GCC_like	261	306	3	15.000	GCG	0.8444	0.0000	0.8293	27	1
seq36_1.0	L1	2	GCC_like	261	306	6	7.500	GCGGCG	0.8444	0.0000	0.6579	27	0
seq36_1.0	L1	2	GCC_like	261	306	9	5.000	GCGGCGGCG	0.8444	0.0000	0.6286	27	0
seq36_1.0	L2	3	CAG_like	306	375	3	23.000	CAG	0.9130	0.0000	0.7385	84	1
seq36_1.0	L2	3	CAG_like	306	375	6	11.500	CAGCAG	0.9130	0.0000	0.8226	84	0
seq36_1.0	L2	3	CAG_like	306	375	9	7.667	CAGCAGCAG	0.9130	0.0000	0.7288	84	0
seq36_1.0	L2	3	CAG_like	306	375	12	5.750	CAACAGCAGCAG	0.9130	0.0000	0.7857	84	0
seq36_1.0	L2	3	CAG_like	306	375	15	4.600	CAGCAGCAGCAGCAG	0.9130	0.0000	0.7358	84	0
seq36_1.0	L3	5	GCC_like	450	508	3	17.000	GCC	0.8235	0.1207	0.6383	-28	1
seq36_1.0	L3	5	GCC_like	450	508	6	8.500	GCCGCC	0.8235	0.1207	0.5909	-28	0
seq36_1.0	L3	5	GCC_like	450	508	9	5.667	GCCGCCGCC	0.8235	0.1207	0.5610	-28	0
seq36_1.0	L3	5	GCC_like	450	508	12	4.250	GCCGCCGCCGCC	0.8235	0.1207	0.5526	-28	0
seq37_1.0	L1	2	GCC_like	261	306	3	15.000	GCG	0.8444	0.0000	0.8293	27	1
seq37_1.0	L1	2	GCC_like	261	306	6	7.500	GCGGCG	0.8444	0.0000	0.6579	27	0
seq37_1.0	L1	2	GCC_like	261	306	9	5.000	GCGGCGGCG	0.8444	0.0000	0.6286	27	0
seq37_1.0	L2	3	CAG_like	306	378	3	24.000	CAG	0.9167	0.0000	0.7500	90	1
seq37_1.0	L2	3	CAG_like	306	378	6	12.000	CAGCAG	0.9167	0.0000	0.8308	90	0
seq37_1.0	L2	3	CAG_like	306	378	9	8.000	CAGCAGCAG	0.9167	0.0000	0.7419	90	0
seq37_1.0	L2	3	CAG_like	306	378	12	6.000	CAACAGCAGCAG	0.9167	0.0000	0.7966	90	0
seq37_1.0	L2	3	CAG_like	306	378	15	4.800	CAGCAGCAACAGCAG	0.9306	0.0000	0.7500	99	0
seq37_1.0	L2	3	CAG_like	306	378	18	4.000	CAACAGCAGCAGCAACAG	0.9167	0.0000	0.7358	90	0
seq37_1.0	L3	5	GCC_like	453	514	3	18.000	GCC	0.8333	0.1148	0.6600	-22	1
seq37_1.0	L3	5	GCC_like	453	514	6	9.000	GCCGCC	0.8333	0.1148	0.6170	-22	0
seq37_1.0	L3	5	GCC_like	453	514	9	6.000	GCCGCCGCC	0.8333	0.1148	0.5909	-22	0
seq37_1.0	L3	5	GCC_like	453	514	12	4.500	GCTGCCGCCGCC	0.8333	0.1148	0.5854	-22	0
seq38_1.0	L1	2	GCC_like	261	306	3	15.000	GCG	0.8444	0.0000	0.8293	27	1
seq38_1.0	L1	2	GCC_like	261	306	6	7.500	GCGGCG	0.8444	0.0000	0.6579	27	0
seq38_1.0	L1	2	GCC_like	261	306	9	5.000	GCGGCGGCG	0.8444	0.0000	0.6286	27	0
seq38_1.0	L2	3	CAG_like	306	390	3	28.000	CAG	0.9286	0.0000	0.7875	114	1
seq38_1.0	L2	3	CAG_like	306	390	6	14.000	CAGCAG	0.9286	0.0000	0.8571	114	0
seq38_1.0	L2	3	CAG_like	306	390	9	9.333	CAGCAGCAG	0.9286	0.0000	0.7838	114	0
seq38_1.0	L2	3	CAG_like	306	390	12	7.000	CAGCAGCAGCAG	0.9286	0.0000	0.8310	114	0
seq38_1.0	L2	3	CAG_like	306	390	15	5.600	CAGCAGCAGCAGCAG	0.9286	0.0000	0.7941	114	0
seq38_1.0	L2	3	CAG_like	306	390	18	4.667	CAGCAGCAGCAGCAACAG	0.9286	0.0000	0.7846	114	0
seq38_1.0	L3	5	GCC_like	465	523	3	17.000	GCC	0.8235	0.1207	0.6383	-28	1
seq38_1.0	L3	5	GCC_like	465	523	6	8.500	GCCGCC	0.8235	0.1207	0.5909	-28	0
seq38_1.0	L3	5	GCC_like	465	523	9	5.667	GCCGCCGCC	0.8235	0.1207	0.5610	-28	0
seq38_1.0	L3	5	GCC_like	465	523	12	4.250	GCCGCCGCCGCC	0.8235	0.1207	0.5526	-28	0
seq39_1.0	L1	2	GCC_like	261	306	3	15.000	GCG	0.8444	0.0000	0.8293	27	1
seq39_1.0	L1	2	GCC_like	261	306	6	7.500	GCGGCG	0.8444	0.0000	0.6579	27	0
seq39_1.0	L1	2	GCC_like	261	306	9	5.000	GCGGCGGCG	0.8444	0.0000	0.6286	27	0
seq39_1.0	L2	3	CAG_like	306	369	3	21.000	CAG	0.9048	0.0000	0.7119	72	0
seq39_1.0	L2	3	CAG_like	306	369	6	10.500	CAGCAG	0.9048	0.0000	0.8036	72	0
seq39_1.0	L2	3	CAG_like	306	369	9	7.000	CAGCAGCAG	0.9048	0.0000	0.6981	72	0
seq39_1.0	L2	3	CAG_like	306	369	12	5.250	CAGCAGCAGCAG	0.9048	0.0000	0.7600	72	0
seq39_1.0	L2	3	CAG_like	306	369	15	4.200	CAGCAGCAGCAGCAA	0.9365	0.0000	0.7872	90	1
seq39_1.0	L3	5	GCC_like	444	502	3	17.000	GCC	0.8235	0.1207	0.6383	-28	1
seq39_1.0	L3	5	GCC_like	444	502	6	8.500	GCCGCC	0.8235	0.1207	0.5909	-28	0
seq39_1.0	L3	5	GCC_like	444	502	9	5.667	GCCGCCGCC	0.8235	0.1207	0.5610	-28	0
seq39_1.0	L3	5	GCC_like	444	502	12	4.250	GCCGCCGCCGCC	0.8235	0.1207	0.5526	-28	0
seq40_1.0	L1	2	GCC_like	261	306	3	15.000	GCG	0.8444	0.0000	0.8293	27	1
seq40_1.0	L1	2	GCC_like	261	306	6	7.500	GCGGCG	0.8444	0.0000	0.6579	27	0
seq40_1.0	L1	2	GCC_like	261	306	9	5.000	GCGGCGGCG	0.8444	0.0000	0.6286	27	0
seq40_1.0	L2	3	CAG_like	306	381	3	25.000	CAG	0.9200	0.0000	0.7606	96	1
seq40_1.0	L2	3	CAG_like	306	381	6	12.500	CAGCAG	0.9200	0.0000	0.8382	96	0
seq40_1.0	L2	3	CAG_like	306	381	9	8.333	CAGCAGCAG	0.9200	0.0000	0.7538	96	0
seq40_1.0	L2	3	CAG_like	306	381	12	6.250	CAGCAGCAGCAG	0.9200	0.0000	0.8065	96	0
seq40_1.0	L2	3	CAG_like	306	381	15	5.000	CAGCAGCAGCAGCAG	0.9200	0.0000	0.7627	96	0
seq40_1.0	L2	3	CAG_like	306	381	18	4.167	CAGCAGCAGCAGCAACAG	0.9200	0.0000	0.7500	96	0
seq40_1.0	L3	5	GCC_like	456	514	3	17.000	GCC	0.8235	0.1207	0.6383	-28	1
seq40_1.0	L3	5	GCC_like	456	514	6	8.500	GCCGCC	0.8235	0.1207	0.5909	-28	0
seq40_1.0	L3	5	GCC_like	456	514	9	5.667	GCCGCCGCC	0.8235	0.1207	0.5610	-28	0
seq40_1.0	L3	5	GCC_like	456	514	12	4.250	GCCGCCGCCGCC	0.8235	0.1207	0.5526	-28	0
seq41_1.0	L1	2	GCC_like	261	306	3	15.000	GCG	0.8444	0.0000	0.8293	27	1
seq41_1.0	L1	2	GCC_like	261	306	6	7.500	GCGGCG	0.8444	0.0000	0.6579	27	0
seq41_1.0	L1	2	GCC_like	261	306	9	5.000	GCGGCGGCG	0.8444	0.0000	0.6286	27	0
seq41_1.0	L2	3	CAG_like	306	372	3	22.000	CAG	0.9242	0.0000	0.7903	87	1
seq41_1.0	L2	3	CAG_like	306	372	6	11.000	CAGCAG	0.9242	0.0000	0.8136	87	0
seq41_1.0	L2	3	CAG_like	306	372	9	7.333	CAGCAGCAG	0.9242	0.0000	0.7857	87	0
seq41_1.0	L2	3	CAG_like	306	372	12	5.500	CAGCAGCAGCAG	0.9242	0.0000	0.7736	87	0
seq41_1.0	L2	3	CAG_like	306	372	15	4.400	CAACAGCAGCAGCAG	0.9394	0.0000	0.7600	96	0
seq41_1.0	L3	5	GCC_like	447	505	3	17.000	GCC	0.8235	0.1207	0.6383	-28	1
seq41_1.0	L3	5	GCC_like	447	505	6	8.500	GCCGCC	0.8235	0.1207	0.5909	-28	0
seq41_1.0	L3	5	GCC_like	447	505	9	5.667	GCCGCCGCC	0.8235	0.1207	0.5610	-28	0
seq41_1.0	L3	5	GCC_like	447	505	12	4.250	GCCGCCGCCGCC	0.8235	0.1207	0.5526	-28	0
seq42_1.0	L1	2	GCC_like	261	306	3	15.000	GCG	0.8444	0.0000	0.8293	27	1
seq42_1.0	L1	2	GCC_like	261	306	6	7.500	GCGGCG	0.8444	0.0000	0.6579	27	0
seq42_1.0	L1	2	GCC_like	261	306	9	5.000	GCGGCGGCG	0.8444	0.0000	0.6286	27	0
seq42_1.0	L2	3	CAG_like	306	375	3	23.000	CAG	0.9130	0.0000	0.7385	84	1
seq42_1.0	L2	3	CAG_like	306	375	6	11.500	CAGCAG	0.9130	0.0000	0.8226	84	0
seq42_1.0	L2	3	CAG_like	306	375	9	7.667	CAGCAGCAG	0.9130	0.0000	0.7288	84	0
seq42_1.0	L2	3	CAG_like	306	375	12	5.750	CAACAGCAGCAG	0.9130	0.0000	0.7857	84	0
seq42_1.0	L2	3	CAG_like	306	375	15	4.600	CAGCAGCAGCAGCAG	0.9130	0.0000	0.7358	84	0
seq42_1.0	L3	5	GCC_like	450	508	3	17.000	GCC	0.8235	0.1207	0.6383	-28	1
seq42_1.0	L3	5	GCC_like	450	508	6	8.500	GCCGCC	0.8235	0.1207	0.5909	-28	0
seq42_1.0	L3	5	GCC_like	450	508	9	5.667	GCCGCCGCC	0.8235	0.1207	0.5610	-28	0
seq42_1.0	L3	5	GCC_like	450	508	12	4.250	GCCGCCGCCGCC	0.8235	0.1207	0.5526	-28	0
seq43_1.0	L1	2	GCC_like	261	306	3	15.000	GCG	0.8444	0.0000	0.8293	27	1
seq43_1.0	L1	2	GCC_like	261	306	6	7.500	GCGGCG	0.8444	0.0000	0.6579	27	0
seq43_1.0	L1	2	GCC_like	261	306	9	5.000	GCGGCGGCG	0.8444	0.0000	0.6286	27	0
seq43_1.0	L2	3	CAG_like	306	378	3	24.000	CAG	0.9167	0.0000	0.7500	90	1
seq43_1.0	L2	3	CAG_like	306	378	6	12.000	CAGCAG	0.9167	0.0000	0.8308	90	0
seq43_1.0	L2	3	CAG_like	306	378	9	8.000	CAGCAGCAG	0.9167	0.0000	0.7419	90	0
seq43_1.0	L2	3	CAG_like	306	378	12	6.000	CAACAGCAGCAG	0.9167	0.0000	0.7966	90	0
seq43_1.0	L2	3	CAG_like	306	378	15	4.800	CAGCAGCAACAGCAG	0.9306	0.0000	0.7500	99	0
seq43_1.0	L2	3	CAG_like	306	378	18	4.000	CAACAGCAGCAGCAACAG	0.9167	0.0000	0.7358	90	0
seq43_1.0	L3	5	GCC_like	453	511	3	17.000	GCC	0.8235	0.1207	0.6383	-28	1
seq43_1.0	L3	5	GCC_like	453	511	6	8.500	GCCGCC	0.8235	0.1207	0.5909	-28	0
seq43_1.0	L3	5	GCC_like	453	511	9	5.667	GCCGCCGCC	0.8235	0.1207	0.5610	-28	0
seq43_1.0	L3	5	GCC_like	453	511	12	4.250	GCCGCCGCCGCC	0.8235	0.1207	0.5526	-28	0
seq44_1.0	L1	2	GCC_like	261	306	3	15.000	GCG	0.8444	0.0000	0.8293	27	1
seq44_1.0	L1	2	GCC_like	261	306	6	7.500	GCGGCG	0.8444	0.0000	0.6579	27	0
seq44_1.0	L1	2	GCC_like	261	306	9	5.000	GCGGCGGCG	0.8444	0.0000	0.6286	27	0
seq44_1.0	L2	3	CAG_like	306	372	3	22.000	CAG	0.9091	0.0000	0.7258	78	1
seq44_1.0	L2	3	CAG_like	306	372	6	11.000	CAGCAG	0.9091	0.0000	0.8136	78	0
seq44_1.0	L2	3	CAG_like	306	372	9	7.333	CAGCAGCAG	0.9091	0.0000	0.7143	78	0
seq44_1.0	L2	3	CAG_like	306	372	12	5.500	CAACAGCAGCAG	0.9091	0.0000	0.7736	78	0
seq44_1.0	L2	3	CAG_like	306	372	15	4.400	CAACAGCAGCAGCAA	0.9242	0.0000	0.7200	87	0
seq44_1.0	L3	5	GCC_like	447	505	3	17.000	GCC	0.8235	0.1207	0.6383	-28	1
seq44_1.0	L3	5	GCC_like	447	505	6	8.500	GCCGCC	0.8235	0.1207	0.5909	-28	0
seq44_1.0	L3	5	GCC_like	447	505	9	5.667	GCCGCCGCC	0.8235	0.1207	0.5610	-28	0
seq44_1.0	L3	5	GCC_like	447	505	12	4.250	GCCGCCGCCGCC	0.8235	0.1207	0.5526	-28	0
seq45_1.0	L1	2	GCC_like	261	300	3	13.000	GCG	0.8205	0.0000	0.8000	15	0
seq45_1.0	L1	2	GCC_like	261	300	6	6.500	GCGGCC	0.8462	0.0000	0.5938	24	1
seq45_1.0	L1	2	GCC_like	261	300	9	4.333	GCGGCCGCG	0.8462	0.0000	0.5517	24	0
seq45_1.0	L2	3	CAG_like	300	369	3	23.000	CAG	0.9130	0.0000	0.7385	84	1
seq45_1.0	L2	3	CAG_like	300	369	6	11.500	CAGCAG	0.9130	0.0000	0.8226	84	0
seq45_1.0	L2	3	CAG_like	300	369	9	7.667	CAGCAGCAG	0.9130	0.0000	0.7288	84	0
seq45_1.0	L2	3	CAG_like	300	369	12	5.750	CAACAGCAGCAG	0.9130	0.0000	0.7857	84	0
seq45_1.0	L2	3	CAG_like	300	369	15	4.600	CAGCAGCAGCAGCAG	0.9130	0.0000	0.7358	84	0
seq45_1.0	L3	5	GCC_like	444	502	3	17.000	GCC	0.8235	0.1207	0.6383	-28	1
seq45_1.0	L3	5	GCC_like	444	502	6	8.500	GCCGCC	0.8235	0.1207	0.5909	-28	0
seq45_1.0	L3	5	GCC_like	444	502	9	5.667	GCCGCCGCC	0.8235	0.1207	0.5610	-28	0
seq45_1.0	L3	5	GCC_like	444	502	12	4.250	GCCGCCGCCGCC	0.8235	0.1207	0.5526	-28	0
