path	core_start	core_end	core_length	repeat_count	insert_bp	motif_counts	exact_counts	variant_counts
seq10_14.0	0	2382	2382	686	324	CAG=188;GCC=168;GCG=106;GGC=147;CAA=77	CAA=17;CAG=39;GCC=21;GCG=21;GGC=38	CAA:AAA=6;CAA:CCA=14;CAA:CGA=13;CAA:CTA=8;CAA:GAA=15;CAA:TAA=4;CAG:AAG=9;CAG:CAC=18;CAG:CAT=11;CAG:CCG=29;CAG:CGG=26;CAG:CTG=36;CAG:GAG=19;CAG:TAG=1;GCC:ACC=21;GCC:CCC=39;GCC:GAC=10;GCC:GCA=12;GCC:GCT=17;GCC:GTC=23;GCC:TCC=25;GCG:ACG=12;GCG:GGG=28;GCG:GTG=18;GCG:TCG=27;GGC:AGC=17;GGC:CGC=30;GGC:GGA=25;GGC:GGT=15;GGC:TGC=22
seq11_3.0	0	2397	2397	691	324	CAG=192;GCC=168;GCG=106;GGC=147;CAA=78	CAA=18;CAG=38;GCC=21;GCG=21;GGC=38	CAA:AAA=6;CAA:CCA=14;CAA:CGA=13;CAA:CTA=8;CAA:GAA=15;CAA:TAA=4;CAG:AAG=9;CAG:CAC=18;CAG:CAT=11;CAG:CCG=33;CAG:CGG=26;CAG:CTG=37;CAG:GAG=19;CAG:TAG=1;GCC:ACC=21;GCC:CCC=39;GCC:GAC=10;GCC:GCA=12;GCC:GCT=17;GCC:GTC=23;GCC:TCC=25;GCG:ACG=12;GCG:GGG=28;GCG:GTG=18;GCG:TCG=27;GGC:AGC=17;GGC:CGC=30;GGC:GGA=25;GGC:GGT=15;GGC:TGC=22
seq12_1.0	0	2385	2385	687	324	CAG=188;GCC=168;GCG=106;GGC=147;CAA=78	CAA=18;CAG=39;GCC=21;GCG=21;GGC=38	CAA:AAA=6;CAA:CCA=14;CAA:CGA=13;CAA:CTA=8;CAA:GAA=15;CAA:TAA=4;CAG:AAG=9;CAG:CAC=18;CAG:CAT=11;CAG:CCG=30;CAG:CGG=26;CAG:CTG=36;CAG:GAG=18;CAG:TAG=1;GCC:ACC=21;GCC:CCC=39;GCC:GAC=10;GCC:GCA=12;GCC:GCT=17;GCC:GTC=23;GCC:TCC=25;GCG:ACG=12;GCG:GGG=28;GCG:GTG=18;GCG:TCG=27;GGC:AGC=17;GGC:CGC=30;GGC:GGA=25;GGC:GGT=15;GGC:TGC=22
seq13_1.0	0	2388	2388	688	324	CAG=189;GCC=168;GCG=106;GGC=147;CAA=78	CAA=18;CAG=38;GCC=21;GCG=21;GGC=38	CAA:AAA=6;CAA:CCA=14;CAA:CGA=13;CAA:CTA=8;CAA:GAA=15;CAA:TAA=4;CAG:AAG=9;CAG:CAC=18;CAG:CAT=11;CAG:CCG=32;CAG:CGG=26;CAG:CTG=35;CAG:GAG=19;CAG:TAG=1;GCC:ACC=21;GCC:CCC=39;GCC:GAC=10;GCC:GCA=12;GCC:GCT=17;GCC:GTC=23;GCC:TCC=25;GCG:ACG=12;GCG:GGG=28;GCG:GTG=18;GCG:TCG=27;GGC:AGC=17;GGC:CGC=30;GGC:GGA=25;GGC:GGT=15;GGC:TGC=22
seq14_4.0	0	2385	2385	687	324	CAG=189;GCC=168;GCG=106;GGC=147;CAA=77	CAA=17;CAG=39;GCC=21;GCG=21;GGC=38	CAA:AAA=6;CAA:CCA=14;CAA:CGA=13;CAA:CTA=8;CAA:GAA=15;CAA:TAA=4;CAG:AAG=9;CAG:CAC=18;CAG:CAT=11;CAG:CCG=30;CAG:CGG=26;CAG:CTG=36;CAG:GAG=19;CAG:TAG=1;GCC:ACC=21;GCC:CCC=39;GCC:GAC=10;GCC:GCA=12;GCC:GCT=17;GCC:GTC=23;GCC:TCC=25;GCG:ACG=12;GCG:GGG=28;GCG:GTG=18;GCG:TCG=27;GGC:AGC=17;GGC:CGC=30;GGC:GGA=25;GGC:GGT=15;GGC:TGC=22
seq15_1.0	0	2388	2388	688	324	CAG=189;GCC=168;GCG=106;GGC=148;CAA=77	CAA=18;CAG=39;GCC=21;GCG=21;GGC=38	CAA:AAA=6;CAA:CCA=14;CAA:CGA=12;CAA:CTA=8;CAA:GAA=15;CAA:TAA=4;CAG:AAG=8;CAG:CAC=18;CAG:CAT=11;CAG:CCG=30;CAG:CGG=26;CAG:CTG=36;CAG:GAG=20;CAG:TAG=1;GCC:ACC=21;GCC:CCC=39;GCC:GAC=10;GCC:GCA=12;GCC:GCT=17;GCC:GTC=23;GCC:TCC=25;GCG:ACG=12;GCG:GGG=28;GCG:GTG=18;GCG:TCG=27;GGC:AGC=17;GGC:CGC=30;GGC:GGA=26;GGC:GGT=15;GGC:TGC=22
seq16_1.0	0	2406	2406	694	324	CAG=196;GCC=168;GCG=106;GGC=147;CAA=77	CAA=18;CAG=43;GCC=21;GCG=21;GGC=38	CAA:AAA=6;CAA:CCA=14;CAA:CGA=12;CAA:CTA=8;CAA:GAA=15;CAA:TAA=4;CAG:AAG=9;CAG:CAC=18;CAG:CAT=11;CAG:CCG=32;CAG:CGG=26;CAG:CTG=36;CAG:GAG=20;CAG:TAG=1;GCC:ACC=21;GCC:CCC=39;GCC:GAC=10;GCC:GCA=12;GCC:GCT=17;GCC:GTC=23;GCC:TCC=25;GCG:ACG=12;GCG:GGG=28;GCG:GTG=18;GCG:TCG=27;GGC:AGC=17;GGC:CGC=30;GGC:GGA=25;GGC:GGT=15;GGC:TGC=22
seq17_3.0	0	2376	2376	684	324	CAG=185;GCC=168;GCG=106;GGC=147;CAA=78	CAA=18;CAG=38;GCC=21;GCG=21;GGC=38	CAA:AAA=6;CAA:CCA=14;CAA:CGA=13;CAA:CTA=8;CAA:GAA=15;CAA:TAA=4;CAG:AAG=9;CAG:CAC=18;CAG:CAT=11;CAG:CCG=27;CAG:CGG=26;CAG:CTG=36;CAG:GAG=19;CAG:TAG=1;GCC:ACC=21;GCC:CCC=39;GCC:GAC=10;GCC:GCA=12;GCC:GCT=17;GCC:GTC=23;GCC:TCC=25;GCG:ACG=12;GCG:GGG=28;GCG:GTG=18;GCG:TCG=27;GGC:AGC=17;GGC:CGC=30;GGC:GGA=25;GGC:GGT=15;GGC:TGC=22
seq18_3.0	0	2388	2388	688	324	CAG=190;GCC=168;GCG=105;GGC=147;CAA=78	CAA=18;CAG=39;GCC=21;GCG=21;GGC=38	CAA:AAA=6;CAA:CCA=14;CAA:CGA=12;CAA:CTA=9;CAA:GAA=15;CAA:TAA=4;CAG:AAG=9;CAG:CAC=18;CAG:CAT=11;CAG:CCG=30;CAG:CGG=26;CAG:CTG=36;CAG:GAG=20;CAG:TAG=1;GCC:ACC=21;GCC:CCC=39;GCC:GAC=10;GCC:GCA=12;GCC:GCT=17;GCC:GTC=23;GCC:TCC=25;GCG:ACG=12;GCG:GGG=28;GCG:GTG=18;GCG:TCG=26;GGC:AGC=17;GGC:CGC=30;GGC:GGA=25;GGC:GGT=15;GGC:TGC=22
seq19_13.0	0	2379	2379	685	324	CAG=186;GCC=168;GCG=106;GGC=147;CAA=78	CAA=18;CAG=36;GCC=21;GCG=21;GGC=38	CAA:AAA=6;CAA:CCA=14;CAA:CGA=13;CAA:CTA=8;CAA:GAA=15;CAA:TAA=4;CAG:AAG=9;CAG:CAC=18;CAG:CAT=11;CAG:CCG=30;CAG:CGG=26;CAG:CTG=36;CAG:GAG=19;CAG:TAG=1;GCC:ACC=21;GCC:CCC=39;GCC:GAC=10;GCC:GCA=12;GCC:GCT=17;GCC:GTC=23;GCC:TCC=25;GCG:ACG=12;GCG:GGG=28;GCG:GTG=18;GCG:TCG=27;GGC:AGC=17;GGC:CGC=30;GGC:GGA=25;GGC:GGT=15;GGC:TGC=22
seq1_1.0	0	2391	2391	689	324	CAG=190;GCC=168;GCG=106;GGC=147;CAA=78	CAA=18;CAG=40;GCC=21;GCG=21;GGC=38	CAA:AAA=6;CAA:CCA=14;CAA:CGA=13;CAA:CTA=8;CAA:GAA=15;CAA:TAA=4;CAG:AAG=9;CAG:CAC=18;CAG:CAT=11;CAG:CCG=30;CAG:CGG=26;CAG:CTG=36;CAG:GAG=19;CAG:TAG=1;GCC:ACC=21;GCC:CCC=39;GCC:GAC=10;GCC:GCA=12;GCC:GCT=17;GCC:GTC=23;GCC:TCC=25;GCG:ACG=12;GCG:GGG=28;GCG:GTG=18;GCG:TCG=27;GGC:AGC=17;GGC:CGC=30;GGC:GGA=25;GGC:GGT=15;GGC:TGC=22
seq1_65.5	0	2385	2385	687	324	CAG=188;GCC=168;GCG=106;GGC=147;CAA=78	CAA=18;CAG=38;GCC=21;GCG=21;GGC=38	CAA:AAA=6;CAA:CCA=14;CAA:CGA=13;CAA:CTA=8;CAA:GAA=15;CAA:TAA=4;CAG:AAG=9;CAG:CAC=18;CAG:CAT=11;CAG:CCG=31;CAG:CGG=26;CAG:CTG=35;CAG:GAG=19;CAG:TAG=1;GCC:ACC=21;GCC:CCC=39;GCC:GAC=10;GCC:GCA=12;GCC:GCT=17;GCC:GTC=23;GCC:TCC=25;GCG:ACG=12;GCG:GGG=28;GCG:GTG=18;GCG:TCG=27;GGC:AGC=17;GGC:CGC=30;GGC:GGA=25;GGC:GGT=15;GGC:TGC=22
seq20_1.0	0	2388	2388	688	324	CAG=190;GCC=168;GCG=106;GGC=147;CAA=77	CAA=17;CAG=40;GCC=21;GCG=21;GGC=38	CAA:AAA=6;CAA:CCA=14;CAA:CGA=13;CAA:CTA=8;CAA:GAA=15;CAA:TAA=4;CAG:AAG=9;CAG:CAC=18;CAG:CAT=11;CAG:CCG=30;CAG:CGG=26;CAG:CTG=36;CAG:GAG=19;CAG:TAG=1;GCC:ACC=21;GCC:CCC=39;GCC:GAC=10;GCC:GCA=12;GCC:GCT=17;GCC:GTC=23;GCC:TCC=25;GCG:ACG=12;GCG:GGG=28;GCG:GTG=18;GCG:TCG=27;GGC:AGC=17;GGC:CGC=30;GGC:GGA=25;GGC:GGT=15;GGC:TGC=22
seq21_1.0	0	2382	2382	686	324	CAG=187;GCC=168;GCG=106;GGC=147;CAA=78	CAA=18;CAG=37;GCC=21;GCG=21;GGC=38	CAA:AAA=6;CAA:CCA=14;CAA:CGA=13;CAA:CTA=8;CAA:GAA=15;CAA:TAA=4;CAG:AAG=9;CAG:CAC=18;CAG:CAT=11;CAG:CCG=30;CAG:CGG=26;CAG:CTG=36;CAG:GAG=19;CAG:TAG=1;GCC:ACC=21;GCC:CCC=39;GCC:GAC=10;GCC:GCA=12;GCC:GCT=17;GCC:GTC=23;GCC:TCC=25;GCG:ACG=12;GCG:GGG=28;GCG:GTG=18;GCG:TCG=27;GGC:AGC=17;GGC:CGC=30;GGC:GGA=25;GGC:GGT=15;GGC:TGC=22
seq22_2.0	0	2388	2388	688	324	CAG=188;GCC=168;GCG=106;GGC=147;CAA=79	CAA=19;CAG=38;GCC=21;GCG=21;GGC=38	CAA:AAA=6;CAA:CCA=14;CAA:CGA=13;CAA:CTA=8;CAA:GAA=15;CAA:TAA=4;CAG:AAG=9;CAG:CAC=18;CAG:CAT=11;CAG:CCG=30;CAG:CGG=26;CAG:CTG=36;CAG:GAG=19;CAG:TAG=1;GCC:ACC=21;GCC:CCC=39;GCC:GAC=10;GCC:GCA=12;GCC:GCT=17;GCC:GTC=23;GCC:TCC=25;GCG:ACG=12;GCG:GGG=28;GCG:GTG=18;GCG:TCG=27;GGC:AGC=17;GGC:CGC=30;GGC:GGA=25;GGC:GGT=15;GGC:TGC=22
seq23_12.0	0	2388	2388	688	324	CAG=189;GCC=168;GCG=106;GGC=147;CAA=78	CAA=18;CAG=39;GCC=21;GCG=21;GGC=38	CAA:AAA=6;CAA:CCA=14;CAA:CGA=13;CAA:CTA=8;CAA:GAA=15;CAA:TAA=4;CAG:AAG=9;CAG:CAC=18;CAG:CAT=11;CAG:CCG=30;CAG:CGG=26;CAG:CTG=36;CAG:GAG=19;CAG:TAG=1;GCC:ACC=21;GCC:CCC=39;GCC:GAC=10;GCC:GCA=12;GCC:GCT=17;GCC:GTC=23;GCC:TCC=25;GCG:ACG=12;GCG:GGG=28;GCG:GTG=18;GCG:TCG=27;GGC:AGC=17;GGC:CGC=30;GGC:GGA=25;GGC:GGT=15;GGC:TGC=22
seq24_1.0	0	2385	2385	687	324	CAG=186;GCC=168;GCG=107;GGC=148;CAA=78	CAA=18;CAG=38;GCC=21;GCG=21;GGC=39	CAA:AAA=6;CAA:CCA=14;CAA:CGA=13;CAA:CTA=8;CAA:GAA=15;CAA:TAA=4;CAG:AAG=9;CAG:CAC=17;CAG:CAT=11;CAG:CCG=30;CAG:CGG=26;CAG:CTG=35;CAG:GAG=19;CAG:TAG=1;GCC:ACC=21;GCC:CCC=39;GCC:GAC=10;GCC:GCA=12;GCC:GCT=17;GCC:GTC=23;GCC:TCC=25;GCG:ACG=13;GCG:GGG=27;GCG:GTG=19;GCG:TCG=27;GGC:AGC=17;GGC:CGC=30;GGC:GGA=25;GGC:GGT=15;GGC:TGC=22
seq25_2.0	0	2388	2388	687	327	CAG=190;GCC=168;GCG=107;GGC=144;CAA=78	CAA=18;CAG=39;GCC=21;GCG=22;GGC=38	CAA:AAA=5;CAA:CCA=15;CAA:CGA=12;CAA:CTA=8;CAA:GAA=16;CAA:TAA=4;CAG:AAG=9;CAG:CAC=18;CAG:CAT=11;CAG:CCG=30;CAG:CGG=26;CAG:CTG=36;CAG:GAG=20;CAG:TAG=1;GCC:ACC=21;GCC:CCC=38;GCC:GAC=10;GCC:GCA=12;GCC:GCT=17;GCC:GTC=24;GCC:TCC=25;GCG:ACG=12;GCG:GGG=28;GCG:GTG=18;GCG:TCG=27;GGC:AGC=16;GGC:CGC=30;GGC:GGA=24;GGC:GGT=15;GGC:TGC=21
seq26_1.0	0	2394	2394	690	324	CAG=191;GCC=168;GCG=106;GGC=147;CAA=78	CAA=18;CAG=41;GCC=21;GCG=21;GGC=38	CAA:AAA=6;CAA:CCA=14;CAA:CGA=13;CAA:CTA=8;CAA:GAA=15;CAA:TAA=4;CAG:AAG=9;CAG:CAC=18;CAG:CAT=11;CAG:CCG=30;CAG:CGG=26;CAG:CTG=36;CAG:GAG=19;CAG:TAG=1;GCC:ACC=21;GCC:CCC=39;GCC:GAC=10;GCC:GCA=12;GCC:GCT=17;GCC:GTC=23;GCC:TCC=25;GCG:ACG=12;GCG:GGG=28;GCG:GTG=18;GCG:TCG=27;GGC:AGC=17;GGC:CGC=30;GGC:GGA=25;GGC:GGT=15;GGC:TGC=22
seq27_3.0	0	2385	2385	687	324	CAG=187;GCC=168;GCG=106;GGC=147;CAA=79	CAA=19;CAG=37;GCC=21;GCG=21;GGC=38	CAA:AAA=6;CAA:CCA=14;CAA:CGA=13;CAA:CTA=8;CAA:GAA=15;CAA:TAA=4;CAG:AAG=9;CAG:CAC=18;CAG:CAT=11;CAG:CCG=30;CAG:CGG=26;CAG:CTG=36;CAG:GAG=19;CAG:TAG=1;GCC:ACC=21;GCC:CCC=39;GCC:GAC=10;GCC:GCA=12;GCC:GCT=17;GCC:GTC=23;GCC:TCC=25;GCG:ACG=12;GCG:GGG=28;GCG:GTG=18;GCG:TCG=27;GGC:AGC=17;GGC:CGC=30;GGC:GGA=25;GGC:GGT=15;GGC:TGC=22
seq28_3.0	0	2385	2385	687	324	CAG=188;GCC=169;GCG=106;GGC=146;CAA=78	CAA=18;CAG=38;GCC=21;GCG=21;GGC=38	CAA:AAA=6;CAA:CCA=14;CAA:CGA=13;CAA:CTA=8;CAA:GAA=15;CAA:TAA=4;CAG:AAG=9;CAG:CAC=18;CAG:CAT=11;CAG:CCG=31;CAG:CGG=26;CAG:CTG=35;CAG:GAG=19;CAG:TAG=1;GCC:ACC=21;GCC:CCC=39;GCC:GAC=11;GCC:GCA=12;GCC:GCT=17;GCC:GTC=23;GCC:TCC=25;GCG:ACG=12;GCG:GGG=28;GCG:GTG=18;GCG:TCG=27;GGC:AGC=17;GGC:CGC=30;GGC:GGA=24;GGC:GGT=15;GGC:TGC=22
seq29_1.0	0	2391	2391	688	327	CAG=190;GCC=166;GCG=107;GGC=148;CAA=77	CAA=17;CAG=41;GCC=21;GCG=21;GGC=38	CAA:AAA=6;CAA:CCA=14;CAA:CGA=13;CAA:CTA=8;CAA:GAA=15;CAA:TAA=4;CAG:AAG=9;CAG:CAC=18;CAG:CAT=11;CAG:CCG=30;CAG:CGG=26;CAG:CTG=36;CAG:GAG=18;CAG:TAG=1;GCC:ACC=20;GCC:CCC=39;GCC:GAC=10;GCC:GCA=12;GCC:GCT=17;GCC:GTC=22;GCC:TCC=25;GCG:ACG=12;GCG:GGG=28;GCG:GTG=18;GCG:TCG=28;GGC:AGC=18;GGC:CGC=30;GGC:GGA=25;GGC:GGT=15;GGC:TGC=22
seq2_1.0	0	2388	2388	688	324	CAG=190;GCC=168;GCG=106;GGC=147;CAA=77	CAA=18;CAG=39;GCC=21;GCG=21;GGC=38	CAA:AAA=6;CAA:CCA=14;CAA:CGA=12;CAA:CTA=8;CAA:GAA=15;CAA:TAA=4;CAG:AAG=9;CAG:CAC=18;CAG:CAT=11;CAG:CCG=30;CAG:CGG=26;CAG:CTG=36;CAG:GAG=20;CAG:TAG=1;GCC:ACC=21;GCC:CCC=39;GCC:GAC=10;GCC:GCA=12;GCC:GCT=17;GCC:GTC=23;GCC:TCC=25;GCG:ACG=12;GCG:GGG=28;GCG:GTG=18;GCG:TCG=27;GGC:AGC=17;GGC:CGC=30;GGC:GGA=25;GGC:GGT=15;GGC:TGC=22
seq2_161.5	0	2388	2388	688	324	CAG=190;GCC=168;GCG=106;GGC=147;CAA=77	CAA=18;CAG=39;GCC=21;GCG=21;GGC=38	CAA:AAA=6;CAA:CCA=14;CAA:CGA=12;CAA:CTA=8;CAA:GAA=15;CAA:TAA=4;CAG:AAG=9;CAG:CAC=18;CAG:CAT=11;CAG:CCG=30;CAG:CGG=26;CAG:CTG=36;CAG:GAG=20;CAG:TAG=1;GCC:ACC=21;GCC:CCC=39;GCC:GAC=10;GCC:GCA=12;GCC:GCT=17;GCC:GTC=23;GCC:TCC=25;GCG:ACG=12;GCG:GGG=28;GCG:GTG=18;GCG:TCG=27;GGC:AGC=17;GGC:CGC=30;GGC:GGA=25;GGC:GGT=15;GGC:TGC=22
seq30_1.0	0	2388	2388	688	324	CAG=190;GCC=168;GCG=106;GGC=147;CAA=77	CAA=17;CAG=41;GCC=21;GCG=21;GGC=38	CAA:AAA=6;CAA:CCA=14;CAA:CGA=13;CAA:CTA=8;CAA:GAA=15;CAA:TAA=4;CAG:AAG=9;CAG:CAC=18;CAG:CAT=11;CAG:CCG=29;CAG:CGG=26;CAG:CTG=36;CAG:GAG=19;CAG:TAG=1;GCC:ACC=21;GCC:CCC=39;GCC:GAC=10;GCC:GCA=12;GCC:GCT=17;GCC:GTC=23;GCC:TCC=25;GCG:ACG=12;GCG:GGG=28;GCG:GTG=18;GCG:TCG=27;GGC:AGC=17;GGC:CGC=30;GGC:GGA=25;GGC:GGT=15;GGC:TGC=22
seq31_1.0	0	2373	2373	683	324	CAG=186;GCC=168;GCG=106;GGC=147;CAA=76	CAA=17;CAG=35;GCC=21;GCG=21;GGC=38	CAA:AAA=6;CAA:CCA=14;CAA:CGA=12;CAA:CTA=8;CAA:GAA=15;CAA:TAA=4;CAG:AAG=9;CAG:CAC=18;CAG:CAT=11;CAG:CCG=30;CAG:CGG=26;CAG:CTG=36;CAG:GAG=20;CAG:TAG=1;GCC:ACC=21;GCC:CCC=39;GCC:GAC=10;GCC:GCA=12;GCC:GCT=17;GCC:GTC=23;GCC:TCC=25;GCG:ACG=12;GCG:GGG=28;GCG:GTG=18;GCG:TCG=27;GGC:AGC=17;GGC:CGC=30;GGC:GGA=25;GGC:GGT=15;GGC:TGC=22
seq32_1.0	0	2376	2376	684	324	CAG=190;GCC=166;GCG=104;GGC=147;CAA=77	CAA=18;CAG=39;GCC=21;GCG=19;GGC=38	CAA:AAA=6;CAA:CCA=14;CAA:CGA=12;CAA:CTA=8;CAA:GAA=15;CAA:TAA=4;CAG:AAG=9;CAG:CAC=18;CAG:CAT=11;CAG:CCG=30;CAG:CGG=26;CAG:CTG=36;CAG:GAG=20;CAG:TAG=1;GCC:ACC=21;GCC:CCC=39;GCC:GAC=10;GCC:GCA=10;GCC:GCT=17;GCC:GTC=23;GCC:TCC=25;GCG:ACG=12;GCG:GGG=28;GCG:GTG=18;GCG:TCG=27;GGC:AGC=17;GGC:CGC=30;GGC:GGA=25;GGC:GGT=15;GGC:TGC=22
seq33_2.0	0	2397	2397	691	324	CAG=193;GCC=168;GCG=106;GGC=147;CAA=77	CAA=18;CAG=42;GCC=21;GCG=21;GGC=38	CAA:AAA=6;CAA:CCA=14;CAA:CGA=12;CAA:CTA=8;CAA:GAA=15;CAA:TAA=4;CAG:AAG=9;CAG:CAC=18;CAG:CAT=11;CAG:CCG=30;CAG:CGG=26;CAG:CTG=36;CAG:GAG=20;CAG:TAG=1;GCC:ACC=21;GCC:CCC=39;GCC:GAC=10;GCC:GCA=12;GCC:GCT=17;GCC:GTC=23;GCC:TCC=25;GCG:ACG=12;GCG:GGG=28;GCG:GTG=18;GCG:TCG=27;GGC:AGC=17;GGC:CGC=30;GGC:GGA=25;GGC:GGT=15;GGC:TGC=22
seq34_1.0	0	2394	2394	690	324	CAG=191;GCC=168;GCG=106;GGC=147;CAA=78	CAA=18;CAG=40;GCC=21;GCG=21;GGC=38	CAA:AAA=6;CAA:CCA=14;CAA:CGA=13;CAA:CTA=8;CAA:GAA=15;CAA:TAA=4;CAG:AAG=9;CAG:CAC=18;CAG:CAT=11;CAG:CCG=31;CAG:CGG=26;CAG:CTG=36;CAG:GAG=19;CAG:TAG=1;GCC:ACC=21;GCC:CCC=39;GCC:GAC=10;GCC:GCA=12;GCC:GCT=17;GCC:GTC=23;GCC:TCC=25;GCG:ACG=12;GCG:GGG=28;GCG:GTG=18;GCG:TCG=27;GGC:AGC=17;GGC:CGC=30;GGC:GGA=25;GGC:GGT=15;GGC:TGC=22
seq35_1.0	0	2391	2391	688	327	CAG=191;GCC=166;GCG=107;GGC=148;CAA=76	CAA=16;CAG=42;GCC=21;GCG=21;GGC=38	CAA:AAA=6;CAA:CCA=14;CAA:CGA=13;CAA:CTA=8;CAA:GAA=15;CAA:TAA=4;CAG:AAG=9;CAG:CAC=18;CAG:CAT=11;CAG:CCG=30;CAG:CGG=26;CAG:CTG=36;CAG:GAG=18;CAG:TAG=1;GCC:ACC=20;GCC:CCC=39;GCC:GAC=10;GCC:GCA=12;GCC:GCT=17;GCC:GTC=22;GCC:TCC=25;GCG:ACG=12;GCG:GGG=28;GCG:GTG=18;GCG:TCG=28;GGC:AGC=18;GGC:CGC=30;GGC:GGA=25;GGC:GGT=15;GGC:TGC=22
seq36_1.0	0	2385	2385	687	324	CAG=188;GCC=168;GCG=106;GGC=148;CAA=77	CAA=18;CAG=38;GCC=20;GCG=21;GGC=38	CAA:AAA=6;CAA:CCA=13;CAA:CGA=13;CAA:CTA=8;CAA:GAA=15;CAA:TAA=4;CAG:AAG=9;CAG:CAC=19;CAG:CAT=11;CAG:CCG=30;CAG:CGG=26;CAG:CTG=35;CAG:GAG=19;CAG:TAG=1;GCC:ACC=21;GCC:CCC=39;GCC:GAC=10;GCC:GCA=12;GCC:GCT=18;GCC:GTC=23;GCC:TCC=25;GCG:ACG=12;GCG:GGG=28;GCG:GTG=18;GCG:TCG=27;GGC:AGC=17;GGC:CGC=30;GGC:GGA=25;GGC:GGT=15;GGC:TGC=23
seq37_1.0	0	2391	2391	689	324	CAG=191;GCC=168;GCG=106;GGC=147;CAA=77	CAA=18;CAG=39;GCC=21;GCG=21;GGC=38	CAA:AAA=6;CAA:CCA=14;CAA:CGA=12;CAA:CTA=8;CAA:GAA=15;CAA:TAA=4;CAG:AAG=9;CAG:CAC=18;CAG:CAT=11;CAG:CCG=31;CAG:CGG=26;CAG:CTG=36;CAG:GAG=20;CAG:TAG=1;GCC:ACC=21;GCC:CCC=39;GCC:GAC=10;GCC:GCA=12;GCC:GCT=17;GCC:GTC=23;GCC:TCC=25;GCG:ACG=12;GCG:GGG=28;GCG:GTG=18;GCG:TCG=27;GGC:AGC=17;GGC:CGC=30;GGC:GGA=25;GGC:GGT=15;GGC:TGC=22
seq38_1.0	0	2400	2400	692	324	CAG=194;GCC=168;GCG=106;GGC=147;CAA=77	CAA=18;CAG=43;GCC=21;GCG=21;GGC=38	CAA:AAA=6;CAA:CCA=14;CAA:CGA=12;CAA:CTA=8;CAA:GAA=15;CAA:TAA=4;CAG:AAG=9;CAG:CAC=18;CAG:CAT=11;CAG:CCG=30;CAG:CGG=26;CAG:CTG=36;CAG:GAG=20;CAG:TAG=1;GCC:ACC=21;GCC:CCC=39;GCC:GAC=10;GCC:GCA=12;GCC:GCT=17;GCC:GTC=23;GCC:TCC=25;GCG:ACG=12;GCG:GGG=28;GCG:GTG=18;GCG:TCG=27;GGC:AGC=17;GGC:CGC=30;GGC:GGA=25;GGC:GGT=15;GGC:TGC=22
seq39_1.0	0	2379	2379	685	324	CAG=185;GCC=167;GCG=106;GGC=148;CAA=79	CAA=18;CAG=36;GCC=21;GCG=20;GGC=38	CAA:AAA=6;CAA:CCA=14;CAA:CGA=14;CAA:CTA=8;CAA:GAA=15;CAA:TAA=4;CAG:AAG=9;CAG:CAC=18;CAG:CAT=11;CAG:CCG=29;CAG:CGG=26;CAG:CTG=36;CAG:GAG=19;CAG:TAG=1;GCC:ACC=20;GCC:CCC=39;GCC:GAC=10;GCC:GCA=12;GCC:GCT=17;GCC:GTC=23;GCC:TCC=25;GCG:ACG=12;GCG:GGG=28;GCG:GTG=18;GCG:TCG=28;GGC:AGC=17;GGC:CGC=31;GGC:GGA=25;GGC:GGT=15;GGC:TGC=22
seq3_107.0	0	2385	2385	687	324	CAG=188;GCC=168;GCG=106;GGC=147;CAA=78	CAA=18;CAG=38;GCC=21;GCG=21;GGC=38	CAA:AAA=6;CAA:CCA=14;CAA:CGA=13;CAA:CTA=8;CAA:GAA=15;CAA:TAA=4;CAG:AAG=9;CAG:CAC=18;CAG:CAT=11;CAG:CCG=30;CAG:CGG=26;CAG:CTG=36;CAG:GAG=19;CAG:TAG=1;GCC:ACC=21;GCC:CCC=39;GCC:GAC=10;GCC:GCA=12;GCC:GCT=17;GCC:GTC=23;GCC:TCC=25;GCG:ACG=12;GCG:GGG=28;GCG:GTG=18;GCG:TCG=27;GGC:AGC=17;GGC:CGC=30;GGC:GGA=25;GGC:GGT=15;GGC:TGC=22
seq40_1.0	0	2391	2391	689	324	CAG=190;GCC=168;GCG=106;GGC=147;CAA=78	CAA=18;CAG=40;GCC=21;GCG=21;GGC=38	CAA:AAA=6;CAA:CCA=14;CAA:CGA=13;CAA:CTA=8;CAA:GAA=15;CAA:TAA=4;CAG:AAG=9;CAG:CAC=18;CAG:CAT=11;CAG:CCG=30;CAG:CGG=26;CAG:CTG=36;CAG:GAG=19;CAG:TAG=1;GCC:ACC=21;GCC:CCC=39;GCC:GAC=10;GCC:GCA=12;GCC:GCT=17;GCC:GTC=23;GCC:TCC=25;GCG:ACG=12;GCG:GGG=28;GCG:GTG=18;GCG:TCG=27;GGC:AGC=17;GGC:CGC=30;GGC:GGA=25;GGC:GGT=15;GGC:TGC=22
seq41_1.0	0	2382	2382	686	324	CAG=189;GCC=168;GCG=106;GGC=147;CAA=76	CAA=17;CAG=38;GCC=21;GCG=21;GGC=38	CAA:AAA=6;CAA:CCA=14;CAA:CGA=12;CAA:CTA=8;CAA:GAA=15;CAA:TAA=4;CAG:AAG=9;CAG:CAC=18;CAG:CAT=11;CAG:CCG=30;CAG:CGG=26;CAG:CTG=36;CAG:GAG=20;CAG:TAG=1;GCC:ACC=21;GCC:CCC=39;GCC:GAC=10;GCC:GCA=12;GCC:GCT=17;GCC:GTC=23;GCC:TCC=25;GCG:ACG=12;GCG:GGG=28;GCG:GTG=18;GCG:TCG=27;GGC:AGC=17;GGC:CGC=30;GGC:GGA=25;GGC:GGT=15;GGC:TGC=22
seq42_1.0	0	2385	2385	687	324	CAG=186;GCC=168;GCG=108;GGC=146;CAA=79	CAA=19;CAG=37;GCC=22;GCG=21;GGC=37	CAA:AAA=6;CAA:CCA=14;CAA:CGA=13;CAA:CTA=8;CAA:GAA=15;CAA:TAA=4;CAG:AAG=8;CAG:CAC=18;CAG:CAT=11;CAG:CCG=30;CAG:CGG=26;CAG:CTG=36;CAG:GAG=19;CAG:TAG=1;GCC:ACC=21;GCC:CCC=39;GCC:GAC=11;GCC:GCA=12;GCC:GCT=17;GCC:GTC=21;GCC:TCC=25;GCG:ACG=12;GCG:GGG=28;GCG:GTG=19;GCG:TCG=28;GGC:AGC=17;GGC:CGC=30;GGC:GGA=25;GGC:GGT=15;GGC:TGC=22
seq43_1.0	0	2388	2388	688	324	CAG=189;GCC=169;GCG=106;GGC=147;CAA=77	CAA=18;CAG=39;GCC=21;GCG=21;GGC=38	CAA:AAA=6;CAA:CCA=14;CAA:CGA=12;CAA:CTA=8;CAA:GAA=15;CAA:TAA=4;CAG:AAG=9;CAG:CAC=18;CAG:CAT=11;CAG:CCG=30;CAG:CGG=26;CAG:CTG=35;CAG:GAG=20;CAG:TAG=1;GCC:ACC=21;GCC:CCC=39;GCC:GAC=10;GCC:GCA=13;GCC:GCT=17;GCC:GTC=23;GCC:TCC=25;GCG:ACG=12;GCG:GGG=28;GCG:GTG=18;GCG:TCG=27;GGC:AGC=17;GGC:CGC=29;GGC:GGA=25;GGC:GGT=15;GGC:TGC=23
seq44_1.0	0	2382	2382	686	324	CAG=188;GCC=168;GCG=106;GGC=147;CAA=77	CAA=18;CAG=37;GCC=21;GCG=21;GGC=38	CAA:AAA=6;CAA:CCA=14;CAA:CGA=12;CAA:CTA=8;CAA:GAA=15;CAA:TAA=4;CAG:AAG=9;CAG:CAC=18;CAG:CAT=11;CAG:CCG=30;CAG:CGG=26;CAG:CTG=36;CAG:GAG=20;CAG:TAG=1;GCC:ACC=21;GCC:CCC=39;GCC:GAC=10;GCC:GCA=12;GCC:GCT=17;GCC:GTC=23;GCC:TCC=25;GCG:ACG=12;GCG:GGG=28;GCG:GTG=18;GCG:TCG=27;GGC:AGC=17;GGC:CGC=30;GGC:GGA=25;GGC:GGT=15;GGC:TGC=22
seq45_1.0	0	2379	2379	685	324	CAG=188;GCC=168;GCG=104;GGC=147;CAA=78	CAA=18;CAG=38;GCC=21;GCG=19;GGC=38	CAA:AAA=6;CAA:CCA=14;CAA:CGA=13;CAA:CTA=8;CAA:GAA=15;CAA:TAA=4;CAG:AAG=9;CAG:CAC=18;CAG:CAT=11;CAG:CCG=30;CAG:CGG=26;CAG:CTG=36;CAG:GAG=19;CAG:TAG=1;GCC:ACC=21;GCC:CCC=39;GCC:GAC=10;GCC:GCA=12;GCC:GCT=17;GCC:GTC=23;GCC:TCC=25;GCG:ACG=12;GCG:GGG=28;GCG:GTG=18;GCG:TCG=27;GGC:AGC=17;GGC:CGC=30;GGC:GGA=25;GGC:GGT=15;GGC:TGC=22
seq4_1.0	0	2385	2385	687	324	CAG=189;GCC=168;GCG=106;GGC=147;CAA=77	CAA=17;CAG=40;GCC=21;GCG=21;GGC=38	CAA:AAA=6;CAA:CCA=14;CAA:CGA=13;CAA:CTA=8;CAA:GAA=15;CAA:TAA=4;CAG:AAG=9;CAG:CAC=18;CAG:CAT=11;CAG:CCG=29;CAG:CGG=26;CAG:CTG=36;CAG:GAG=19;CAG:TAG=1;GCC:ACC=21;GCC:CCC=39;GCC:GAC=10;GCC:GCA=12;GCC:GCT=17;GCC:GTC=23;GCC:TCC=25;GCG:ACG=12;GCG:GGG=28;GCG:GTG=18;GCG:TCG=27;GGC:AGC=17;GGC:CGC=30;GGC:GGA=25;GGC:GGT=15;GGC:TGC=22
seq5_1.0	0	2388	2388	689	321	CAG=188;GCC=170;GCG=104;GGC=150;CAA=77	CAA=18;CAG=38;GCC=24;GCG=19;GGC=39	CAA:AAA=6;CAA:CCA=15;CAA:CGA=12;CAA:CTA=7;CAA:GAA=15;CAA:TAA=4;CAG:AAG=9;CAG:CAC=18;CAG:CAT=12;CAG:CCG=28;CAG:CGG=25;CAG:CTG=36;CAG:GAG=20;CAG:TAG=2;GCC:ACC=20;GCC:CCC=39;GCC:GAC=10;GCC:GCA=11;GCC:GCT=17;GCC:GTC=23;GCC:TCC=26;GCG:ACG=12;GCG:GGG=29;GCG:GTG=17;GCG:TCG=27;GGC:AGC=17;GGC:CGC=31;GGC:GGA=25;GGC:GGT=16;GGC:TGC=22
seq6_32.5	0	2391	2391	689	324	CAG=190;GCC=168;GCG=106;GGC=147;CAA=78	CAA=18;CAG=40;GCC=21;GCG=21;GGC=38	CAA:AAA=6;CAA:CCA=14;CAA:CGA=13;CAA:CTA=8;CAA:GAA=15;CAA:TAA=4;CAG:AAG=9;CAG:CAC=18;CAG:CAT=11;CAG:CCG=30;CAG:CGG=26;CAG:CTG=36;CAG:GAG=19;CAG:TAG=1;GCC:ACC=21;GCC:CCC=39;GCC:GAC=10;GCC:GCA=12;GCC:GCT=17;GCC:GTC=23;GCC:TCC=25;GCG:ACG=12;GCG:GGG=28;GCG:GTG=18;GCG:TCG=27;GGC:AGC=17;GGC:CGC=30;GGC:GGA=25;GGC:GGT=15;GGC:TGC=22
seq7_0.5	0	2388	2388	688	324	CAG=190;GCC=168;GCG=106;GGC=147;CAA=77	CAA=18;CAG=39;GCC=21;GCG=21;GGC=38	CAA:AAA=6;CAA:CCA=13;CAA:CGA=12;CAA:CTA=9;CAA:GAA=15;CAA:TAA=4;CAG:AAG=9;CAG:CAC=18;CAG:CAT=11;CAG:CCG=30;CAG:CGG=26;CAG:CTG=36;CAG:GAG=20;CAG:TAG=1;GCC:ACC=21;GCC:CCC=39;GCC:GAC=10;GCC:GCA=12;GCC:GCT=17;GCC:GTC=23;GCC:TCC=25;GCG:ACG=12;GCG:GGG=28;GCG:GTG=18;GCG:TCG=27;GGC:AGC=17;GGC:CGC=30;GGC:GGA=25;GGC:GGT=15;GGC:TGC=22
seq8_1.0	0	2412	2412	696	324	CAG=198;GCC=168;GCG=106;GGC=147;CAA=77	CAA=18;CAG=47;GCC=21;GCG=21;GGC=38	CAA:AAA=6;CAA:CCA=14;CAA:CGA=12;CAA:CTA=8;CAA:GAA=15;CAA:TAA=4;CAG:AAG=9;CAG:CAC=18;CAG:CAT=11;CAG:CCG=30;CAG:CGG=26;CAG:CTG=36;CAG:GAG=20;CAG:TAG=1;GCC:ACC=21;GCC:CCC=39;GCC:GAC=10;GCC:GCA=12;GCC:GCT=17;GCC:GTC=23;GCC:TCC=25;GCG:ACG=12;GCG:GGG=28;GCG:GTG=18;GCG:TCG=27;GGC:AGC=17;GGC:CGC=30;GGC:GGA=25;GGC:GGT=15;GGC:TGC=22
seq9_1.0	0	2382	2382	686	324	CAG=187;GCC=168;GCG=106;GGC=147;CAA=78	CAA=18;CAG=37;GCC=21;GCG=21;GGC=38	CAA:AAA=6;CAA:CCA=14;CAA:CGA=13;CAA:CTA=8;CAA:GAA=15;CAA:TAA=4;CAG:AAG=9;CAG:CAC=18;CAG:CAT=11;CAG:CCG=31;CAG:CGG=26;CAG:CTG=35;CAG:GAG=19;CAG:TAG=1;GCC:ACC=21;GCC:CCC=39;GCC:GAC=10;GCC:GCA=12;GCC:GCT=17;GCC:GTC=23;GCC:TCC=25;GCG:ACG=12;GCG:GGG=28;GCG:GTG=18;GCG:TCG=27;GGC:AGC=17;GGC:CGC=30;GGC:GGA=25;GGC:GGT=15;GGC:TGC=22
