path	path_suffix_label	core_node_start	core_node_end	core_bp	CAG_like_variable_units	GCC_like_variable_units	common_bridge_CAG_like_units	common_bridge_GCC_like_units	block_signature
seq1_1.0	1.0	13	48	227	10	9	13	18	repeat_context:59bp|CAG_like:10|bridge:108bp|GCC_like:9
seq2_1.0	1.0	13	48	224	9	9	13	18	repeat_context:59bp|CAG_like:9|bridge:108bp|GCC_like:9
seq1_65.5	65.5	13	48	221	8	9	13	18	repeat_context:59bp|CAG_like:8|bridge:108bp|GCC_like:9
seq2_161.5	161.5	13	48	224	9	9	13	18	repeat_context:59bp|CAG_like:9|bridge:108bp|GCC_like:9
seq3_107.0	107.0	13	48	221	8	9	13	18	repeat_context:59bp|CAG_like:8|bridge:108bp|GCC_like:9
seq4_1.0	1.0	13	48	221	9	8	13	18	repeat_context:59bp|CAG_like:9|bridge:108bp|GCC_like:8
seq5_1.0	1.0	13	48	224	9	9	13	18	repeat_context:59bp|CAG_like:9|bridge:108bp|GCC_like:9
seq6_32.5	32.5	13	48	227	10	9	13	18	repeat_context:59bp|CAG_like:10|bridge:108bp|GCC_like:9
seq7_0.5	0.5	13	48	224	9	9	13	18	repeat_context:59bp|CAG_like:9|bridge:108bp|GCC_like:9
seq8_1.0	1.0	13	48	248	17	9	13	18	repeat_context:59bp|CAG_like:17|bridge:108bp|GCC_like:9
seq9_1.0	1.0	13	48	218	7	9	13	18	repeat_context:59bp|CAG_like:7|bridge:108bp|GCC_like:9
seq10_14.0	14.0	13	48	218	8	8	13	18	repeat_context:59bp|CAG_like:8|bridge:108bp|GCC_like:8
seq11_3.0	3.0	13	48	233	8	13	13	18	repeat_context:59bp|CAG_like:8|bridge:108bp|GCC_like:13
seq12_1.0	1.0	13	48	221	8	9	13	18	repeat_context:59bp|CAG_like:8|bridge:108bp|GCC_like:9
seq13_1.0	1.0	13	48	224	8	10	13	18	repeat_context:59bp|CAG_like:8|bridge:108bp|GCC_like:10
seq14_4.0	4.0	13	48	221	8	9	13	18	repeat_context:59bp|CAG_like:8|bridge:108bp|GCC_like:9
seq15_1.0	1.0	13	48	224	9	9	13	18	repeat_context:59bp|CAG_like:9|bridge:108bp|GCC_like:9
seq16_1.0	1.0	13	48	242	13	11	13	18	repeat_context:59bp|CAG_like:13|bridge:108bp|GCC_like:11
seq17_3.0	3.0	13	48	212	8	6	13	18	repeat_context:59bp|CAG_like:8|bridge:108bp|GCC_like:6
seq18_3.0	3.0	13	48	224	9	9	13	18	repeat_context:59bp|CAG_like:9|bridge:108bp|GCC_like:9
seq19_13.0	13.0	13	48	215	6	9	13	18	repeat_context:59bp|CAG_like:6|bridge:108bp|GCC_like:9
seq20_1.0	1.0	13	48	224	9	9	13	18	repeat_context:59bp|CAG_like:9|bridge:108bp|GCC_like:9
seq21_1.0	1.0	13	48	218	7	9	13	18	repeat_context:59bp|CAG_like:7|bridge:108bp|GCC_like:9
seq22_2.0	2.0	13	48	224	9	9	13	18	repeat_context:59bp|CAG_like:9|bridge:108bp|GCC_like:9
seq23_12.0	12.0	13	48	224	9	9	13	18	repeat_context:59bp|CAG_like:9|bridge:108bp|GCC_like:9
seq24_1.0	1.0	13	48	221	8	9	13	18	repeat_context:59bp|CAG_like:8|bridge:108bp|GCC_like:9
seq25_2.0	2.0	13	48	224	9	9	13	18	repeat_context:59bp|CAG_like:9|bridge:108bp|GCC_like:9
seq26_1.0	1.0	13	48	230	11	9	13	18	repeat_context:59bp|CAG_like:11|bridge:108bp|GCC_like:9
seq27_3.0	3.0	13	48	221	8	9	13	18	repeat_context:59bp|CAG_like:8|bridge:108bp|GCC_like:9
seq28_3.0	3.0	13	48	221	8	9	13	18	repeat_context:59bp|CAG_like:8|bridge:108bp|GCC_like:9
seq29_1.0	1.0	13	48	227	10	9	13	18	repeat_context:59bp|CAG_like:10|bridge:108bp|GCC_like:9
seq30_1.0	1.0	13	48	224	10	8	13	18	repeat_context:59bp|CAG_like:10|bridge:108bp|GCC_like:8
seq31_1.0	1.0	13	48	209	4	9	13	18	repeat_context:59bp|CAG_like:4|bridge:108bp|GCC_like:9
seq32_1.0	1.0	13	48	212	9	9	13	18	repeat_context:47bp|CAG_like:9|bridge:108bp|GCC_like:9
seq33_2.0	2.0	13	48	233	12	9	13	18	repeat_context:59bp|CAG_like:12|bridge:108bp|GCC_like:9
seq34_1.0	1.0	13	48	230	10	10	13	18	repeat_context:59bp|CAG_like:10|bridge:108bp|GCC_like:10
seq35_1.0	1.0	13	48	227	10	9	13	18	repeat_context:59bp|CAG_like:10|bridge:108bp|GCC_like:9
seq36_1.0	1.0	13	48	221	8	9	13	18	repeat_context:59bp|CAG_like:8|bridge:108bp|GCC_like:9
seq37_1.0	1.0	13	48	227	9	10	13	18	repeat_context:59bp|CAG_like:9|bridge:108bp|GCC_like:10
seq38_1.0	1.0	13	48	236	13	9	13	18	repeat_context:59bp|CAG_like:13|bridge:108bp|GCC_like:9
seq39_1.0	1.0	13	48	215	6	9	13	18	repeat_context:59bp|CAG_like:6|bridge:108bp|GCC_like:9
seq40_1.0	1.0	13	48	227	10	9	13	18	repeat_context:59bp|CAG_like:10|bridge:108bp|GCC_like:9
seq41_1.0	1.0	13	48	218	7	9	13	18	repeat_context:59bp|CAG_like:7|bridge:108bp|GCC_like:9
seq42_1.0	1.0	13	48	221	8	9	13	18	repeat_context:59bp|CAG_like:8|bridge:108bp|GCC_like:9
seq43_1.0	1.0	13	48	224	9	9	13	18	repeat_context:59bp|CAG_like:9|bridge:108bp|GCC_like:9
seq44_1.0	1.0	13	48	218	7	9	13	18	repeat_context:59bp|CAG_like:7|bridge:108bp|GCC_like:9
seq45_1.0	1.0	13	48	215	8	9	13	18	repeat_context:53bp|CAG_like:8|bridge:108bp|GCC_like:9
