path	L1_group	L1_repeat_units	L1_variant_units	L1_inserted_bp	L1_consensus	L2_group	L2_repeat_units	L2_variant_units	L2_inserted_bp	L2_consensus	L3_group	L3_repeat_units	L3_variant_units	L3_inserted_bp	L3_consensus
seq1_1.0	GCC_like	15	2	0	GCG	CAG_like	25	6	0	CAG	GCC_like	17	6	7	GCC
seq2_1.0	GCC_like	16	3	0	GCG	CAG_like	24	6	0	CAG	GCC_like	17	6	7	GCC
seq1_65.5	GCC_like	15	2	0	GCG	CAG_like	23	6	0	CAG	GCC_like	17	5	7	GCC
seq2_161.5	GCC_like	16	3	0	GCG	CAG_like	24	6	0	CAG	GCC_like	17	6	7	GCC
seq3_107.0	GCC_like	15	2	0	GCG	CAG_like	23	6	0	CAG	GCC_like	17	6	7	GCC
seq4_1.0	GCC_like	15	2	0	GCG	CAG_like	24	5	0	CAG	GCC_like	16	6	7	GCC
seq5_1.0	GCC_like	16	3	0	GCG	CAG_like	24	6	0	CAG	GCC_like	17	6	7	GCC
seq6_32.5	GCC_like	15	2	0	GCG	CAG_like	25	6	0	CAG	GCC_like	17	6	7	GCC
seq7_0.5	GCC_like	16	3	0	GCG	CAG_like	24	6	0	CAG	GCC_like	17	6	7	GCC
seq8_1.0	GCC_like	16	3	0	GCG	CAG_like	32	6	0	CAG	GCC_like	17	6	7	GCC
seq9_1.0	GCC_like	15	2	0	GCG	CAG_like	22	6	0	CAG	GCC_like	17	5	7	GCC
seq10_14.0	GCC_like	15	2	0	GCG	CAG_like	23	5	0	CAG	GCC_like	16	6	7	GCC
seq11_3.0	GCC_like	15	2	0	GCG	CAG_like	23	6	0	CAG	GCC_like	21	7	7	GCC
seq12_1.0	GCC_like	15	2	0	GCG	CAG_like	23	6	0	CAG	GCC_like	17	6	7	GCC
seq13_1.0	GCC_like	15	2	0	GCG	CAG_like	23	6	0	CAG	GCC_like	18	5	7	GCC
seq14_4.0	GCC_like	15	2	0	GCG	CAG_like	23	5	0	CAG	GCC_like	17	6	7	GCC
seq15_1.0	GCC_like	16	3	0	GCG	CAG_like	24	6	0	CAG	GCC_like	17	6	7	GCC
seq16_1.0	GCC_like	16	3	0	GCG	CAG_like	28	6	0	CAG	GCC_like	19	6	7	GCC
seq17_3.0	GCC_like	15	2	0	GCG	CAG_like	23	6	0	CAG	GCC_like	14	6	7	GCC
seq18_3.0	GCC_like	16	3	0	GCG	CAG_like	24	6	0	CAG	GCC_like	17	6	7	GCC
seq19_13.0	GCC_like	15	2	0	GCG	CAG_like	21	6	0	CAG	GCC_like	17	6	7	GCC
seq20_1.0	GCC_like	15	2	0	GCG	CAG_like	24	5	0	CAG	GCC_like	17	6	7	GCC
seq21_1.0	GCC_like	15	2	0	GCG	CAG_like	22	6	0	CAG	GCC_like	17	6	7	GCC
seq22_2.0	GCC_like	15	2	0	GCG	CAG_like	24	7	0	CAG	GCC_like	17	6	7	GCC
seq23_12.0	GCC_like	15	2	0	GCG	CAG_like	24	6	0	CAG	GCC_like	17	6	7	GCC
seq24_1.0	GCC_like	15	2	0	GCG	CAG_like	23	6	0	CAG	GCC_like	17	6	7	GCC
seq25_2.0	GCC_like	16	3	0	GCG	CAG_like	24	6	0	CAG	GCC_like	17	6	7	GCC
seq26_1.0	GCC_like	15	2	0	GCG	CAG_like	26	6	0	CAG	GCC_like	17	6	7	GCC
seq27_3.0	GCC_like	15	2	0	GCG	CAG_like	23	7	0	CAG	GCC_like	17	6	7	GCC
seq28_3.0	GCC_like	15	2	0	GCG	CAG_like	23	6	0	CAG	GCC_like	17	5	7	GCC
seq29_1.0	GCC_like	15	2	0	GCG	CAG_like	25	6	0	CAG	GCC_like	17	6	7	GCC
seq30_1.0	GCC_like	15	2	0	GCG	CAG_like	25	5	0	CAG	GCC_like	16	6	7	GCC
seq31_1.0	GCC_like	16	3	0	GCG	CAG_like	19	5	0	CAG	GCC_like	17	6	7	GCC
seq32_1.0	GCC_like	12	1	0	GCG	CAG_like	24	6	0	CAG	GCC_like	17	6	7	GCC
seq33_2.0	GCC_like	16	3	0	GCG	CAG_like	27	6	0	CAG	GCC_like	17	6	7	GCC
seq34_1.0	GCC_like	15	2	0	GCG	CAG_like	25	6	0	CAG	GCC_like	18	6	7	GCC
seq35_1.0	GCC_like	15	2	0	GCG	CAG_like	25	5	0	CAG	GCC_like	17	6	7	GCC
seq36_1.0	GCC_like	15	2	0	GCG	CAG_like	23	6	0	CAG	GCC_like	17	6	7	GCC
seq37_1.0	GCC_like	16	3	0	GCG	CAG_like	24	6	0	CAG	GCC_like	18	6	7	GCC
seq38_1.0	GCC_like	16	3	0	GCG	CAG_like	28	6	0	CAG	GCC_like	17	6	7	GCC
seq39_1.0	GCC_like	15	2	0	GCG	CAG_like	21	6	0	CAG	GCC_like	17	6	7	GCC
seq40_1.0	GCC_like	15	2	0	GCG	CAG_like	25	6	0	CAG	GCC_like	17	6	7	GCC
seq41_1.0	GCC_like	16	3	0	GCG	CAG_like	22	5	0	CAG	GCC_like	17	6	7	GCC
seq42_1.0	GCC_like	15	2	0	GCG	CAG_like	23	6	0	CAG	GCC_like	17	6	7	GCC
seq43_1.0	GCC_like	16	3	0	GCG	CAG_like	24	6	0	CAG	GCC_like	17	6	7	GCC
seq44_1.0	GCC_like	16	3	0	GCG	CAG_like	22	6	0	CAG	GCC_like	17	6	7	GCC
seq45_1.0	GCC_like	13	2	0	GCG	CAG_like	23	6	0	CAG	GCC_like	17	6	7	GCC
