path	loop_id	block_index	group	start_bp	end_bp	repeat_units	exact_units	variant_units	inserted_bp	repeat_density	motif_identity	TRF_log_odds	selected_period	selected_consensus	period_identity	tuple_support	motif_counts	variant_counts	insertions
seq1_1.0	L1	2	GCC_like	261	306	15	13	2	0	1.0000	0.9556	43.4802	3	GCG	0.8444	0.8293	GCC:5;GCG:8	GCC>GCA:2	-
seq1_1.0	L2	3	CAG_like	306	381	25	19	6	0	1.0000	0.9200	68.4351	3	CAG	0.9200	0.7606	CAG:19	CAG>CAA:6	-
seq1_1.0	L3	5	GCC_like	456	514	17	11	6	7	0.8793	0.8824	34.4304	3	GCC	0.8235	0.6383	GCC:10;GCG:1	GCC>GCA:1;GCC>GCT:3;GCG>GTG:1;GCG>TCG:1	495:GAACAGC
seq2_1.0	L1	2	GCC_like	258	306	16	13	3	0	1.0000	0.9375	44.4847	3	GCG	0.8333	0.7955	GCC:5;GCG:8	GCC>GCA:2;GCG>GAG:1	-
seq2_1.0	L2	3	CAG_like	306	378	24	18	6	0	1.0000	0.9167	64.9456	3	CAG	0.9167	0.7500	CAG:18	CAG>CAA:6	-
seq2_1.0	L3	5	GCC_like	453	511	17	11	6	7	0.8793	0.8824	34.4304	3	GCC	0.8235	0.6383	GCC:10;GCG:1	GCC>GCA:1;GCC>GCT:3;GCG>GTG:1;GCG>TCG:1	492:GAACAGC
seq1_65.5	L1	2	GCC_like	261	306	15	13	2	0	1.0000	0.9556	43.4802	3	GCG	0.8444	0.8293	GCC:5;GCG:8	GCC>GCA:2	-
seq1_65.5	L2	3	CAG_like	306	375	23	17	6	0	1.0000	0.9130	61.4561	3	CAG	0.9130	0.7385	CAG:17	CAG>CAA:6	-
seq1_65.5	L3	5	GCC_like	450	508	17	12	5	7	0.8793	0.9020	36.9153	3	GCC	0.8431	0.6809	GCC:11;GCG:1	GCC>GCA:1;GCC>GCT:2;GCG>GTG:1;GCG>TCG:1	489:GAACAGC
seq2_161.5	L1	2	GCC_like	258	306	16	13	3	0	1.0000	0.9375	44.4847	3	GCG	0.8333	0.7955	GCC:5;GCG:8	GCC>GCA:2;GCG>GAG:1	-
seq2_161.5	L2	3	CAG_like	306	378	24	18	6	0	1.0000	0.9167	64.9456	3	CAG	0.9167	0.7500	CAG:18	CAG>CAA:6	-
seq2_161.5	L3	5	GCC_like	453	511	17	11	6	7	0.8793	0.8824	34.4304	3	GCC	0.8235	0.6383	GCC:10;GCG:1	GCC>GCA:1;GCC>GCT:3;GCG>GTG:1;GCG>TCG:1	492:GAACAGC
seq3_107.0	L1	2	GCC_like	261	306	15	13	2	0	1.0000	0.9556	43.4802	3	GCG	0.8444	0.8293	GCC:5;GCG:8	GCC>GCA:2	-
seq3_107.0	L2	3	CAG_like	306	375	23	17	6	0	1.0000	0.9130	61.4561	3	CAG	0.9130	0.7385	CAG:17	CAG>CAA:6	-
seq3_107.0	L3	5	GCC_like	450	508	17	11	6	7	0.8793	0.8824	34.4304	3	GCC	0.8235	0.6383	GCC:10;GCG:1	GCC>GCA:1;GCC>GCT:3;GCG>GTG:1;GCG>TCG:1	489:GAACAGC
seq4_1.0	L1	2	GCC_like	261	306	15	13	2	0	1.0000	0.9556	43.4802	3	GCG	0.8444	0.8293	GCC:5;GCG:8	GCC>GCA:2	-
seq4_1.0	L2	3	CAG_like	306	378	24	19	5	0	1.0000	0.9306	67.4305	3	CAG	0.9306	0.8088	CAG:19	CAG>CAA:5	-
seq4_1.0	L3	5	GCC_like	453	508	16	10	6	7	0.8727	0.8750	30.9409	3	GCC	0.8125	0.6136	GCC:9;GCG:1	GCC>GCA:1;GCC>GCT:3;GCG>GTG:1;GCG>TCG:1	489:GAACAGC
seq5_1.0	L1	2	GCC_like	258	306	16	13	3	0	1.0000	0.9375	44.4847	3	GCG	0.8333	0.7955	GCC:5;GCG:8	GCC>GCA:2;GCG>GAG:1	-
seq5_1.0	L2	3	CAG_like	306	378	24	18	6	0	1.0000	0.9167	64.9456	3	CAG	0.9167	0.7500	CAG:18	CAG>CAA:6	-
seq5_1.0	L3	5	GCC_like	453	511	17	11	6	7	0.8793	0.8824	34.4304	3	GCC	0.8235	0.6383	GCC:10;GCG:1	GCC>GCA:1;GCC>GCT:3;GCG>GTG:1;GCG>TCG:1	492:GAACAGC
seq6_32.5	L1	2	GCC_like	261	306	15	13	2	0	1.0000	0.9556	43.4802	3	GCG	0.8444	0.8293	GCC:5;GCG:8	GCC>GCA:2	-
seq6_32.5	L2	3	CAG_like	306	381	25	19	6	0	1.0000	0.9200	68.4351	3	CAG	0.9200	0.7606	CAG:19	CAG>CAA:6	-
seq6_32.5	L3	5	GCC_like	456	514	17	11	6	7	0.8793	0.8824	34.4304	3	GCC	0.8235	0.6383	GCC:10;GCG:1	GCC>GCA:1;GCC>GCT:3;GCG>GTG:1;GCG>TCG:1	495:GAACAGC
seq7_0.5	L1	2	GCC_like	258	306	16	13	3	0	1.0000	0.9375	44.4847	3	GCG	0.8333	0.7955	GCC:5;GCG:8	GCC>GCA:2;GCG>GAG:1	-
seq7_0.5	L2	3	CAG_like	306	378	24	18	6	0	1.0000	0.9167	64.9456	3	CAG	0.9167	0.7500	CAG:18	CAG>CAA:6	-
seq7_0.5	L3	5	GCC_like	453	511	17	11	6	7	0.8793	0.8824	34.4304	3	GCC	0.8235	0.6383	GCC:10;GCG:1	GCC>GCA:1;GCC>GCT:3;GCG>GTG:1;GCG>TCG:1	492:GAACAGC
seq8_1.0	L1	2	GCC_like	258	306	16	13	3	0	1.0000	0.9375	44.4847	3	GCG	0.8333	0.7955	GCC:5;GCG:8	GCC>GCA:2;GCG>GAG:1	-
seq8_1.0	L2	3	CAG_like	306	402	32	26	6	0	1.0000	0.9375	92.8612	3	CAG	0.9375	0.8152	CAG:26	CAG>CAA:6	-
seq8_1.0	L3	5	GCC_like	477	535	17	11	6	7	0.8793	0.8824	34.4304	3	GCC	0.8235	0.6383	GCC:10;GCG:1	GCC>GCA:1;GCC>GCT:3;GCG>GTG:1;GCG>TCG:1	516:GAACAGC
seq9_1.0	L1	2	GCC_like	261	306	15	13	2	0	1.0000	0.9556	43.4802	3	GCG	0.8444	0.8293	GCC:5;GCG:8	GCC>GCA:2	-
seq9_1.0	L2	3	CAG_like	306	372	22	16	6	0	1.0000	0.9091	57.9667	3	CAG	0.9091	0.7258	CAG:16	CAG>CAA:6	-
seq9_1.0	L3	5	GCC_like	447	505	17	12	5	7	0.8793	0.9020	36.9153	3	GCC	0.8431	0.6809	GCC:11;GCG:1	GCC>GCA:1;GCC>GCT:2;GCG>GTG:1;GCG>TCG:1	486:GAACAGC
seq10_14.0	L1	2	GCC_like	261	306	15	13	2	0	1.0000	0.9556	43.4802	3	GCG	0.8444	0.8293	GCC:5;GCG:8	GCC>GCA:2	-
seq10_14.0	L2	3	CAG_like	306	375	23	18	5	0	1.0000	0.9275	63.9411	3	CAG	0.9275	0.8000	CAG:18	CAG>CAA:5	-
seq10_14.0	L3	5	GCC_like	450	505	16	10	6	7	0.8727	0.8750	30.9409	3	GCC	0.8125	0.6136	GCC:9;GCG:1	GCC>GCA:1;GCC>GCT:3;GCG>GTG:1;GCG>TCG:1	486:GAACAGC
seq11_3.0	L1	2	GCC_like	261	306	15	13	2	0	1.0000	0.9556	43.4802	3	GCG	0.8444	0.8293	GCC:5;GCG:8	GCC>GCA:2	-
seq11_3.0	L2	3	CAG_like	306	375	23	17	6	0	1.0000	0.9130	61.4561	3	CAG	0.9130	0.7385	CAG:17	CAG>CAA:6	-
seq11_3.0	L3	5	GCC_like	450	520	21	14	7	7	0.9000	0.8889	45.9033	3	GCC	0.8413	0.6441	GCC:13;GCG:1	GCC>GCA:1;GCC>GCT:4;GCG>GTG:1;GCG>TCG:1	501:GAACAGC
seq12_1.0	L1	2	GCC_like	261	306	15	13	2	0	1.0000	0.9556	43.4802	3	GCG	0.8444	0.8293	GCC:5;GCG:8	GCC>GCA:2	-
seq12_1.0	L2	3	CAG_like	306	375	23	17	6	0	1.0000	0.9130	61.4561	3	CAG	0.9130	0.7385	CAG:17	CAG>CAA:6	-
seq12_1.0	L3	5	GCC_like	450	508	17	11	6	7	0.8793	0.8824	34.4304	3	GCC	0.8235	0.6383	GCC:10;GCG:1	GCC>GCA:1;GCC>GCT:3;GCG>GTG:1;GCG>TCG:1	489:GAACAGC
seq13_1.0	L1	2	GCC_like	261	306	15	13	2	0	1.0000	0.9556	43.4802	3	GCG	0.8444	0.8293	GCC:5;GCG:8	GCC>GCA:2	-
seq13_1.0	L2	3	CAG_like	306	375	23	17	6	0	1.0000	0.9130	61.4561	3	CAG	0.9130	0.7385	CAG:17	CAG>CAA:6	-
seq13_1.0	L3	5	GCC_like	450	511	18	13	5	7	0.8852	0.9074	40.4047	3	GCC	0.8519	0.7000	GCC:12;GCG:1	GCC>GCA:1;GCC>GCT:2;GCG>GTG:1;GCG>TCG:1	492:GAACAGC
seq14_4.0	L1	2	GCC_like	261	306	15	13	2	0	1.0000	0.9556	43.4802	3	GCG	0.8444	0.8293	GCC:5;GCG:8	GCC>GCA:2	-
seq14_4.0	L2	3	CAG_like	306	375	23	18	5	0	1.0000	0.9275	63.9411	3	CAG	0.9275	0.8000	CAG:18	CAG>CAA:5	-
seq14_4.0	L3	5	GCC_like	450	508	17	11	6	7	0.8793	0.8824	34.4304	3	GCC	0.8235	0.6383	GCC:10;GCG:1	GCC>GCA:1;GCC>GCT:3;GCG>GTG:1;GCG>TCG:1	489:GAACAGC
seq15_1.0	L1	2	GCC_like	258	306	16	13	3	0	1.0000	0.9375	44.4847	3	GCG	0.8333	0.7955	GCC:5;GCG:8	GCC>GCA:2;GCG>GAG:1	-
seq15_1.0	L2	3	CAG_like	306	378	24	18	6	0	1.0000	0.9167	64.9456	3	CAG	0.9167	0.7500	CAG:18	CAG>CAA:6	-
seq15_1.0	L3	5	GCC_like	453	511	17	11	6	7	0.8793	0.8824	34.4304	3	GCC	0.8235	0.6383	GCC:10;GCG:1	GCC>GCA:1;GCC>GCT:3;GCG>GTG:1;GCG>TCG:1	492:GAACAGC
seq16_1.0	L1	2	GCC_like	258	306	16	13	3	0	1.0000	0.9375	44.4847	3	GCG	0.8333	0.7955	GCC:5;GCG:8	GCC>GCA:2;GCG>GAG:1	-
seq16_1.0	L2	3	CAG_like	306	390	28	22	6	0	1.0000	0.9286	78.9034	3	CAG	0.9286	0.7875	CAG:22	CAG>CAA:6	-
seq16_1.0	L3	5	GCC_like	465	529	19	13	6	7	0.8906	0.8947	41.4093	3	GCC	0.8421	0.6792	GCC:12;GCG:1	GCC>GCA:1;GCC>GCT:3;GCG>GTG:1;GCG>TCG:1	510:GAACAGC
seq17_3.0	L1	2	GCC_like	261	306	15	13	2	0	1.0000	0.9556	43.4802	3	GCG	0.8444	0.8293	GCC:5;GCG:8	GCC>GCA:2	-
seq17_3.0	L2	3	CAG_like	306	375	23	17	6	0	1.0000	0.9130	61.4561	3	CAG	0.9130	0.7385	CAG:17	CAG>CAA:6	-
seq17_3.0	L3	5	GCC_like	450	499	14	8	6	7	0.8571	0.8571	23.9620	3	GCC	0.7857	0.5526	GCC:7;GCG:1	GCC>GCA:1;GCC>GCT:3;GCG>GTG:1;GCG>TCG:1	480:GAACAGC
seq18_3.0	L1	2	GCC_like	258	306	16	13	3	0	1.0000	0.9375	44.4847	3	GCG	0.8333	0.7955	GCC:5;GCG:8	GCC>GCA:2;GCG>GAG:1	-
seq18_3.0	L2	3	CAG_like	306	378	24	18	6	0	1.0000	0.9167	64.9456	3	CAG	0.9167	0.7500	CAG:18	CAG>CAA:6	-
seq18_3.0	L3	5	GCC_like	453	511	17	11	6	7	0.8793	0.8824	34.4304	3	GCC	0.8235	0.6383	GCC:10;GCG:1	GCC>GCA:1;GCC>GCT:3;GCG>GTG:1;GCG>TCG:1	492:GAACAGC
seq19_13.0	L1	2	GCC_like	261	306	15	13	2	0	1.0000	0.9556	43.4802	3	GCG	0.8444	0.8293	GCC:5;GCG:8	GCC>GCA:2	-
seq19_13.0	L2	3	CAG_like	306	369	21	15	6	0	1.0000	0.9048	54.4772	3	CAG	0.9048	0.7119	CAG:15	CAG>CAA:6	-
seq19_13.0	L3	5	GCC_like	444	502	17	11	6	7	0.8793	0.8824	34.4304	3	GCC	0.8235	0.6383	GCC:10;GCG:1	GCC>GCA:1;GCC>GCT:3;GCG>GTG:1;GCG>TCG:1	483:GAACAGC
seq20_1.0	L1	2	GCC_like	261	306	15	13	2	0	1.0000	0.9556	43.4802	3	GCG	0.8444	0.8293	GCC:5;GCG:8	GCC>GCA:2	-
seq20_1.0	L2	3	CAG_like	306	378	24	19	5	0	1.0000	0.9306	67.4305	3	CAG	0.9306	0.8088	CAG:19	CAG>CAA:5	-
seq20_1.0	L3	5	GCC_like	453	511	17	11	6	7	0.8793	0.8824	34.4304	3	GCC	0.8235	0.6383	GCC:10;GCG:1	GCC>GCA:1;GCC>GCT:3;GCG>GTG:1;GCG>TCG:1	492:GAACAGC
seq21_1.0	L1	2	GCC_like	261	306	15	13	2	0	1.0000	0.9556	43.4802	3	GCG	0.8444	0.8293	GCC:5;GCG:8	GCC>GCA:2	-
seq21_1.0	L2	3	CAG_like	306	372	22	16	6	0	1.0000	0.9091	57.9667	3	CAG	0.9091	0.7258	CAG:16	CAG>CAA:6	-
seq21_1.0	L3	5	GCC_like	447	505	17	11	6	7	0.8793	0.8824	34.4304	3	GCC	0.8235	0.6383	GCC:10;GCG:1	GCC>GCA:1;GCC>GCT:3;GCG>GTG:1;GCG>TCG:1	486:GAACAGC
seq22_2.0	L1	2	GCC_like	261	306	15	13	2	0	1.0000	0.9556	43.4802	3	GCG	0.8444	0.8293	GCC:5;GCG:8	GCC>GCA:2	-
seq22_2.0	L2	3	CAG_like	306	378	24	17	7	0	1.0000	0.9028	62.4607	3	CAG	0.9028	0.6912	CAG:17	CAG>CAA:7	-
seq22_2.0	L3	5	GCC_like	453	511	17	11	6	7	0.8793	0.8824	34.4304	3	GCC	0.8235	0.6383	GCC:10;GCG:1	GCC>GCA:1;GCC>GCT:3;GCG>GTG:1;GCG>TCG:1	492:GAACAGC
seq23_12.0	L1	2	GCC_like	261	306	15	13	2	0	1.0000	0.9556	43.4802	3	GCG	0.8444	0.8293	GCC:5;GCG:8	GCC>GCA:2	-
seq23_12.0	L2	3	CAG_like	306	378	24	18	6	0	1.0000	0.9167	64.9456	3	CAG	0.9167	0.7500	CAG:18	CAG>CAA:6	-
seq23_12.0	L3	5	GCC_like	453	511	17	11	6	7	0.8793	0.8824	34.4304	3	GCC	0.8235	0.6383	GCC:10;GCG:1	GCC>GCA:1;GCC>GCT:3;GCG>GTG:1;GCG>TCG:1	492:GAACAGC
seq24_1.0	L1	2	GCC_like	261	306	15	13	2	0	1.0000	0.9556	43.4802	3	GCG	0.8444	0.8293	GCC:5;GCG:8	GCC>GCA:2	-
seq24_1.0	L2	3	CAG_like	306	375	23	17	6	0	1.0000	0.9130	61.4561	3	CAG	0.9130	0.7385	CAG:17	CAG>CAA:6	-
seq24_1.0	L3	5	GCC_like	450	508	17	11	6	7	0.8793	0.8824	34.4304	3	GCC	0.8235	0.6383	GCC:10;GCG:1	GCC>GCA:1;GCC>GCT:3;GCG>GTG:1;GCG>TCG:1	489:GAACAGC
seq25_2.0	L1	2	GCC_like	258	306	16	13	3	0	1.0000	0.9375	44.4847	3	GCG	0.8333	0.7955	GCC:5;GCG:8	GCC>GCA:2;GCG>GAG:1	-
seq25_2.0	L2	3	CAG_like	306	378	24	18	6	0	1.0000	0.9167	64.9456	3	CAG	0.9167	0.7500	CAG:18	CAG>CAA:6	-
seq25_2.0	L3	5	GCC_like	453	511	17	11	6	7	0.8793	0.8824	34.4304	3	GCC	0.8235	0.6383	GCC:10;GCG:1	GCC>GCA:1;GCC>GCT:3;GCG>GTG:1;GCG>TCG:1	492:GAACAGC
seq26_1.0	L1	2	GCC_like	261	306	15	13	2	0	1.0000	0.9556	43.4802	3	GCG	0.8444	0.8293	GCC:5;GCG:8	GCC>GCA:2	-
seq26_1.0	L2	3	CAG_like	306	384	26	20	6	0	1.0000	0.9231	71.9245	3	CAG	0.9231	0.7703	CAG:20	CAG>CAA:6	-
seq26_1.0	L3	5	GCC_like	459	517	17	11	6	7	0.8793	0.8824	34.4304	3	GCC	0.8235	0.6383	GCC:10;GCG:1	GCC>GCA:1;GCC>GCT:3;GCG>GTG:1;GCG>TCG:1	498:GAACAGC
seq27_3.0	L1	2	GCC_like	261	306	15	13	2	0	1.0000	0.9556	43.4802	3	GCG	0.8444	0.8293	GCC:5;GCG:8	GCC>GCA:2	-
seq27_3.0	L2	3	CAG_like	306	375	23	16	7	0	1.0000	0.8986	58.9712	3	CAG	0.8986	0.6769	CAG:16	CAG>CAA:7	-
seq27_3.0	L3	5	GCC_like	450	508	17	11	6	7	0.8793	0.8824	34.4304	3	GCC	0.8235	0.6383	GCC:10;GCG:1	GCC>GCA:1;GCC>GCT:3;GCG>GTG:1;GCG>TCG:1	489:GAACAGC
seq28_3.0	L1	2	GCC_like	261	306	15	13	2	0	1.0000	0.9556	43.4802	3	GCG	0.8444	0.8293	GCC:5;GCG:8	GCC>GCA:2	-
seq28_3.0	L2	3	CAG_like	306	375	23	17	6	0	1.0000	0.9130	61.4561	3	CAG	0.9130	0.7385	CAG:17	CAG>CAA:6	-
seq28_3.0	L3	5	GCC_like	450	508	17	12	5	7	0.8793	0.9020	36.9153	3	GCC	0.8431	0.6809	GCC:11;GCG:1	GCC>GCA:1;GCC>GCT:2;GCG>GTG:1;GCG>TCG:1	489:GAACAGC
seq29_1.0	L1	2	GCC_like	261	306	15	13	2	0	1.0000	0.9556	43.4802	3	GCG	0.8444	0.8293	GCC:5;GCG:8	GCC>GCA:2	-
seq29_1.0	L2	3	CAG_like	306	381	25	19	6	0	1.0000	0.9200	68.4351	3	CAG	0.9200	0.7606	CAG:19	CAG>CAA:6	-
seq29_1.0	L3	5	GCC_like	456	514	17	11	6	7	0.8793	0.8824	34.4304	3	GCC	0.8235	0.6383	GCC:10;GCG:1	GCC>GCA:1;GCC>GCT:3;GCG>GTG:1;GCG>TCG:1	495:GAACAGC
seq30_1.0	L1	2	GCC_like	261	306	15	13	2	0	1.0000	0.9556	43.4802	3	GCG	0.8444	0.8293	GCC:5;GCG:8	GCC>GCA:2	-
seq30_1.0	L2	3	CAG_like	306	381	25	20	5	0	1.0000	0.9333	70.9200	3	CAG	0.9333	0.8169	CAG:20	CAG>CAA:5	-
seq30_1.0	L3	5	GCC_like	456	511	16	10	6	7	0.8727	0.8750	30.9409	3	GCC	0.8125	0.6136	GCC:9;GCG:1	GCC>GCA:1;GCC>GCT:3;GCG>GTG:1;GCG>TCG:1	492:GAACAGC
seq31_1.0	L1	2	GCC_like	258	306	16	13	3	0	1.0000	0.9375	44.4847	3	GCG	0.8333	0.7955	GCC:5;GCG:8	GCC>GCA:2;GCG>GAG:1	-
seq31_1.0	L2	3	CAG_like	306	363	19	14	5	0	1.0000	0.9123	49.9832	3	CAG	0.9123	0.7547	CAG:14	CAG>CAA:5	-
seq31_1.0	L3	5	GCC_like	438	496	17	11	6	7	0.8793	0.8824	34.4304	3	GCC	0.8235	0.6383	GCC:10;GCG:1	GCC>GCA:1;GCC>GCT:3;GCG>GTG:1;GCG>TCG:1	477:GAACAGC
seq32_1.0	L1	2	GCC_like	258	294	12	11	1	0	1.0000	0.9722	35.4967	3	GCG	0.8333	0.8438	GCC:5;GCG:6	GCG>GAG:1	-
seq32_1.0	L2	3	CAG_like	294	366	24	18	6	0	1.0000	0.9167	64.9456	3	CAG	0.9167	0.7500	CAG:18	CAG>CAA:6	-
seq32_1.0	L3	5	GCC_like	441	499	17	11	6	7	0.8793	0.8824	34.4304	3	GCC	0.8235	0.6383	GCC:10;GCG:1	GCC>GCA:1;GCC>GCT:3;GCG>GTG:1;GCG>TCG:1	480:GAACAGC
seq33_2.0	L1	2	GCC_like	258	306	16	13	3	0	1.0000	0.9375	44.4847	3	GCG	0.8333	0.7955	GCC:5;GCG:8	GCC>GCA:2;GCG>GAG:1	-
seq33_2.0	L2	3	CAG_like	306	387	27	21	6	0	1.0000	0.9259	75.4140	3	CAG	0.9259	0.7792	CAG:21	CAG>CAA:6	-
seq33_2.0	L3	5	GCC_like	462	520	17	11	6	7	0.8793	0.8824	34.4304	3	GCC	0.8235	0.6383	GCC:10;GCG:1	GCC>GCA:1;GCC>GCT:3;GCG>GTG:1;GCG>TCG:1	501:GAACAGC
seq34_1.0	L1	2	GCC_like	261	306	15	13	2	0	1.0000	0.9556	43.4802	3	GCG	0.8444	0.8293	GCC:5;GCG:8	GCC>GCA:2	-
seq34_1.0	L2	3	CAG_like	306	381	25	19	6	0	1.0000	0.9200	68.4351	3	CAG	0.9200	0.7606	CAG:19	CAG>CAA:6	-
seq34_1.0	L3	5	GCC_like	456	517	18	12	6	7	0.8852	0.8889	37.9198	3	GCC	0.8333	0.6600	GCC:11;GCG:1	GCC>GCA:1;GCC>GCT:3;GCG>GTG:1;GCG>TCG:1	498:GAACAGC
seq35_1.0	L1	2	GCC_like	261	306	15	13	2	0	1.0000	0.9556	43.4802	3	GCG	0.8444	0.8293	GCC:5;GCG:8	GCC>GCA:2	-
seq35_1.0	L2	3	CAG_like	306	381	25	20	5	0	1.0000	0.9333	70.9200	3	CAG	0.9333	0.8169	CAG:20	CAG>CAA:5	-
seq35_1.0	L3	5	GCC_like	456	514	17	11	6	7	0.8793	0.8824	34.4304	3	GCC	0.8235	0.6383	GCC:10;GCG:1	GCC>GCA:1;GCC>GCT:3;GCG>GTG:1;GCG>TCG:1	495:GAACAGC
seq36_1.0	L1	2	GCC_like	261	306	15	13	2	0	1.0000	0.9556	43.4802	3	GCG	0.8444	0.8293	GCC:5;GCG:8	GCC>GCA:2	-
seq36_1.0	L2	3	CAG_like	306	375	23	17	6	0	1.0000	0.9130	61.4561	3	CAG	0.9130	0.7385	CAG:17	CAG>CAA:6	-
seq36_1.0	L3	5	GCC_like	450	508	17	11	6	7	0.8793	0.8824	34.4304	3	GCC	0.8235	0.6383	GCC:10;GCG:1	GCC>GCA:1;GCC>GCT:3;GCG>GTG:1;GCG>TCG:1	489:GAACAGC
seq37_1.0	L1	2	GCC_like	258	306	16	13	3	0	1.0000	0.9375	44.4847	3	GCG	0.8333	0.7955	GCC:5;GCG:8	GCC>GCA:2;GCG>GAG:1	-
seq37_1.0	L2	3	CAG_like	306	378	24	18	6	0	1.0000	0.9167	64.9456	3	CAG	0.9167	0.7500	CAG:18	CAG>CAA:6	-
seq37_1.0	L3	5	GCC_like	453	514	18	12	6	7	0.8852	0.8889	37.9198	3	GCC	0.8333	0.6600	GCC:11;GCG:1	GCC>GCA:1;GCC>GCT:3;GCG>GTG:1;GCG>TCG:1	495:GAACAGC
seq38_1.0	L1	2	GCC_like	258	306	16	13	3	0	1.0000	0.9375	44.4847	3	GCG	0.8333	0.7955	GCC:5;GCG:8	GCC>GCA:2;GCG>GAG:1	-
seq38_1.0	L2	3	CAG_like	306	390	28	22	6	0	1.0000	0.9286	78.9034	3	CAG	0.9286	0.7875	CAG:22	CAG>CAA:6	-
seq38_1.0	L3	5	GCC_like	465	523	17	11	6	7	0.8793	0.8824	34.4304	3	GCC	0.8235	0.6383	GCC:10;GCG:1	GCC>GCA:1;GCC>GCT:3;GCG>GTG:1;GCG>TCG:1	504:GAACAGC
seq39_1.0	L1	2	GCC_like	261	306	15	13	2	0	1.0000	0.9556	43.4802	3	GCG	0.8444	0.8293	GCC:5;GCG:8	GCC>GCA:2	-
seq39_1.0	L2	3	CAG_like	306	369	21	15	6	0	1.0000	0.9048	54.4772	3	CAG	0.9048	0.7119	CAG:15	CAG>CAA:6	-
seq39_1.0	L3	5	GCC_like	444	502	17	11	6	7	0.8793	0.8824	34.4304	3	GCC	0.8235	0.6383	GCC:10;GCG:1	GCC>GCA:1;GCC>GCT:3;GCG>GTG:1;GCG>TCG:1	483:GAACAGC
seq40_1.0	L1	2	GCC_like	261	306	15	13	2	0	1.0000	0.9556	43.4802	3	GCG	0.8444	0.8293	GCC:5;GCG:8	GCC>GCA:2	-
seq40_1.0	L2	3	CAG_like	306	381	25	19	6	0	1.0000	0.9200	68.4351	3	CAG	0.9200	0.7606	CAG:19	CAG>CAA:6	-
seq40_1.0	L3	5	GCC_like	456	514	17	11	6	7	0.8793	0.8824	34.4304	3	GCC	0.8235	0.6383	GCC:10;GCG:1	GCC>GCA:1;GCC>GCT:3;GCG>GTG:1;GCG>TCG:1	495:GAACAGC
seq41_1.0	L1	2	GCC_like	258	306	16	13	3	0	1.0000	0.9375	44.4847	3	GCG	0.8333	0.7955	GCC:5;GCG:8	GCC>GCA:2;GCG>GAG:1	-
seq41_1.0	L2	3	CAG_like	306	372	22	17	5	0	1.0000	0.9242	60.4516	3	CAG	0.9242	0.7903	CAG:17	CAG>CAA:5	-
seq41_1.0	L3	5	GCC_like	447	505	17	11	6	7	0.8793	0.8824	34.4304	3	GCC	0.8235	0.6383	GCC:10;GCG:1	GCC>GCA:1;GCC>GCT:3;GCG>GTG:1;GCG>TCG:1	486:GAACAGC
seq42_1.0	L1	2	GCC_like	261	306	15	13	2	0	1.0000	0.9556	43.4802	3	GCG	0.8444	0.8293	GCC:5;GCG:8	GCC>GCA:2	-
seq42_1.0	L2	3	CAG_like	306	375	23	17	6	0	1.0000	0.9130	61.4561	3	CAG	0.9130	0.7385	CAG:17	CAG>CAA:6	-
seq42_1.0	L3	5	GCC_like	450	508	17	11	6	7	0.8793	0.8824	34.4304	3	GCC	0.8235	0.6383	GCC:10;GCG:1	GCC>GCA:1;GCC>GCT:3;GCG>GTG:1;GCG>TCG:1	489:GAACAGC
seq43_1.0	L1	2	GCC_like	258	306	16	13	3	0	1.0000	0.9375	44.4847	3	GCG	0.8333	0.7955	GCC:5;GCG:8	GCC>GCA:2;GCG>GAG:1	-
seq43_1.0	L2	3	CAG_like	306	378	24	18	6	0	1.0000	0.9167	64.9456	3	CAG	0.9167	0.7500	CAG:18	CAG>CAA:6	-
seq43_1.0	L3	5	GCC_like	453	511	17	11	6	7	0.8793	0.8824	34.4304	3	GCC	0.8235	0.6383	GCC:10;GCG:1	GCC>GCA:1;GCC>GCT:3;GCG>GTG:1;GCG>TCG:1	492:GAACAGC
seq44_1.0	L1	2	GCC_like	258	306	16	13	3	0	1.0000	0.9375	44.4847	3	GCG	0.8333	0.7955	GCC:5;GCG:8	GCC>GCA:2;GCG>GAG:1	-
seq44_1.0	L2	3	CAG_like	306	372	22	16	6	0	1.0000	0.9091	57.9667	3	CAG	0.9091	0.7258	CAG:16	CAG>CAA:6	-
seq44_1.0	L3	5	GCC_like	447	505	17	11	6	7	0.8793	0.8824	34.4304	3	GCC	0.8235	0.6383	GCC:10;GCG:1	GCC>GCA:1;GCC>GCT:3;GCG>GTG:1;GCG>TCG:1	486:GAACAGC
seq45_1.0	L1	2	GCC_like	261	300	13	11	2	0	1.0000	0.9487	36.5012	3	GCG	0.8205	0.8000	GCC:5;GCG:6	GCC>GCA:2	-
seq45_1.0	L2	3	CAG_like	300	369	23	17	6	0	1.0000	0.9130	61.4561	3	CAG	0.9130	0.7385	CAG:17	CAG>CAA:6	-
seq45_1.0	L3	5	GCC_like	444	502	17	11	6	7	0.8793	0.8824	34.4304	3	GCC	0.8235	0.6383	GCC:10;GCG:1	GCC>GCA:1;GCC>GCT:3;GCG>GTG:1;GCG>TCG:1	483:GAACAGC
