path	path_suffix_label	region_start_bp	region_end_bp	region_bp	primary_motifs	block_count	CAG_like_units	GCC_like_units	exact_units	variant_units	inserted_bp	switches	primary_blocks	interrupted_blocks	complex_blocks	block_signature
seq1_1.0	1.0	234	526	292	CAG_like=CAG;GCC_like=GCC,GCG	6	25	30	55	0	127	2	2	1	3	nonrepeat:0:complex_sequence|GCC_like:15:primary_repeat|CAG_like:25:primary_repeat|nonrepeat:0:complex_sequence|GCC_like:15:locally_interrupted_repeat|nonrepeat:0:complex_sequence
seq2_1.0	1.0	234	523	289	CAG_like=CAG;GCC_like=GCC,GCG	6	24	30	54	0	127	2	2	1	3	nonrepeat:0:complex_sequence|GCC_like:15:primary_repeat|CAG_like:24:primary_repeat|nonrepeat:0:complex_sequence|GCC_like:15:locally_interrupted_repeat|nonrepeat:0:complex_sequence
seq1_65.5	65.5	234	520	286	CAG_like=CAG;GCC_like=GCC,GCG	6	23	30	53	0	127	2	2	1	3	nonrepeat:0:complex_sequence|GCC_like:15:primary_repeat|CAG_like:23:primary_repeat|nonrepeat:0:complex_sequence|GCC_like:15:locally_interrupted_repeat|nonrepeat:0:complex_sequence
seq2_161.5	161.5	234	523	289	CAG_like=CAG;GCC_like=GCC,GCG	6	24	30	54	0	127	2	2	1	3	nonrepeat:0:complex_sequence|GCC_like:15:primary_repeat|CAG_like:24:primary_repeat|nonrepeat:0:complex_sequence|GCC_like:15:locally_interrupted_repeat|nonrepeat:0:complex_sequence
seq3_107.0	107.0	234	520	286	CAG_like=CAG;GCC_like=GCC,GCG	6	23	30	53	0	127	2	2	1	3	nonrepeat:0:complex_sequence|GCC_like:15:primary_repeat|CAG_like:23:primary_repeat|nonrepeat:0:complex_sequence|GCC_like:15:locally_interrupted_repeat|nonrepeat:0:complex_sequence
seq4_1.0	1.0	234	520	286	CAG_like=CAG;GCC_like=GCC,GCG	6	24	29	53	0	127	2	2	1	3	nonrepeat:0:complex_sequence|GCC_like:15:primary_repeat|CAG_like:24:primary_repeat|nonrepeat:0:complex_sequence|GCC_like:14:locally_interrupted_repeat|nonrepeat:0:complex_sequence
seq5_1.0	1.0	234	523	289	CAG_like=CAG;GCC_like=GCC,GCG	6	24	30	54	0	127	2	2	1	3	nonrepeat:0:complex_sequence|GCC_like:15:primary_repeat|CAG_like:24:primary_repeat|nonrepeat:0:complex_sequence|GCC_like:15:locally_interrupted_repeat|nonrepeat:0:complex_sequence
seq6_32.5	32.5	234	526	292	CAG_like=CAG;GCC_like=GCC,GCG	6	25	30	55	0	127	2	2	1	3	nonrepeat:0:complex_sequence|GCC_like:15:primary_repeat|CAG_like:25:primary_repeat|nonrepeat:0:complex_sequence|GCC_like:15:locally_interrupted_repeat|nonrepeat:0:complex_sequence
seq7_0.5	0.5	234	523	289	CAG_like=CAG;GCC_like=GCC,GCG	6	24	30	54	0	127	2	2	1	3	nonrepeat:0:complex_sequence|GCC_like:15:primary_repeat|CAG_like:24:primary_repeat|nonrepeat:0:complex_sequence|GCC_like:15:locally_interrupted_repeat|nonrepeat:0:complex_sequence
seq8_1.0	1.0	234	547	313	CAG_like=CAG;GCC_like=GCC,GCG	6	32	30	62	0	127	2	2	1	3	nonrepeat:0:complex_sequence|GCC_like:15:primary_repeat|CAG_like:32:primary_repeat|nonrepeat:0:complex_sequence|GCC_like:15:locally_interrupted_repeat|nonrepeat:0:complex_sequence
seq9_1.0	1.0	234	517	283	CAG_like=CAG;GCC_like=GCC,GCG	6	22	30	52	0	127	2	2	1	3	nonrepeat:0:complex_sequence|GCC_like:15:primary_repeat|CAG_like:22:primary_repeat|nonrepeat:0:complex_sequence|GCC_like:15:locally_interrupted_repeat|nonrepeat:0:complex_sequence
seq10_14.0	14.0	234	517	283	CAG_like=CAG;GCC_like=GCC,GCG	6	23	29	52	0	127	2	2	1	3	nonrepeat:0:complex_sequence|GCC_like:15:primary_repeat|CAG_like:23:primary_repeat|nonrepeat:0:complex_sequence|GCC_like:14:locally_interrupted_repeat|nonrepeat:0:complex_sequence
seq11_3.0	3.0	234	532	298	CAG_like=CAG;GCC_like=GCC,GCG	6	23	34	57	0	127	2	2	1	3	nonrepeat:0:complex_sequence|GCC_like:15:primary_repeat|CAG_like:23:primary_repeat|nonrepeat:0:complex_sequence|GCC_like:19:locally_interrupted_repeat|nonrepeat:0:complex_sequence
seq12_1.0	1.0	234	520	286	CAG_like=CAG;GCC_like=GCC,GCG	6	23	30	53	0	127	2	2	1	3	nonrepeat:0:complex_sequence|GCC_like:15:primary_repeat|CAG_like:23:primary_repeat|nonrepeat:0:complex_sequence|GCC_like:15:locally_interrupted_repeat|nonrepeat:0:complex_sequence
seq13_1.0	1.0	234	523	289	CAG_like=CAG;GCC_like=GCC,GCG	6	23	31	54	0	127	2	2	1	3	nonrepeat:0:complex_sequence|GCC_like:15:primary_repeat|CAG_like:23:primary_repeat|nonrepeat:0:complex_sequence|GCC_like:16:locally_interrupted_repeat|nonrepeat:0:complex_sequence
seq14_4.0	4.0	234	520	286	CAG_like=CAG;GCC_like=GCC,GCG	6	23	30	53	0	127	2	2	1	3	nonrepeat:0:complex_sequence|GCC_like:15:primary_repeat|CAG_like:23:primary_repeat|nonrepeat:0:complex_sequence|GCC_like:15:locally_interrupted_repeat|nonrepeat:0:complex_sequence
seq15_1.0	1.0	234	523	289	CAG_like=CAG;GCC_like=GCC,GCG	6	24	30	54	0	127	2	2	1	3	nonrepeat:0:complex_sequence|GCC_like:15:primary_repeat|CAG_like:24:primary_repeat|nonrepeat:0:complex_sequence|GCC_like:15:locally_interrupted_repeat|nonrepeat:0:complex_sequence
seq16_1.0	1.0	234	541	307	CAG_like=CAG;GCC_like=GCC,GCG	6	28	32	60	0	127	2	2	1	3	nonrepeat:0:complex_sequence|GCC_like:15:primary_repeat|CAG_like:28:primary_repeat|nonrepeat:0:complex_sequence|GCC_like:17:locally_interrupted_repeat|nonrepeat:0:complex_sequence
seq17_3.0	3.0	234	511	277	CAG_like=CAG;GCC_like=GCC,GCG	6	23	27	50	0	127	2	2	1	3	nonrepeat:0:complex_sequence|GCC_like:15:primary_repeat|CAG_like:23:primary_repeat|nonrepeat:0:complex_sequence|GCC_like:12:locally_interrupted_repeat|nonrepeat:0:complex_sequence
seq18_3.0	3.0	234	523	289	CAG_like=CAG;GCC_like=GCC,GCG	6	24	30	54	0	127	2	2	1	3	nonrepeat:0:complex_sequence|GCC_like:15:primary_repeat|CAG_like:24:primary_repeat|nonrepeat:0:complex_sequence|GCC_like:15:locally_interrupted_repeat|nonrepeat:0:complex_sequence
seq19_13.0	13.0	234	514	280	CAG_like=CAG;GCC_like=GCC,GCG	6	21	30	51	0	127	2	2	1	3	nonrepeat:0:complex_sequence|GCC_like:15:primary_repeat|CAG_like:21:primary_repeat|nonrepeat:0:complex_sequence|GCC_like:15:locally_interrupted_repeat|nonrepeat:0:complex_sequence
seq20_1.0	1.0	234	523	289	CAG_like=CAG;GCC_like=GCC,GCG	6	24	30	54	0	127	2	2	1	3	nonrepeat:0:complex_sequence|GCC_like:15:primary_repeat|CAG_like:24:primary_repeat|nonrepeat:0:complex_sequence|GCC_like:15:locally_interrupted_repeat|nonrepeat:0:complex_sequence
seq21_1.0	1.0	234	517	283	CAG_like=CAG;GCC_like=GCC,GCG	6	22	30	52	0	127	2	2	1	3	nonrepeat:0:complex_sequence|GCC_like:15:primary_repeat|CAG_like:22:primary_repeat|nonrepeat:0:complex_sequence|GCC_like:15:locally_interrupted_repeat|nonrepeat:0:complex_sequence
seq22_2.0	2.0	234	523	289	CAG_like=CAG;GCC_like=GCC,GCG	6	24	30	54	0	127	2	2	1	3	nonrepeat:0:complex_sequence|GCC_like:15:primary_repeat|CAG_like:24:primary_repeat|nonrepeat:0:complex_sequence|GCC_like:15:locally_interrupted_repeat|nonrepeat:0:complex_sequence
seq23_12.0	12.0	234	523	289	CAG_like=CAG;GCC_like=GCC,GCG	6	24	30	54	0	127	2	2	1	3	nonrepeat:0:complex_sequence|GCC_like:15:primary_repeat|CAG_like:24:primary_repeat|nonrepeat:0:complex_sequence|GCC_like:15:locally_interrupted_repeat|nonrepeat:0:complex_sequence
seq24_1.0	1.0	234	520	286	CAG_like=CAG;GCC_like=GCC,GCG	6	23	30	53	0	127	2	2	1	3	nonrepeat:0:complex_sequence|GCC_like:15:primary_repeat|CAG_like:23:primary_repeat|nonrepeat:0:complex_sequence|GCC_like:15:locally_interrupted_repeat|nonrepeat:0:complex_sequence
seq25_2.0	2.0	234	523	289	CAG_like=CAG;GCC_like=GCC,GCG	6	24	30	54	0	127	2	2	1	3	nonrepeat:0:complex_sequence|GCC_like:15:primary_repeat|CAG_like:24:primary_repeat|nonrepeat:0:complex_sequence|GCC_like:15:locally_interrupted_repeat|nonrepeat:0:complex_sequence
seq26_1.0	1.0	234	529	295	CAG_like=CAG;GCC_like=GCC,GCG	6	26	30	56	0	127	2	2	1	3	nonrepeat:0:complex_sequence|GCC_like:15:primary_repeat|CAG_like:26:primary_repeat|nonrepeat:0:complex_sequence|GCC_like:15:locally_interrupted_repeat|nonrepeat:0:complex_sequence
seq27_3.0	3.0	234	520	286	CAG_like=CAG;GCC_like=GCC,GCG	6	23	30	53	0	127	2	2	1	3	nonrepeat:0:complex_sequence|GCC_like:15:primary_repeat|CAG_like:23:primary_repeat|nonrepeat:0:complex_sequence|GCC_like:15:locally_interrupted_repeat|nonrepeat:0:complex_sequence
seq28_3.0	3.0	234	520	286	CAG_like=CAG;GCC_like=GCC,GCG	6	23	30	53	0	127	2	2	1	3	nonrepeat:0:complex_sequence|GCC_like:15:primary_repeat|CAG_like:23:primary_repeat|nonrepeat:0:complex_sequence|GCC_like:15:locally_interrupted_repeat|nonrepeat:0:complex_sequence
seq29_1.0	1.0	234	526	292	CAG_like=CAG;GCC_like=GCC,GCG	6	25	30	55	0	127	2	2	1	3	nonrepeat:0:complex_sequence|GCC_like:15:primary_repeat|CAG_like:25:primary_repeat|nonrepeat:0:complex_sequence|GCC_like:15:locally_interrupted_repeat|nonrepeat:0:complex_sequence
seq30_1.0	1.0	234	523	289	CAG_like=CAG;GCC_like=GCC,GCG	6	25	29	54	0	127	2	2	1	3	nonrepeat:0:complex_sequence|GCC_like:15:primary_repeat|CAG_like:25:primary_repeat|nonrepeat:0:complex_sequence|GCC_like:14:locally_interrupted_repeat|nonrepeat:0:complex_sequence
seq31_1.0	1.0	234	508	274	CAG_like=CAG;GCC_like=GCC,GCG	6	19	30	49	0	127	2	2	1	3	nonrepeat:0:complex_sequence|GCC_like:15:primary_repeat|CAG_like:19:primary_repeat|nonrepeat:0:complex_sequence|GCC_like:15:locally_interrupted_repeat|nonrepeat:0:complex_sequence
seq32_1.0	1.0	234	511	277	CAG_like=CAG;GCC_like=GCC,GCG	6	24	26	50	0	127	2	2	1	3	nonrepeat:0:complex_sequence|GCC_like:11:primary_repeat|CAG_like:24:primary_repeat|nonrepeat:0:complex_sequence|GCC_like:15:locally_interrupted_repeat|nonrepeat:0:complex_sequence
seq33_2.0	2.0	234	532	298	CAG_like=CAG;GCC_like=GCC,GCG	6	27	30	57	0	127	2	2	1	3	nonrepeat:0:complex_sequence|GCC_like:15:primary_repeat|CAG_like:27:primary_repeat|nonrepeat:0:complex_sequence|GCC_like:15:locally_interrupted_repeat|nonrepeat:0:complex_sequence
seq34_1.0	1.0	234	529	295	CAG_like=CAG;GCC_like=GCC,GCG	6	25	31	56	0	127	2	2	1	3	nonrepeat:0:complex_sequence|GCC_like:15:primary_repeat|CAG_like:25:primary_repeat|nonrepeat:0:complex_sequence|GCC_like:16:locally_interrupted_repeat|nonrepeat:0:complex_sequence
seq35_1.0	1.0	234	526	292	CAG_like=CAG;GCC_like=GCC,GCG	6	25	30	55	0	127	2	2	1	3	nonrepeat:0:complex_sequence|GCC_like:15:primary_repeat|CAG_like:25:primary_repeat|nonrepeat:0:complex_sequence|GCC_like:15:locally_interrupted_repeat|nonrepeat:0:complex_sequence
seq36_1.0	1.0	234	520	286	CAG_like=CAG;GCC_like=GCC,GCG	6	23	30	53	0	127	2	2	1	3	nonrepeat:0:complex_sequence|GCC_like:15:primary_repeat|CAG_like:23:primary_repeat|nonrepeat:0:complex_sequence|GCC_like:15:locally_interrupted_repeat|nonrepeat:0:complex_sequence
seq37_1.0	1.0	234	526	292	CAG_like=CAG;GCC_like=GCC,GCG	6	24	31	55	0	127	2	2	1	3	nonrepeat:0:complex_sequence|GCC_like:15:primary_repeat|CAG_like:24:primary_repeat|nonrepeat:0:complex_sequence|GCC_like:16:locally_interrupted_repeat|nonrepeat:0:complex_sequence
seq38_1.0	1.0	234	535	301	CAG_like=CAG;GCC_like=GCC,GCG	6	28	30	58	0	127	2	2	1	3	nonrepeat:0:complex_sequence|GCC_like:15:primary_repeat|CAG_like:28:primary_repeat|nonrepeat:0:complex_sequence|GCC_like:15:locally_interrupted_repeat|nonrepeat:0:complex_sequence
seq39_1.0	1.0	234	514	280	CAG_like=CAG;GCC_like=GCC,GCG	6	21	30	51	0	127	2	2	1	3	nonrepeat:0:complex_sequence|GCC_like:15:primary_repeat|CAG_like:21:primary_repeat|nonrepeat:0:complex_sequence|GCC_like:15:locally_interrupted_repeat|nonrepeat:0:complex_sequence
seq40_1.0	1.0	234	526	292	CAG_like=CAG;GCC_like=GCC,GCG	6	25	30	55	0	127	2	2	1	3	nonrepeat:0:complex_sequence|GCC_like:15:primary_repeat|CAG_like:25:primary_repeat|nonrepeat:0:complex_sequence|GCC_like:15:locally_interrupted_repeat|nonrepeat:0:complex_sequence
seq41_1.0	1.0	234	517	283	CAG_like=CAG;GCC_like=GCC,GCG	6	22	30	52	0	127	2	2	1	3	nonrepeat:0:complex_sequence|GCC_like:15:primary_repeat|CAG_like:22:primary_repeat|nonrepeat:0:complex_sequence|GCC_like:15:locally_interrupted_repeat|nonrepeat:0:complex_sequence
seq42_1.0	1.0	234	520	286	CAG_like=CAG;GCC_like=GCC,GCG	6	23	30	53	0	127	2	2	1	3	nonrepeat:0:complex_sequence|GCC_like:15:primary_repeat|CAG_like:23:primary_repeat|nonrepeat:0:complex_sequence|GCC_like:15:locally_interrupted_repeat|nonrepeat:0:complex_sequence
seq43_1.0	1.0	234	523	289	CAG_like=CAG;GCC_like=GCC,GCG	6	24	30	54	0	127	2	2	1	3	nonrepeat:0:complex_sequence|GCC_like:15:primary_repeat|CAG_like:24:primary_repeat|nonrepeat:0:complex_sequence|GCC_like:15:locally_interrupted_repeat|nonrepeat:0:complex_sequence
seq44_1.0	1.0	234	517	283	CAG_like=CAG;GCC_like=GCC,GCG	6	22	30	52	0	127	2	2	1	3	nonrepeat:0:complex_sequence|GCC_like:15:primary_repeat|CAG_like:22:primary_repeat|nonrepeat:0:complex_sequence|GCC_like:15:locally_interrupted_repeat|nonrepeat:0:complex_sequence
seq45_1.0	1.0	234	514	280	CAG_like=CAG;GCC_like=GCC,GCG	6	23	28	51	0	127	2	2	1	3	nonrepeat:0:complex_sequence|GCC_like:13:primary_repeat|CAG_like:23:primary_repeat|nonrepeat:0:complex_sequence|GCC_like:15:locally_interrupted_repeat|nonrepeat:0:complex_sequence
