path	repeat_block	family	p3_copy_count	p3_exact_copies	p3_variant_copies	p3_inserted_bp	graph_node_visits	cyclic_scc_node_visits	within_cyclic_scc_edge_traversals	visited_sccs	coordinate_system
seq1_1.0	R1	CCG	15	13	2	0	15	15	14	SCC0003	0-based_half-open
seq1_1.0	R2	AGC	25	19	6	0	25	25	24	SCC0005	0-based_half-open
seq1_1.0	R3	CCG	18	11	7	4	19	18	17	SCC0007,SCC0008	0-based_half-open
seq2_1.0	R1	CCG	16	13	3	0	16	15	14	SCC0004,SCC0003	0-based_half-open
seq2_1.0	R2	AGC	24	18	6	0	24	24	23	SCC0005	0-based_half-open
seq2_1.0	R3	CCG	18	11	7	4	19	18	17	SCC0007,SCC0008	0-based_half-open
seq1_158.0	R1	CCG	16	13	3	0	16	15	14	SCC0004,SCC0003	0-based_half-open
seq1_158.0	R2	AGC	24	18	6	0	24	24	23	SCC0005	0-based_half-open
seq1_158.0	R3	CCG	18	11	7	4	19	18	17	SCC0007,SCC0008	0-based_half-open
seq2_37.5	R1	CCG	15	13	2	0	15	15	14	SCC0003	0-based_half-open
seq2_37.5	R2	AGC	25	19	6	0	25	25	24	SCC0005	0-based_half-open
seq2_37.5	R3	CCG	18	11	7	4	19	18	17	SCC0007,SCC0008	0-based_half-open
seq3_29.0	R1	CCG	15	13	2	0	15	15	14	SCC0003	0-based_half-open
seq3_29.0	R2	AGC	23	17	6	0	23	23	22	SCC0005	0-based_half-open
seq3_29.0	R3	CCG	18	12	6	4	19	18	17	SCC0007,SCC0008	0-based_half-open
seq4_54.5	R1	CCG	15	13	2	0	15	15	14	SCC0003	0-based_half-open
seq4_54.5	R2	AGC	23	17	6	0	23	23	22	SCC0005	0-based_half-open
seq4_54.5	R3	CCG	18	11	7	4	19	18	17	SCC0007,SCC0008	0-based_half-open
seq5_3.0	R1	CCG	15	13	2	0	15	15	14	SCC0003	0-based_half-open
seq5_3.0	R2	AGC	21	15	6	0	21	21	20	SCC0005	0-based_half-open
seq5_3.0	R3	CCG	18	11	7	4	19	18	17	SCC0007,SCC0008	0-based_half-open
seq6_2.0	R1	CCG	15	13	2	0	15	15	14	SCC0003	0-based_half-open
seq6_2.0	R2	AGC	22	17	5	0	22	22	21	SCC0005	0-based_half-open
seq6_2.0	R3	CCG	18	11	7	4	19	18	17	SCC0007,SCC0008	0-based_half-open
seq7_5.0	R1	CCG	15	13	2	0	15	15	14	SCC0003	0-based_half-open
seq7_5.0	R2	AGC	23	18	5	0	23	23	22	SCC0005	0-based_half-open
seq7_5.0	R3	CCG	18	11	7	4	19	18	17	SCC0007,SCC0008	0-based_half-open
seq8_1.0	R1	CCG	16	13	3	0	16	15	14	SCC0004,SCC0003	0-based_half-open
seq8_1.0	R2	AGC	32	26	6	0	32	32	31	SCC0005	0-based_half-open
seq8_1.0	R3	CCG	18	11	7	4	19	18	17	SCC0007,SCC0008	0-based_half-open
seq9_7.0	R1	CCG	16	13	3	0	16	15	14	SCC0004,SCC0003	0-based_half-open
seq9_7.0	R2	AGC	28	22	6	0	28	28	27	SCC0005	0-based_half-open
seq9_7.0	R3	CCG	18	11	7	4	19	18	17	SCC0007,SCC0008	0-based_half-open
seq10_1.0	R1	CCG	15	13	2	0	15	15	14	SCC0003	0-based_half-open
seq10_1.0	R2	AGC	31	24	7	0	31	31	30	SCC0005	0-based_half-open
seq10_1.0	R3	CCG	18	11	7	4	19	18	17	SCC0007,SCC0008	0-based_half-open
seq11_1.0	R1	CCG	15	13	2	0	15	15	14	SCC0003	0-based_half-open
seq11_1.0	R2	AGC	23	17	6	0	23	23	22	SCC0005	0-based_half-open
seq11_1.0	R3	CCG	19	12	7	4	20	19	18	SCC0007,SCC0008	0-based_half-open
seq12_1.0	R1	CCG	14	12	2	6	16	15	14	SCC0004,SCC0003	0-based_half-open
seq12_1.0	R2	AGC	24	18	6	0	24	24	23	SCC0005	0-based_half-open
seq12_1.0	R3	CCG	18	11	7	4	19	18	17	SCC0007,SCC0008	0-based_half-open
seq13_2.0	R1	CCG	15	13	2	0	15	15	14	SCC0003	0-based_half-open
seq13_2.0	R2	AGC	23	17	6	0	23	23	22	SCC0005	0-based_half-open
seq13_2.0	R3	CCG	18	11	7	4	19	18	17	SCC0007,SCC0008	0-based_half-open
seq14_1.0	R1	CCG	16	13	3	0	16	15	14	SCC0004,SCC0003	0-based_half-open
seq14_1.0	R2	AGC	21	16	5	0	21	21	20	SCC0005	0-based_half-open
seq14_1.0	R3	CCG	18	11	7	4	19	18	17	SCC0007,SCC0008	0-based_half-open
seq15_2.5	R1	CCG	16	13	3	0	16	15	14	SCC0004,SCC0003	0-based_half-open
seq15_2.5	R2	AGC	24	18	6	0	24	24	23	SCC0005	0-based_half-open
seq15_2.5	R3	CCG	15	8	7	4	16	15	14	SCC0007,SCC0008	0-based_half-open
seq16_1.0	R1	CCG	15	13	2	0	15	15	14	SCC0003	0-based_half-open
seq16_1.0	R2	AGC	32	26	6	0	32	32	31	SCC0005	0-based_half-open
seq16_1.0	R3	CCG	17	10	7	4	18	17	16	SCC0007,SCC0008	0-based_half-open
seq17_1.0	R1	CCG	15	13	2	0	15	15	14	SCC0003	0-based_half-open
seq17_1.0	R2	AGC	23	17	6	0	23	23	22	SCC0005	0-based_half-open
seq17_1.0	R3	CCG	18	11	7	4	19	18	17	SCC0007,SCC0008	0-based_half-open
seq18_1.0	R1	CCG	16	13	3	0	16	15	14	SCC0004,SCC0003	0-based_half-open
seq18_1.0	R2	AGC	24	18	6	0	24	24	23	SCC0005	0-based_half-open
seq18_1.0	R3	CCG	18	11	7	4	19	18	17	SCC0007,SCC0008	0-based_half-open
seq19_1.0	R1	CCG	15	13	2	0	15	15	14	SCC0003	0-based_half-open
seq19_1.0	R2	AGC	25	19	6	0	25	25	24	SCC0005	0-based_half-open
seq19_1.0	R3	CCG	18	11	7	4	19	18	17	SCC0007,SCC0008	0-based_half-open
seq20_1.0	R1	CCG	15	13	2	0	15	15	14	SCC0003	0-based_half-open
seq20_1.0	R2	AGC	24	18	6	0	24	24	23	SCC0005	0-based_half-open
seq20_1.0	R3	CCG	18	11	7	4	19	18	17	SCC0007,SCC0008	0-based_half-open
seq21_1.0	R1	CCG	15	13	2	0	15	15	14	SCC0003	0-based_half-open
seq21_1.0	R2	AGC	23	17	6	0	23	23	22	SCC0005	0-based_half-open
seq21_1.0	R3	CCG	18	12	6	4	19	18	17	SCC0007,SCC0008	0-based_half-open
seq22_1.0	R1	CCG	15	13	2	0	15	15	14	SCC0003	0-based_half-open
seq22_1.0	R2	AGC	24	18	6	0	24	24	23	SCC0005	0-based_half-open
seq22_1.0	R3	CCG	18	11	7	4	19	18	17	SCC0007,SCC0008	0-based_half-open
seq23_1.0	R1	CCG	15	13	2	0	15	15	14	SCC0003	0-based_half-open
seq23_1.0	R2	AGC	23	17	6	0	23	23	22	SCC0005	0-based_half-open
seq23_1.0	R3	CCG	18	12	6	4	19	18	17	SCC0007,SCC0008	0-based_half-open
seq24_2.0	R1	CCG	15	13	2	0	15	15	14	SCC0003	0-based_half-open
seq24_2.0	R2	AGC	23	18	5	0	23	23	22	SCC0005	0-based_half-open
seq24_2.0	R3	CCG	17	10	7	4	18	17	16	SCC0007,SCC0008	0-based_half-open
seq25_1.0	R1	CCG	15	13	2	0	15	15	14	SCC0003	0-based_half-open
seq25_1.0	R2	AGC	23	18	5	0	23	23	22	SCC0005	0-based_half-open
seq25_1.0	R3	CCG	17	10	7	4	18	17	16	SCC0007,SCC0008	0-based_half-open
seq26_1.0	R1	CCG	16	13	3	0	16	15	14	SCC0004,SCC0003	0-based_half-open
seq26_1.0	R2	AGC	24	19	5	0	24	24	23	SCC0005	0-based_half-open
seq26_1.0	R3	CCG	18	11	7	4	19	18	17	SCC0007,SCC0008	0-based_half-open
