path	split	best_log2_score	second_log2_score	best_second_gap_bits	log2_evidence	best_path_posterior	second_path_posterior	best_decomposition	second_decomposition	p2_family_order	p3_family_order	changed_from_p2	interpretation_status
seq1_1.0	tune	-385.66268857	-386.38945666	0.72676809	-384.61908926	0.48511567	0.29313408	CCGx15[261,306) -> AGCx25[306,381) -> COMPLEX[381,456) -> CCGx18[456,514)	CCGx15[261,306) -> AGCx25[306,381) -> COMPLEX[381,459) -> CCGx17[459,514)	CCG>AGC>CCG	CCG>AGC>CCG	0	assembly_only_probabilistic
seq2_1.0	test	-387.14033096	-387.86709905	0.72676809	-386.16578374	0.50889954	0.30750562	CCGx16[258,306) -> AGCx24[306,378) -> COMPLEX[378,453) -> CCGx18[453,511)	CCGx16[258,306) -> AGCx24[306,378) -> COMPLEX[378,456) -> CCGx17[456,511)	CCG>AGC>CCG	CCG>AGC>CCG	0	assembly_only_probabilistic
seq1_65.5	tune	-377.73305864	-378.45982673	0.72676809	-376.80942810	0.52718070	0.31855213	CCGx15[261,306) -> AGCx23[306,375) -> COMPLEX[375,450) -> CCGx18[450,508)	CCGx15[261,306) -> AGCx23[306,375) -> COMPLEX[375,453) -> CCGx17[453,508)	CCG>AGC>CCG	CCG>AGC>CCG	0	assembly_only_probabilistic
seq2_161.5	train	-387.14033096	-387.86709905	0.72676809	-386.16578374	0.50889954	0.30750562	CCGx16[258,306) -> AGCx24[306,378) -> COMPLEX[378,453) -> CCGx18[453,511)	CCGx16[258,306) -> AGCx24[306,378) -> COMPLEX[378,456) -> CCGx17[456,511)	CCG>AGC>CCG	CCG>AGC>CCG	0	assembly_only_probabilistic
seq3_107.0	train	-379.68457784	-380.41134593	0.72676809	-378.76094730	0.52718070	0.31855213	CCGx15[261,306) -> AGCx23[306,375) -> COMPLEX[375,450) -> CCGx18[450,508)	CCGx15[261,306) -> AGCx23[306,375) -> COMPLEX[375,453) -> CCGx17[453,508)	CCG>AGC>CCG	CCG>AGC>CCG	0	assembly_only_probabilistic
seq4_1.0	tune	-376.97777416	-378.06521600	1.08744185	-376.15351380	0.56477168	0.26577877	CCGx15[261,306) -> AGCx24[306,378) -> COMPLEX[378,453) -> CCGx17[453,508)	CCGx15[261,306) -> AGCx24[306,378) -> COMPLEX[378,456) -> CCGx16[456,508)	CCG>AGC>CCG	CCG>AGC>CCG	0	assembly_only_probabilistic
seq5_1.0	train	-387.14033096	-387.86709905	0.72676809	-386.16578374	0.50889954	0.30750562	CCGx16[258,306) -> AGCx24[306,378) -> COMPLEX[378,453) -> CCGx18[453,511)	CCGx16[258,306) -> AGCx24[306,378) -> COMPLEX[378,456) -> CCGx17[456,511)	CCG>AGC>CCG	CCG>AGC>CCG	0	assembly_only_probabilistic
seq6_32.5	train	-385.66268857	-386.38945666	0.72676809	-384.61908926	0.48511567	0.29313408	CCGx15[261,306) -> AGCx25[306,381) -> COMPLEX[381,456) -> CCGx18[456,514)	CCGx15[261,306) -> AGCx25[306,381) -> COMPLEX[381,459) -> CCGx17[459,514)	CCG>AGC>CCG	CCG>AGC>CCG	0	assembly_only_probabilistic
seq7_0.5	train	-387.14033096	-387.86709905	0.72676809	-386.16578374	0.50889954	0.30750562	CCGx16[258,306) -> AGCx24[306,378) -> COMPLEX[378,453) -> CCGx18[453,511)	CCGx16[258,306) -> AGCx24[306,378) -> COMPLEX[378,456) -> CCGx17[456,511)	CCG>AGC>CCG	CCG>AGC>CCG	0	assembly_only_probabilistic
seq8_1.0	train	-419.49642543	-420.17626126	0.67983584	-417.19479982	0.20283442	0.12661661	CCGx16[258,306) -> AGCx29[306,393) -> COMPLEX[393,477) -> CCGx18[477,535)	CCGx16[258,306) -> AGCx30[306,396) -> COMPLEX[396,477) -> CCGx18[477,535)	CCG>AGC>CCG	CCG>AGC>CCG	0	assembly_only_probabilistic
seq9_1.0	train	-375.17385110	-375.90061919	0.72676809	-374.28803304	0.54118057	0.32701163	CCGx15[261,306) -> AGCx22[306,372) -> COMPLEX[372,447) -> CCGx18[447,505)	CCGx15[261,306) -> AGCx22[306,372) -> COMPLEX[372,450) -> CCGx17[450,505)	CCG>AGC>CCG	CCG>AGC>CCG	0	assembly_only_probabilistic
seq10_14.0	test	-374.13200140	-375.21944325	1.08744185	-373.35855279	0.58501738	0.27530630	CCGx15[261,306) -> AGCx23[306,375) -> COMPLEX[375,450) -> CCGx17[450,505)	CCGx15[261,306) -> AGCx23[306,375) -> COMPLEX[375,453) -> CCGx16[453,505)	CCG>AGC>CCG	CCG>AGC>CCG	0	assembly_only_probabilistic
seq11_3.0	tune	-403.91696174	-404.64372983	0.72676809	-402.99333120	0.52718070	0.31855213	CCGx15[261,306) -> AGCx23[306,375) -> COMPLEX[375,462) -> CCGx18[462,520)	CCGx15[261,306) -> AGCx23[306,375) -> COMPLEX[375,465) -> CCGx17[465,520)	CCG>AGC>CCG	CCG>AGC>CCG	0	assembly_only_probabilistic
seq12_1.0	test	-379.68457784	-380.41134593	0.72676809	-378.76094730	0.52718070	0.31855213	CCGx15[261,306) -> AGCx23[306,375) -> COMPLEX[375,450) -> CCGx18[450,508)	CCGx15[261,306) -> AGCx23[306,375) -> COMPLEX[375,453) -> CCGx17[453,508)	CCG>AGC>CCG	CCG>AGC>CCG	0	assembly_only_probabilistic
seq13_1.0	test	-381.47354109	-381.83963542	0.36609433	-380.36680360	0.46434291	0.36027443	CCGx15[261,306) -> AGCx23[306,375) -> COMPLEX[375,450) -> CCGx19[450,511)	CCGx15[261,306) -> AGCx23[306,375) -> COMPLEX[375,453) -> CCGx18[453,511)	CCG>AGC>CCG	CCG>AGC>CCG	0	assembly_only_probabilistic
seq14_4.0	train	-377.51181009	-378.23857818	0.72676809	-376.58817955	0.52718070	0.31855213	CCGx15[261,306) -> AGCx23[306,375) -> COMPLEX[375,450) -> CCGx18[450,508)	CCGx15[261,306) -> AGCx23[306,375) -> COMPLEX[375,453) -> CCGx17[453,508)	CCG>AGC>CCG	CCG>AGC>CCG	0	assembly_only_probabilistic
seq15_1.0	train	-387.14033096	-387.86709905	0.72676809	-386.16578374	0.50889954	0.30750562	CCGx16[258,306) -> AGCx24[306,378) -> COMPLEX[378,453) -> CCGx18[453,511)	CCGx16[258,306) -> AGCx24[306,378) -> COMPLEX[378,456) -> CCGx17[456,511)	CCG>AGC>CCG	CCG>AGC>CCG	0	assembly_only_probabilistic
seq16_1.0	train	-409.23071282	-409.23613339	0.00542057	-407.37240562	0.27579970	0.27476540	CCGx16[258,306) -> AGCx28[306,390) -> COMPLEX[390,465) -> CCGx20[465,529)	CCGx16[258,306) -> AGCx28[306,390) -> COMPLEX[390,468) -> CCGx19[468,529)	CCG>AGC>CCG	CCG>AGC>CCG	0	assembly_only_probabilistic
seq17_3.0	train	-370.62717305	-372.43596242	1.80878937	-370.07515069	0.68206334	0.19468158	CCGx15[261,306) -> AGCx23[306,375) -> COMPLEX[375,450) -> CCGx15[450,499)	CCGx15[261,306) -> AGCx23[306,375) -> COMPLEX[375,453) -> CCGx14[453,499)	CCG>AGC>CCG	CCG>AGC>CCG	0	assembly_only_probabilistic
seq18_3.0	test	-387.14033096	-387.86709905	0.72676809	-386.16578374	0.50889954	0.30750562	CCGx16[258,306) -> AGCx24[306,378) -> COMPLEX[378,453) -> CCGx18[453,511)	CCGx16[258,306) -> AGCx24[306,378) -> COMPLEX[378,456) -> CCGx17[456,511)	CCG>AGC>CCG	CCG>AGC>CCG	0	assembly_only_probabilistic
seq19_13.0	train	-374.85272798	-375.57949606	0.72676809	-373.99541996	0.55198156	0.33353820	CCGx15[261,306) -> AGCx21[306,369) -> COMPLEX[369,444) -> CCGx18[444,502)	CCGx15[261,306) -> AGCx21[306,369) -> COMPLEX[369,447) -> CCGx17[447,502)	CCG>AGC>CCG	CCG>AGC>CCG	0	assembly_only_probabilistic
seq20_1.0	tune	-380.35758285	-381.08435093	0.72676809	-379.38314056	0.50893655	0.30752799	CCGx15[261,306) -> AGCx24[306,378) -> COMPLEX[378,453) -> CCGx18[453,511)	CCGx15[261,306) -> AGCx24[306,378) -> COMPLEX[378,456) -> CCGx17[456,511)	CCG>AGC>CCG	CCG>AGC>CCG	0	assembly_only_probabilistic
seq21_1.0	train	-377.12537030	-377.85213839	0.72676809	-376.23955224	0.54118057	0.32701163	CCGx15[261,306) -> AGCx22[306,372) -> COMPLEX[372,447) -> CCGx18[447,505)	CCGx15[261,306) -> AGCx22[306,372) -> COMPLEX[372,450) -> CCGx17[450,505)	CCG>AGC>CCG	CCG>AGC>CCG	0	assembly_only_probabilistic
seq22_2.0	train	-384.70311835	-385.42988644	0.72676809	-383.72867606	0.50893655	0.30752799	CCGx15[261,306) -> AGCx24[306,378) -> COMPLEX[378,453) -> CCGx18[453,511)	CCGx15[261,306) -> AGCx24[306,378) -> COMPLEX[378,456) -> CCGx17[456,511)	CCG>AGC>CCG	CCG>AGC>CCG	0	assembly_only_probabilistic
seq23_12.0	test	-382.53035060	-383.25711868	0.72676809	-381.55590831	0.50893655	0.30752799	CCGx15[261,306) -> AGCx24[306,378) -> COMPLEX[378,453) -> CCGx18[453,511)	CCGx15[261,306) -> AGCx24[306,378) -> COMPLEX[378,456) -> CCGx17[456,511)	CCG>AGC>CCG	CCG>AGC>CCG	0	assembly_only_probabilistic
seq24_1.0	train	-379.68457784	-380.41134593	0.72676809	-378.76094730	0.52718070	0.31855213	CCGx15[261,306) -> AGCx23[306,375) -> COMPLEX[375,450) -> CCGx18[450,508)	CCGx15[261,306) -> AGCx23[306,375) -> COMPLEX[375,453) -> CCGx17[453,508)	CCG>AGC>CCG	CCG>AGC>CCG	0	assembly_only_probabilistic
seq25_2.0	test	-387.14033096	-387.86709905	0.72676809	-386.16578374	0.50889954	0.30750562	CCGx16[258,306) -> AGCx24[306,378) -> COMPLEX[378,453) -> CCGx18[453,511)	CCGx16[258,306) -> AGCx24[306,378) -> COMPLEX[378,456) -> CCGx17[456,511)	CCG>AGC>CCG	CCG>AGC>CCG	0	assembly_only_probabilistic
seq26_1.0	train	-389.08159176	-389.80835985	0.72676809	-387.94283771	0.45415163	0.27442387	CCGx15[261,306) -> AGCx26[306,384) -> COMPLEX[384,459) -> CCGx18[459,517)	CCGx15[261,306) -> AGCx26[306,384) -> COMPLEX[384,462) -> CCGx17[462,517)	CCG>AGC>CCG	CCG>AGC>CCG	0	assembly_only_probabilistic
seq27_3.0	train	-381.85734559	-382.58411368	0.72676809	-380.93371505	0.52718070	0.31855213	CCGx15[261,306) -> AGCx23[306,375) -> COMPLEX[375,450) -> CCGx18[450,508)	CCGx15[261,306) -> AGCx23[306,375) -> COMPLEX[375,453) -> CCGx17[453,508)	CCG>AGC>CCG	CCG>AGC>CCG	0	assembly_only_probabilistic
seq28_3.0	train	-377.73305864	-378.45982673	0.72676809	-376.80942810	0.52718070	0.31855213	CCGx15[261,306) -> AGCx23[306,375) -> COMPLEX[375,450) -> CCGx18[450,508)	CCGx15[261,306) -> AGCx23[306,375) -> COMPLEX[375,453) -> CCGx17[453,508)	CCG>AGC>CCG	CCG>AGC>CCG	0	assembly_only_probabilistic
seq29_1.0	tune	-385.66268857	-386.38945666	0.72676809	-384.61908926	0.48511567	0.29313408	CCGx15[261,306) -> AGCx25[306,381) -> COMPLEX[381,456) -> CCGx18[456,514)	CCGx15[261,306) -> AGCx25[306,381) -> COMPLEX[381,459) -> CCGx17[459,514)	CCG>AGC>CCG	CCG>AGC>CCG	0	assembly_only_probabilistic
seq30_1.0	train	-380.11011213	-381.19755398	1.08744185	-379.21669475	0.53833742	0.25333894	CCGx15[261,306) -> AGCx25[306,381) -> COMPLEX[381,456) -> CCGx17[456,511)	CCGx15[261,306) -> AGCx25[306,381) -> COMPLEX[381,459) -> CCGx16[459,511)	CCG>AGC>CCG	CCG>AGC>CCG	0	assembly_only_probabilistic
seq31_1.0	tune	-373.60435160	-374.33111969	0.72676809	-372.78551106	0.56689736	0.34255116	CCGx16[258,306) -> AGCx19[306,363) -> COMPLEX[363,438) -> CCGx18[438,496)	CCGx16[258,306) -> AGCx19[306,363) -> COMPLEX[363,441) -> CCGx17[441,496)	CCG>AGC>CCG	CCG>AGC>CCG	0	assembly_only_probabilistic
seq32_1.0	train	-374.76749045	-375.49425854	0.72676809	-373.79302861	0.50892965	0.30752382	CCGx12[258,294) -> AGCx24[294,366) -> COMPLEX[366,441) -> CCGx18[441,499)	CCGx12[258,294) -> AGCx24[294,366) -> COMPLEX[366,444) -> CCGx17[444,499)	CCG>AGC>CCG	CCG>AGC>CCG	0	assembly_only_probabilistic
seq33_2.0	tune	-397.39704054	-398.12380862	0.72676809	-396.12636427	0.41446545	0.25044325	CCGx16[258,306) -> AGCx27[306,387) -> COMPLEX[387,462) -> CCGx18[462,520)	CCGx16[258,306) -> AGCx27[306,387) -> COMPLEX[387,465) -> CCGx17[465,520)	CCG>AGC>CCG	CCG>AGC>CCG	0	assembly_only_probabilistic
seq34_1.0	test	-389.40317102	-389.76926535	0.36609433	-388.17646475	0.42729186	0.33152726	CCGx15[261,306) -> AGCx25[306,381) -> COMPLEX[381,456) -> CCGx19[456,517)	CCGx15[261,306) -> AGCx25[306,381) -> COMPLEX[381,459) -> CCGx18[459,517)	CCG>AGC>CCG	CCG>AGC>CCG	0	assembly_only_probabilistic
seq35_1.0	tune	-383.48992082	-384.21668891	0.72676809	-382.44632151	0.48511567	0.29313408	CCGx15[261,306) -> AGCx25[306,381) -> COMPLEX[381,456) -> CCGx18[456,514)	CCGx15[261,306) -> AGCx25[306,381) -> COMPLEX[381,459) -> CCGx17[459,514)	CCG>AGC>CCG	CCG>AGC>CCG	0	assembly_only_probabilistic
seq36_1.0	train	-379.68457784	-380.41134593	0.72676809	-378.76094730	0.52718070	0.31855213	CCGx15[261,306) -> AGCx23[306,375) -> COMPLEX[375,450) -> CCGx18[450,508)	CCGx15[261,306) -> AGCx23[306,375) -> COMPLEX[375,453) -> CCGx17[453,508)	CCG>AGC>CCG	CCG>AGC>CCG	0	assembly_only_probabilistic
seq37_1.0	train	-390.88081341	-391.24690774	0.36609433	-389.72315924	0.44824078	0.34778111	CCGx16[258,306) -> AGCx24[306,378) -> COMPLEX[378,453) -> CCGx19[453,514)	CCGx16[258,306) -> AGCx24[306,378) -> COMPLEX[378,456) -> CCGx18[456,514)	CCG>AGC>CCG	CCG>AGC>CCG	0	assembly_only_probabilistic
seq38_1.0	train	-401.38907416	-402.11584225	0.72676809	-399.93579461	0.36519032	0.22066846	CCGx16[258,306) -> AGCx28[306,390) -> COMPLEX[390,465) -> CCGx18[465,523)	CCGx16[258,306) -> AGCx28[306,390) -> COMPLEX[390,468) -> CCGx17[468,523)	CCG>AGC>CCG	CCG>AGC>CCG	0	assembly_only_probabilistic
seq39_1.0	train	-374.85272798	-375.57949606	0.72676809	-373.99541996	0.55198156	0.33353820	CCGx15[261,306) -> AGCx21[306,369) -> COMPLEX[369,444) -> CCGx18[444,502)	CCGx15[261,306) -> AGCx21[306,369) -> COMPLEX[369,447) -> CCGx17[447,502)	CCG>AGC>CCG	CCG>AGC>CCG	0	assembly_only_probabilistic
seq40_1.0	train	-385.66268857	-386.38945666	0.72676809	-384.61908926	0.48511567	0.29313408	CCGx15[261,306) -> AGCx25[306,381) -> COMPLEX[381,456) -> CCGx18[456,514)	CCGx15[261,306) -> AGCx25[306,381) -> COMPLEX[381,459) -> CCGx17[459,514)	CCG>AGC>CCG	CCG>AGC>CCG	0	assembly_only_probabilistic
seq41_1.0	train	-379.56258292	-380.28935100	0.72676809	-378.67665995	0.54114122	0.32698785	CCGx16[258,306) -> AGCx22[306,372) -> COMPLEX[372,447) -> CCGx18[447,505)	CCGx16[258,306) -> AGCx22[306,372) -> COMPLEX[372,450) -> CCGx17[450,505)	CCG>AGC>CCG	CCG>AGC>CCG	0	assembly_only_probabilistic
seq42_1.0	train	-379.68457784	-380.41134593	0.72676809	-378.76094730	0.52718070	0.31855213	CCGx15[261,306) -> AGCx23[306,375) -> COMPLEX[375,450) -> CCGx18[450,508)	CCGx15[261,306) -> AGCx23[306,375) -> COMPLEX[375,453) -> CCGx17[453,508)	CCG>AGC>CCG	CCG>AGC>CCG	0	assembly_only_probabilistic
seq43_1.0	train	-387.14033096	-387.86709905	0.72676809	-386.16578374	0.50889954	0.30750562	CCGx16[258,306) -> AGCx24[306,378) -> COMPLEX[378,453) -> CCGx18[453,511)	CCGx16[258,306) -> AGCx24[306,378) -> COMPLEX[378,456) -> CCGx17[456,511)	CCG>AGC>CCG	CCG>AGC>CCG	0	assembly_only_probabilistic
seq44_1.0	test	-381.73535067	-382.46211875	0.72676809	-380.84942770	0.54114122	0.32698785	CCGx16[258,306) -> AGCx22[306,372) -> COMPLEX[372,447) -> CCGx18[447,505)	CCGx16[258,306) -> AGCx22[306,372) -> COMPLEX[372,450) -> CCGx17[450,505)	CCG>AGC>CCG	CCG>AGC>CCG	0	assembly_only_probabilistic
seq45_1.0	test	-375.44967678	-376.17644487	0.72676809	-374.52605704	0.52718464	0.31855451	CCGx13[261,300) -> AGCx23[300,369) -> COMPLEX[369,444) -> CCGx18[444,502)	CCGx13[261,300) -> AGCx23[300,369) -> COMPLEX[369,447) -> CCGx17[447,502)	CCG>AGC>CCG	CCG>AGC>CCG	0	assembly_only_probabilistic
