path	fixed_CAG_units	probability_CAG_units	fixed_GCC_units	probability_GCC_units	fixed_variant_units	probability_variant_units	fixed_signature	probability_signature
seq1_1.0	25	25	32	32	14	14	nonrepeat:0:complex_sequence|GCC_like:15:variant_repeat|CAG_like:25:variant_repeat|nonrepeat:0:complex_sequence|GCC_like:17:variant_and_interrupted_repeat|nonrepeat:0:local_insertion	nonrepeat:0:complex_sequence|GCC_like:15:variant_repeat|CAG_like:25:variant_repeat|nonrepeat:0:complex_sequence|GCC_like:17:variant_and_interrupted_repeat|nonrepeat:0:local_insertion
seq2_1.0	24	24	32	33	14	15	nonrepeat:0:complex_sequence|GCC_like:15:variant_repeat|CAG_like:24:variant_repeat|nonrepeat:0:complex_sequence|GCC_like:17:variant_and_interrupted_repeat|nonrepeat:0:local_insertion	nonrepeat:0:complex_sequence|GCC_like:16:variant_repeat|CAG_like:24:variant_repeat|nonrepeat:0:complex_sequence|GCC_like:17:variant_and_interrupted_repeat|nonrepeat:0:local_insertion
seq1_65.5	23	23	32	32	13	13	nonrepeat:0:complex_sequence|GCC_like:15:variant_repeat|CAG_like:23:variant_repeat|nonrepeat:0:complex_sequence|GCC_like:17:variant_and_interrupted_repeat|nonrepeat:0:local_insertion	nonrepeat:0:complex_sequence|GCC_like:15:variant_repeat|CAG_like:23:variant_repeat|nonrepeat:0:complex_sequence|GCC_like:17:variant_and_interrupted_repeat|nonrepeat:0:local_insertion
seq2_161.5	24	24	32	33	14	15	nonrepeat:0:complex_sequence|GCC_like:15:variant_repeat|CAG_like:24:variant_repeat|nonrepeat:0:complex_sequence|GCC_like:17:variant_and_interrupted_repeat|nonrepeat:0:local_insertion	nonrepeat:0:complex_sequence|GCC_like:16:variant_repeat|CAG_like:24:variant_repeat|nonrepeat:0:complex_sequence|GCC_like:17:variant_and_interrupted_repeat|nonrepeat:0:local_insertion
seq3_107.0	23	23	32	32	14	14	nonrepeat:0:complex_sequence|GCC_like:15:variant_repeat|CAG_like:23:variant_repeat|nonrepeat:0:complex_sequence|GCC_like:17:variant_and_interrupted_repeat|nonrepeat:0:local_insertion	nonrepeat:0:complex_sequence|GCC_like:15:variant_repeat|CAG_like:23:variant_repeat|nonrepeat:0:complex_sequence|GCC_like:17:variant_and_interrupted_repeat|nonrepeat:0:local_insertion
seq4_1.0	24	24	31	31	13	13	nonrepeat:0:complex_sequence|GCC_like:15:variant_repeat|CAG_like:24:variant_repeat|nonrepeat:0:complex_sequence|GCC_like:16:variant_and_interrupted_repeat|nonrepeat:0:local_insertion	nonrepeat:0:complex_sequence|GCC_like:15:variant_repeat|CAG_like:24:variant_repeat|nonrepeat:0:complex_sequence|GCC_like:16:variant_and_interrupted_repeat|nonrepeat:0:local_insertion
seq5_1.0	24	24	32	33	14	15	nonrepeat:0:complex_sequence|GCC_like:15:variant_repeat|CAG_like:24:variant_repeat|nonrepeat:0:complex_sequence|GCC_like:17:variant_and_interrupted_repeat|nonrepeat:0:local_insertion	nonrepeat:0:complex_sequence|GCC_like:16:variant_repeat|CAG_like:24:variant_repeat|nonrepeat:0:complex_sequence|GCC_like:17:variant_and_interrupted_repeat|nonrepeat:0:local_insertion
seq6_32.5	25	25	32	32	14	14	nonrepeat:0:complex_sequence|GCC_like:15:variant_repeat|CAG_like:25:variant_repeat|nonrepeat:0:complex_sequence|GCC_like:17:variant_and_interrupted_repeat|nonrepeat:0:local_insertion	nonrepeat:0:complex_sequence|GCC_like:15:variant_repeat|CAG_like:25:variant_repeat|nonrepeat:0:complex_sequence|GCC_like:17:variant_and_interrupted_repeat|nonrepeat:0:local_insertion
seq7_0.5	24	24	32	33	14	15	nonrepeat:0:complex_sequence|GCC_like:15:variant_repeat|CAG_like:24:variant_repeat|nonrepeat:0:complex_sequence|GCC_like:17:variant_and_interrupted_repeat|nonrepeat:0:local_insertion	nonrepeat:0:complex_sequence|GCC_like:16:variant_repeat|CAG_like:24:variant_repeat|nonrepeat:0:complex_sequence|GCC_like:17:variant_and_interrupted_repeat|nonrepeat:0:local_insertion
seq8_1.0	32	32	32	33	14	15	nonrepeat:0:complex_sequence|GCC_like:15:variant_repeat|CAG_like:32:variant_repeat|nonrepeat:0:complex_sequence|GCC_like:17:variant_and_interrupted_repeat|nonrepeat:0:local_insertion	nonrepeat:0:complex_sequence|GCC_like:16:variant_repeat|CAG_like:32:variant_repeat|nonrepeat:0:complex_sequence|GCC_like:17:variant_and_interrupted_repeat|nonrepeat:0:local_insertion
seq9_1.0	22	22	32	32	13	13	nonrepeat:0:complex_sequence|GCC_like:15:variant_repeat|CAG_like:22:variant_repeat|nonrepeat:0:complex_sequence|GCC_like:17:variant_and_interrupted_repeat|nonrepeat:0:local_insertion	nonrepeat:0:complex_sequence|GCC_like:15:variant_repeat|CAG_like:22:variant_repeat|nonrepeat:0:complex_sequence|GCC_like:17:variant_and_interrupted_repeat|nonrepeat:0:local_insertion
seq10_14.0	23	23	31	31	13	13	nonrepeat:0:complex_sequence|GCC_like:15:variant_repeat|CAG_like:23:variant_repeat|nonrepeat:0:complex_sequence|GCC_like:16:variant_and_interrupted_repeat|nonrepeat:0:local_insertion	nonrepeat:0:complex_sequence|GCC_like:15:variant_repeat|CAG_like:23:variant_repeat|nonrepeat:0:complex_sequence|GCC_like:16:variant_and_interrupted_repeat|nonrepeat:0:local_insertion
seq11_3.0	23	23	36	36	15	15	nonrepeat:0:complex_sequence|GCC_like:15:variant_repeat|CAG_like:23:variant_repeat|nonrepeat:0:complex_sequence|GCC_like:21:variant_and_interrupted_repeat|nonrepeat:0:local_insertion	nonrepeat:0:complex_sequence|GCC_like:15:variant_repeat|CAG_like:23:variant_repeat|nonrepeat:0:complex_sequence|GCC_like:21:variant_and_interrupted_repeat|nonrepeat:0:local_insertion
seq12_1.0	23	23	32	32	14	14	nonrepeat:0:complex_sequence|GCC_like:15:variant_repeat|CAG_like:23:variant_repeat|nonrepeat:0:complex_sequence|GCC_like:17:variant_and_interrupted_repeat|nonrepeat:0:local_insertion	nonrepeat:0:complex_sequence|GCC_like:15:variant_repeat|CAG_like:23:variant_repeat|nonrepeat:0:complex_sequence|GCC_like:17:variant_and_interrupted_repeat|nonrepeat:0:local_insertion
seq13_1.0	23	23	33	33	13	13	nonrepeat:0:complex_sequence|GCC_like:15:variant_repeat|CAG_like:23:variant_repeat|nonrepeat:0:complex_sequence|GCC_like:18:variant_and_interrupted_repeat|nonrepeat:0:local_insertion	nonrepeat:0:complex_sequence|GCC_like:15:variant_repeat|CAG_like:23:variant_repeat|nonrepeat:0:complex_sequence|GCC_like:18:variant_and_interrupted_repeat|nonrepeat:0:local_insertion
seq14_4.0	23	23	32	32	13	13	nonrepeat:0:complex_sequence|GCC_like:15:variant_repeat|CAG_like:23:variant_repeat|nonrepeat:0:complex_sequence|GCC_like:17:variant_and_interrupted_repeat|nonrepeat:0:local_insertion	nonrepeat:0:complex_sequence|GCC_like:15:variant_repeat|CAG_like:23:variant_repeat|nonrepeat:0:complex_sequence|GCC_like:17:variant_and_interrupted_repeat|nonrepeat:0:local_insertion
seq15_1.0	24	24	32	33	14	15	nonrepeat:0:complex_sequence|GCC_like:15:variant_repeat|CAG_like:24:variant_repeat|nonrepeat:0:complex_sequence|GCC_like:17:variant_and_interrupted_repeat|nonrepeat:0:local_insertion	nonrepeat:0:complex_sequence|GCC_like:16:variant_repeat|CAG_like:24:variant_repeat|nonrepeat:0:complex_sequence|GCC_like:17:variant_and_interrupted_repeat|nonrepeat:0:local_insertion
seq16_1.0	28	28	34	35	14	15	nonrepeat:0:complex_sequence|GCC_like:15:variant_repeat|CAG_like:28:variant_repeat|nonrepeat:0:complex_sequence|GCC_like:19:variant_and_interrupted_repeat|nonrepeat:0:local_insertion	nonrepeat:0:complex_sequence|GCC_like:16:variant_repeat|CAG_like:28:variant_repeat|nonrepeat:0:complex_sequence|GCC_like:19:variant_and_interrupted_repeat|nonrepeat:0:local_insertion
seq17_3.0	23	23	29	29	14	14	nonrepeat:0:complex_sequence|GCC_like:15:variant_repeat|CAG_like:23:variant_repeat|nonrepeat:0:complex_sequence|GCC_like:14:variant_and_interrupted_repeat|nonrepeat:0:local_insertion	nonrepeat:0:complex_sequence|GCC_like:15:variant_repeat|CAG_like:23:variant_repeat|nonrepeat:0:complex_sequence|GCC_like:14:variant_and_interrupted_repeat|nonrepeat:0:local_insertion
seq18_3.0	24	24	32	33	14	15	nonrepeat:0:complex_sequence|GCC_like:15:variant_repeat|CAG_like:24:variant_repeat|nonrepeat:0:complex_sequence|GCC_like:17:variant_and_interrupted_repeat|nonrepeat:0:local_insertion	nonrepeat:0:complex_sequence|GCC_like:16:variant_repeat|CAG_like:24:variant_repeat|nonrepeat:0:complex_sequence|GCC_like:17:variant_and_interrupted_repeat|nonrepeat:0:local_insertion
seq19_13.0	21	21	32	32	14	14	nonrepeat:0:complex_sequence|GCC_like:15:variant_repeat|CAG_like:21:variant_repeat|nonrepeat:0:complex_sequence|GCC_like:17:variant_and_interrupted_repeat|nonrepeat:0:local_insertion	nonrepeat:0:complex_sequence|GCC_like:15:variant_repeat|CAG_like:21:variant_repeat|nonrepeat:0:complex_sequence|GCC_like:17:variant_and_interrupted_repeat|nonrepeat:0:local_insertion
seq20_1.0	24	24	32	32	13	13	nonrepeat:0:complex_sequence|GCC_like:15:variant_repeat|CAG_like:24:variant_repeat|nonrepeat:0:complex_sequence|GCC_like:17:variant_and_interrupted_repeat|nonrepeat:0:local_insertion	nonrepeat:0:complex_sequence|GCC_like:15:variant_repeat|CAG_like:24:variant_repeat|nonrepeat:0:complex_sequence|GCC_like:17:variant_and_interrupted_repeat|nonrepeat:0:local_insertion
seq21_1.0	22	22	32	32	14	14	nonrepeat:0:complex_sequence|GCC_like:15:variant_repeat|CAG_like:22:variant_repeat|nonrepeat:0:complex_sequence|GCC_like:17:variant_and_interrupted_repeat|nonrepeat:0:local_insertion	nonrepeat:0:complex_sequence|GCC_like:15:variant_repeat|CAG_like:22:variant_repeat|nonrepeat:0:complex_sequence|GCC_like:17:variant_and_interrupted_repeat|nonrepeat:0:local_insertion
seq22_2.0	24	24	32	32	15	15	nonrepeat:0:complex_sequence|GCC_like:15:variant_repeat|CAG_like:24:variant_repeat|nonrepeat:0:complex_sequence|GCC_like:17:variant_and_interrupted_repeat|nonrepeat:0:local_insertion	nonrepeat:0:complex_sequence|GCC_like:15:variant_repeat|CAG_like:24:variant_repeat|nonrepeat:0:complex_sequence|GCC_like:17:variant_and_interrupted_repeat|nonrepeat:0:local_insertion
seq23_12.0	24	24	32	32	14	14	nonrepeat:0:complex_sequence|GCC_like:15:variant_repeat|CAG_like:24:variant_repeat|nonrepeat:0:complex_sequence|GCC_like:17:variant_and_interrupted_repeat|nonrepeat:0:local_insertion	nonrepeat:0:complex_sequence|GCC_like:15:variant_repeat|CAG_like:24:variant_repeat|nonrepeat:0:complex_sequence|GCC_like:17:variant_and_interrupted_repeat|nonrepeat:0:local_insertion
seq24_1.0	23	23	32	32	14	14	nonrepeat:0:complex_sequence|GCC_like:15:variant_repeat|CAG_like:23:variant_repeat|nonrepeat:0:complex_sequence|GCC_like:17:variant_and_interrupted_repeat|nonrepeat:0:local_insertion	nonrepeat:0:complex_sequence|GCC_like:15:variant_repeat|CAG_like:23:variant_repeat|nonrepeat:0:complex_sequence|GCC_like:17:variant_and_interrupted_repeat|nonrepeat:0:local_insertion
seq25_2.0	24	24	32	33	14	15	nonrepeat:0:complex_sequence|GCC_like:15:variant_repeat|CAG_like:24:variant_repeat|nonrepeat:0:complex_sequence|GCC_like:17:variant_and_interrupted_repeat|nonrepeat:0:local_insertion	nonrepeat:0:complex_sequence|GCC_like:16:variant_repeat|CAG_like:24:variant_repeat|nonrepeat:0:complex_sequence|GCC_like:17:variant_and_interrupted_repeat|nonrepeat:0:local_insertion
seq26_1.0	26	26	32	32	14	14	nonrepeat:0:complex_sequence|GCC_like:15:variant_repeat|CAG_like:26:variant_repeat|nonrepeat:0:complex_sequence|GCC_like:17:variant_and_interrupted_repeat|nonrepeat:0:local_insertion	nonrepeat:0:complex_sequence|GCC_like:15:variant_repeat|CAG_like:26:variant_repeat|nonrepeat:0:complex_sequence|GCC_like:17:variant_and_interrupted_repeat|nonrepeat:0:local_insertion
seq27_3.0	23	23	32	32	15	15	nonrepeat:0:complex_sequence|GCC_like:15:variant_repeat|CAG_like:23:variant_repeat|nonrepeat:0:complex_sequence|GCC_like:17:variant_and_interrupted_repeat|nonrepeat:0:local_insertion	nonrepeat:0:complex_sequence|GCC_like:15:variant_repeat|CAG_like:23:variant_repeat|nonrepeat:0:complex_sequence|GCC_like:17:variant_and_interrupted_repeat|nonrepeat:0:local_insertion
seq28_3.0	23	23	32	32	13	13	nonrepeat:0:complex_sequence|GCC_like:15:variant_repeat|CAG_like:23:variant_repeat|nonrepeat:0:complex_sequence|GCC_like:17:variant_and_interrupted_repeat|nonrepeat:0:local_insertion	nonrepeat:0:complex_sequence|GCC_like:15:variant_repeat|CAG_like:23:variant_repeat|nonrepeat:0:complex_sequence|GCC_like:17:variant_and_interrupted_repeat|nonrepeat:0:local_insertion
seq29_1.0	25	25	32	32	14	14	nonrepeat:0:complex_sequence|GCC_like:15:variant_repeat|CAG_like:25:variant_repeat|nonrepeat:0:complex_sequence|GCC_like:17:variant_and_interrupted_repeat|nonrepeat:0:local_insertion	nonrepeat:0:complex_sequence|GCC_like:15:variant_repeat|CAG_like:25:variant_repeat|nonrepeat:0:complex_sequence|GCC_like:17:variant_and_interrupted_repeat|nonrepeat:0:local_insertion
seq30_1.0	25	25	31	31	13	13	nonrepeat:0:complex_sequence|GCC_like:15:variant_repeat|CAG_like:25:variant_repeat|nonrepeat:0:complex_sequence|GCC_like:16:variant_and_interrupted_repeat|nonrepeat:0:local_insertion	nonrepeat:0:complex_sequence|GCC_like:15:variant_repeat|CAG_like:25:variant_repeat|nonrepeat:0:complex_sequence|GCC_like:16:variant_and_interrupted_repeat|nonrepeat:0:local_insertion
seq31_1.0	19	19	32	33	13	14	nonrepeat:0:complex_sequence|GCC_like:15:variant_repeat|CAG_like:19:variant_repeat|nonrepeat:0:complex_sequence|GCC_like:17:variant_and_interrupted_repeat|nonrepeat:0:local_insertion	nonrepeat:0:complex_sequence|GCC_like:16:variant_repeat|CAG_like:19:variant_repeat|nonrepeat:0:complex_sequence|GCC_like:17:variant_and_interrupted_repeat|nonrepeat:0:local_insertion
seq32_1.0	24	24	28	29	12	13	nonrepeat:0:complex_sequence|GCC_like:11:primary_repeat|CAG_like:24:variant_repeat|nonrepeat:0:complex_sequence|GCC_like:17:variant_and_interrupted_repeat|nonrepeat:0:local_insertion	nonrepeat:0:complex_sequence|GCC_like:12:variant_repeat|CAG_like:24:variant_repeat|nonrepeat:0:complex_sequence|GCC_like:17:variant_and_interrupted_repeat|nonrepeat:0:local_insertion
seq33_2.0	27	27	32	33	14	15	nonrepeat:0:complex_sequence|GCC_like:15:variant_repeat|CAG_like:27:variant_repeat|nonrepeat:0:complex_sequence|GCC_like:17:variant_and_interrupted_repeat|nonrepeat:0:local_insertion	nonrepeat:0:complex_sequence|GCC_like:16:variant_repeat|CAG_like:27:variant_repeat|nonrepeat:0:complex_sequence|GCC_like:17:variant_and_interrupted_repeat|nonrepeat:0:local_insertion
seq34_1.0	25	25	33	33	14	14	nonrepeat:0:complex_sequence|GCC_like:15:variant_repeat|CAG_like:25:variant_repeat|nonrepeat:0:complex_sequence|GCC_like:18:variant_and_interrupted_repeat|nonrepeat:0:local_insertion	nonrepeat:0:complex_sequence|GCC_like:15:variant_repeat|CAG_like:25:variant_repeat|nonrepeat:0:complex_sequence|GCC_like:18:variant_and_interrupted_repeat|nonrepeat:0:local_insertion
seq35_1.0	25	25	32	32	13	13	nonrepeat:0:complex_sequence|GCC_like:15:variant_repeat|CAG_like:25:variant_repeat|nonrepeat:0:complex_sequence|GCC_like:17:variant_and_interrupted_repeat|nonrepeat:0:local_insertion	nonrepeat:0:complex_sequence|GCC_like:15:variant_repeat|CAG_like:25:variant_repeat|nonrepeat:0:complex_sequence|GCC_like:17:variant_and_interrupted_repeat|nonrepeat:0:local_insertion
seq36_1.0	23	23	32	32	14	14	nonrepeat:0:complex_sequence|GCC_like:15:variant_repeat|CAG_like:23:variant_repeat|nonrepeat:0:complex_sequence|GCC_like:17:variant_and_interrupted_repeat|nonrepeat:0:local_insertion	nonrepeat:0:complex_sequence|GCC_like:15:variant_repeat|CAG_like:23:variant_repeat|nonrepeat:0:complex_sequence|GCC_like:17:variant_and_interrupted_repeat|nonrepeat:0:local_insertion
seq37_1.0	24	24	33	34	14	15	nonrepeat:0:complex_sequence|GCC_like:15:variant_repeat|CAG_like:24:variant_repeat|nonrepeat:0:complex_sequence|GCC_like:18:variant_and_interrupted_repeat|nonrepeat:0:local_insertion	nonrepeat:0:complex_sequence|GCC_like:16:variant_repeat|CAG_like:24:variant_repeat|nonrepeat:0:complex_sequence|GCC_like:18:variant_and_interrupted_repeat|nonrepeat:0:local_insertion
seq38_1.0	28	28	32	33	14	15	nonrepeat:0:complex_sequence|GCC_like:15:variant_repeat|CAG_like:28:variant_repeat|nonrepeat:0:complex_sequence|GCC_like:17:variant_and_interrupted_repeat|nonrepeat:0:local_insertion	nonrepeat:0:complex_sequence|GCC_like:16:variant_repeat|CAG_like:28:variant_repeat|nonrepeat:0:complex_sequence|GCC_like:17:variant_and_interrupted_repeat|nonrepeat:0:local_insertion
seq39_1.0	21	21	32	32	14	14	nonrepeat:0:complex_sequence|GCC_like:15:variant_repeat|CAG_like:21:variant_repeat|nonrepeat:0:complex_sequence|GCC_like:17:variant_and_interrupted_repeat|nonrepeat:0:local_insertion	nonrepeat:0:complex_sequence|GCC_like:15:variant_repeat|CAG_like:21:variant_repeat|nonrepeat:0:complex_sequence|GCC_like:17:variant_and_interrupted_repeat|nonrepeat:0:local_insertion
seq40_1.0	25	25	32	32	14	14	nonrepeat:0:complex_sequence|GCC_like:15:variant_repeat|CAG_like:25:variant_repeat|nonrepeat:0:complex_sequence|GCC_like:17:variant_and_interrupted_repeat|nonrepeat:0:local_insertion	nonrepeat:0:complex_sequence|GCC_like:15:variant_repeat|CAG_like:25:variant_repeat|nonrepeat:0:complex_sequence|GCC_like:17:variant_and_interrupted_repeat|nonrepeat:0:local_insertion
seq41_1.0	22	22	32	33	13	14	nonrepeat:0:complex_sequence|GCC_like:15:variant_repeat|CAG_like:22:variant_repeat|nonrepeat:0:complex_sequence|GCC_like:17:variant_and_interrupted_repeat|nonrepeat:0:local_insertion	nonrepeat:0:complex_sequence|GCC_like:16:variant_repeat|CAG_like:22:variant_repeat|nonrepeat:0:complex_sequence|GCC_like:17:variant_and_interrupted_repeat|nonrepeat:0:local_insertion
seq42_1.0	23	23	32	32	14	14	nonrepeat:0:complex_sequence|GCC_like:15:variant_repeat|CAG_like:23:variant_repeat|nonrepeat:0:complex_sequence|GCC_like:17:variant_and_interrupted_repeat|nonrepeat:0:local_insertion	nonrepeat:0:complex_sequence|GCC_like:15:variant_repeat|CAG_like:23:variant_repeat|nonrepeat:0:complex_sequence|GCC_like:17:variant_and_interrupted_repeat|nonrepeat:0:local_insertion
seq43_1.0	24	24	32	33	14	15	nonrepeat:0:complex_sequence|GCC_like:15:variant_repeat|CAG_like:24:variant_repeat|nonrepeat:0:complex_sequence|GCC_like:17:variant_and_interrupted_repeat|nonrepeat:0:local_insertion	nonrepeat:0:complex_sequence|GCC_like:16:variant_repeat|CAG_like:24:variant_repeat|nonrepeat:0:complex_sequence|GCC_like:17:variant_and_interrupted_repeat|nonrepeat:0:local_insertion
seq44_1.0	22	22	32	33	14	15	nonrepeat:0:complex_sequence|GCC_like:15:variant_repeat|CAG_like:22:variant_repeat|nonrepeat:0:complex_sequence|GCC_like:17:variant_and_interrupted_repeat|nonrepeat:0:local_insertion	nonrepeat:0:complex_sequence|GCC_like:16:variant_repeat|CAG_like:22:variant_repeat|nonrepeat:0:complex_sequence|GCC_like:17:variant_and_interrupted_repeat|nonrepeat:0:local_insertion
seq45_1.0	23	23	30	30	14	14	nonrepeat:0:complex_sequence|GCC_like:13:variant_repeat|CAG_like:23:variant_repeat|nonrepeat:0:complex_sequence|GCC_like:17:variant_and_interrupted_repeat|nonrepeat:0:local_insertion	nonrepeat:0:complex_sequence|GCC_like:13:variant_repeat|CAG_like:23:variant_repeat|nonrepeat:0:complex_sequence|GCC_like:17:variant_and_interrupted_repeat|nonrepeat:0:local_insertion
