path	split	split_hash	path_weight	p2_block_count	p3_block_count	p2_family_order	p3_family_order	changed_from_p2
seq10_1.0	train	b909f6a12077df125e0b6697a278b6e111a667295d5efe2359192cb32b930245	1.00000000	3	3	CCG>AGC>CCG	CCG>AGC>CCG	0
seq11_1.0	train	879aa56d53ba900fd725f6b6e4d891e0058efa5947766f32f45222d4ac967f53	1.00000000	3	3	CCG>AGC>CCG	CCG>AGC>CCG	0
seq12_1.0	train	dd404532e6c3de09ed3af32f203c665f26ff17ded848828b6c5df52ebf349fab	1.00000000	4	3	CCG>CCG>AGC>CCG	CCG>AGC>CCG	1
seq13_2.0	tune	73ae0fde563e37810a0c0b10a054ababf893c3d53d1e7ac12afa81fff52a7e61	2.00000000	3	3	CCG>AGC>CCG	CCG>AGC>CCG	0
seq14_1.0	train	873cd8d819566af93d1a1a086774185997ff4335a5f563c6ca690700f96f0240	1.00000000	3	3	CCG>AGC>CCG	CCG>AGC>CCG	0
seq15_2.5	test	248bfbb9c01f940c4948ddaa48ec89cfddea92e8877b64d4b3a1776f4a17a2da	2.50000000	3	3	CCG>AGC>CCG	CCG>AGC>CCG	0
seq16_1.0	tune	23b7124e4d83270da26fa0a25434859425109ac354af56674adbfec1f50d090c	1.00000000	3	3	CCG>AGC>CCG	CCG>AGC>CCG	0
seq17_1.0	train	0669d717ebf5bc55548c54e60a3ee4471c28076b3f20be2cdca08a7f713ecb16	1.00000000	3	3	CCG>AGC>CCG	CCG>AGC>CCG	0
seq18_1.0	tune	48413c3267a7493268ad4b632890c25adbaa45c69b28a5916ff8e061141133a4	1.00000000	3	3	CCG>AGC>CCG	CCG>AGC>CCG	0
seq19_1.0	train	96792b29751240c838c2edc0c28cfffb53dcab9b32bdb6f9306fa13f35ffde37	1.00000000	3	3	CCG>AGC>CCG	CCG>AGC>CCG	0
seq1_1.0	train	c9e28c5f5b2aafa96c5ab7eb02662c31094a0b5946f56b7f1975ecb8064ad69e	1.00000000	3	3	CCG>AGC>CCG	CCG>AGC>CCG	0
seq1_158.0	train	ec8f3b624824b66b67b9b8bbedb48b4b57ba5374c6b305fb2badc40c55bbbb72	158.00000000	3	3	CCG>AGC>CCG	CCG>AGC>CCG	0
seq20_1.0	train	c3e77c9f58141cc2cf7754a159c7bcc2d6aa15868a4d3ac1dca4d7961f354a86	1.00000000	3	3	CCG>AGC>CCG	CCG>AGC>CCG	0
seq21_1.0	train	4bd5d968e1b30a49497dc6de945d3ad700ba4120949ae16a5dda44e1c37dbfc7	1.00000000	3	3	CCG>AGC>CCG	CCG>AGC>CCG	0
seq22_1.0	train	5fb1f1d79c56800a4c256fa57daace7d35f7880571a6774910fec7d537d10d07	1.00000000	3	3	CCG>AGC>CCG	CCG>AGC>CCG	0
seq23_1.0	train	28d9a6526ec2df2a79a19568544aeee572f0a87994c586ecccd2a28d29bdf13c	1.00000000	3	3	CCG>AGC>CCG	CCG>AGC>CCG	0
seq24_2.0	tune	a4ba26b651bbf912b0c1faf4e9512255b48f7046903ba904f48ef38e7c654678	2.00000000	3	3	CCG>AGC>CCG	CCG>AGC>CCG	0
seq25_1.0	train	7d6bb56cf3a4aa8da87cb5673c2c01d7b02fbe62c87301070c4642aad5f6cf48	1.00000000	3	3	CCG>AGC>CCG	CCG>AGC>CCG	0
seq26_1.0	train	19ecaaddc354d8565c3752d303cbddda5a2b82be7f9b7c6b02efdefe2108f6d1	1.00000000	3	3	CCG>AGC>CCG	CCG>AGC>CCG	0
seq2_1.0	train	db6978c790adc8f8e706b659d6a19215c066f5ad19808f4cb48a831d60d7672d	1.00000000	3	3	CCG>AGC>CCG	CCG>AGC>CCG	0
seq2_37.5	test	82b6f24fa1557bd2e161f8eb759356c0d5c2a8af6a74feabbec4beacd889bc11	37.50000000	3	3	CCG>AGC>CCG	CCG>AGC>CCG	0
seq3_29.0	train	cd588579f25de3b0ed73e77aba5cb455ad2a062fe2c4d87cbc2c4983f1734689	29.00000000	3	3	CCG>AGC>CCG	CCG>AGC>CCG	0
seq4_54.5	tune	c1c51411fe193e79ba22d1f71509e58ca0fa1c72c3f6c2f5ae0ea314ec7af6a3	54.50000000	3	3	CCG>AGC>CCG	CCG>AGC>CCG	0
seq5_3.0	test	4b176d1e7b2ce793270c57edbf6603594c277fb87e3117ee1113299b3f0584d5	3.00000000	3	3	CCG>AGC>CCG	CCG>AGC>CCG	0
seq6_2.0	tune	0e19ed40ee0211de8c88e72779e91e174e53a9222cf7d6a84807e6ac8b1c48d9	2.00000000	3	3	CCG>AGC>CCG	CCG>AGC>CCG	0
seq7_5.0	test	9c52a6fd64f3fdc0eb8e8854d40b186dd4c85c088860472f19bc7b767ee6718a	5.00000000	3	3	CCG>AGC>CCG	CCG>AGC>CCG	0
seq8_1.0	train	4ad63b3e8db7cf856aecad8b3c98c4f0f704cada5d084770d6fa7ea18d46bbdc	1.00000000	3	3	CCG>AGC>CCG	CCG>AGC>CCG	0
seq9_7.0	test	c39de0f1d7092d5a47504e6b904802844d22234939cacf259a9896891bb9cceb	7.00000000	3	3	CCG>AGC>CCG	CCG>AGC>CCG	0
