parameter_group	state_from	state_to	parameter	estimate	unit	learned_from
emission_or_duration	AGC	-	exact_emission_probability	0.74917219	probability	training_paths_only
emission_or_duration	AGC	-	variant_emission_probability	0.25082781	probability	training_paths_only
emission_or_duration	AGC	-	duration_mean	23.90099010	motif_copies	training_paths_only
emission_or_duration	AGC	-	duration_sd	2.00000000	motif_copies	training_paths_only
emission_or_duration	AGC	-	insertion_run_mean	4.00000000	bp	training_paths_only
emission_or_duration	CCG	-	exact_emission_probability	0.71430663	probability	training_paths_only
emission_or_duration	CCG	-	variant_emission_probability	0.28569337	probability	training_paths_only
emission_or_duration	CCG	-	duration_mean	16.85185185	motif_copies	training_paths_only
emission_or_duration	CCG	-	duration_sd	2.00000000	motif_copies	training_paths_only
emission_or_duration	CCG	-	insertion_run_mean	4.00000000	bp	training_paths_only
duration	C	-	complex_run_mean	74.68965517	bp	training_paths_only
transition	AGC	C	transition_probability	0.99508600	probability	training_paths_only
transition	AGC	CCG	transition_probability	0.00245700	probability	training_paths_only
transition	AGC	END	transition_probability	0.00245700	probability	training_paths_only
transition	C	AGC	transition_probability	0.00244499	probability	training_paths_only
transition	C	CCG	transition_probability	0.99511002	probability	training_paths_only
transition	C	END	transition_probability	0.00244499	probability	training_paths_only
transition	CCG	AGC	transition_probability	0.49815498	probability	training_paths_only
transition	CCG	C	transition_probability	0.00369004	probability	training_paths_only
transition	CCG	END	transition_probability	0.49815498	probability	training_paths_only
transition	START	AGC	transition_probability	0.00245700	probability	training_paths_only
transition	START	C	transition_probability	0.00245700	probability	training_paths_only
transition	START	CCG	transition_probability	0.99508600	probability	training_paths_only
