path	split	repeat_block	start_bp	end_bp	start_ci_low_bp	start_ci_high_bp	end_ci_low_bp	end_ci_high_bp	family_id	canonical_family	oriented_motif	copies	exact_copies	variant_copies	inserted_bp	insertions	repeat_density	segment_posterior	mean_token_posterior	min_token_posterior	confidence	interpretation_status	coordinate_system
seq1_1.0	train	R1	261	306	261	261	306	306	M2	CCG	GCG	15	13	2	0	-	1.00000000	0.99996969	0.99999780	0.99997006	high	assembly_only_probabilistic	0-based_half-open
seq1_1.0	train	R2	306	381	306	306	372	381	M1	AGC	CAG	25	19	6	0	-	1.00000000	0.80891144	0.98774684	0.80891276	moderate	assembly_only_probabilistic	0-based_half-open
seq1_1.0	train	R3	456	514	456	462	514	514	M2	CCG	GCC	18	11	7	4	495:GAAC	0.93103448	0.62688450	0.97770193	0.62688573	moderate	assembly_only_probabilistic	0-based_half-open
seq2_1.0	train	R1	258	306	258	258	306	306	M2	CCG	GCG	16	13	3	0	-	1.00000000	0.99987081	0.99999109	0.99987122	high	assembly_only_probabilistic	0-based_half-open
seq2_1.0	train	R2	306	378	306	306	372	378	M1	AGC	CAG	24	18	6	0	-	1.00000000	0.83737646	0.98961727	0.83737765	moderate	assembly_only_probabilistic	0-based_half-open
seq2_1.0	train	R3	453	511	453	459	511	511	M2	CCG	GCC	18	11	7	4	492:GAAC	0.93103448	0.62688450	0.97770193	0.62688573	moderate	assembly_only_probabilistic	0-based_half-open
seq1_158.0	train	R1	258	306	258	258	306	306	M2	CCG	GCG	16	13	3	0	-	1.00000000	0.99987081	0.99999109	0.99987122	high	assembly_only_probabilistic	0-based_half-open
seq1_158.0	train	R2	306	378	306	306	372	378	M1	AGC	CAG	24	18	6	0	-	1.00000000	0.83737646	0.98961727	0.83737765	moderate	assembly_only_probabilistic	0-based_half-open
seq1_158.0	train	R3	453	511	453	459	511	511	M2	CCG	GCC	18	11	7	4	492:GAAC	0.93103448	0.62688450	0.97770193	0.62688573	moderate	assembly_only_probabilistic	0-based_half-open
seq2_37.5	test	R1	261	306	261	261	306	306	M2	CCG	GCG	15	13	2	0	-	1.00000000	0.99996969	0.99999780	0.99997006	high	assembly_only_probabilistic	0-based_half-open
seq2_37.5	test	R2	306	381	306	306	372	381	M1	AGC	CAG	25	19	6	0	-	1.00000000	0.80891144	0.98774684	0.80891276	moderate	assembly_only_probabilistic	0-based_half-open
seq2_37.5	test	R3	456	514	456	462	514	514	M2	CCG	GCC	18	11	7	4	495:GAAC	0.93103448	0.62688450	0.97770193	0.62688573	moderate	assembly_only_probabilistic	0-based_half-open
seq3_29.0	train	R1	261	306	261	261	306	306	M2	CCG	GCG	15	13	2	0	-	1.00000000	0.99996972	0.99999780	0.99997006	high	assembly_only_probabilistic	0-based_half-open
seq3_29.0	train	R2	306	375	306	306	369	375	M1	AGC	CAG	23	17	6	0	-	1.00000000	0.86132311	0.99114470	0.86132416	moderate	assembly_only_probabilistic	0-based_half-open
seq3_29.0	train	R3	450	508	450	456	508	508	M2	CCG	GCC	18	12	6	4	489:GAAC	0.93103448	0.62688451	0.97770193	0.62688573	moderate	assembly_only_probabilistic	0-based_half-open
seq4_54.5	tune	R1	261	306	261	261	306	306	M2	CCG	GCG	15	13	2	0	-	1.00000000	0.99996972	0.99999780	0.99997006	high	assembly_only_probabilistic	0-based_half-open
seq4_54.5	tune	R2	306	375	306	306	369	375	M1	AGC	CAG	23	17	6	0	-	1.00000000	0.86132311	0.99114470	0.86132416	moderate	assembly_only_probabilistic	0-based_half-open
seq4_54.5	tune	R3	450	508	450	456	508	508	M2	CCG	GCC	18	11	7	4	489:GAAC	0.93103448	0.62688450	0.97770193	0.62688573	moderate	assembly_only_probabilistic	0-based_half-open
seq5_3.0	test	R1	261	306	261	261	306	306	M2	CCG	GCG	15	13	2	0	-	1.00000000	0.99996975	0.99999780	0.99997006	high	assembly_only_probabilistic	0-based_half-open
seq5_3.0	test	R2	306	369	306	306	363	369	M1	AGC	CAG	21	15	6	0	-	1.00000000	0.89839891	0.99341310	0.89839973	moderate	assembly_only_probabilistic	0-based_half-open
seq5_3.0	test	R3	444	502	444	450	502	502	M2	CCG	GCC	18	11	7	4	483:GAAC	0.93103448	0.62688450	0.97770193	0.62688573	moderate	assembly_only_probabilistic	0-based_half-open
seq6_2.0	tune	R1	261	306	261	261	306	306	M2	CCG	GCG	15	13	2	0	-	1.00000000	0.99996974	0.99999780	0.99997006	high	assembly_only_probabilistic	0-based_half-open
seq6_2.0	tune	R2	306	372	306	306	366	372	M1	AGC	CAG	22	17	5	0	-	1.00000000	0.88145589	0.99239223	0.88145682	moderate	assembly_only_probabilistic	0-based_half-open
seq6_2.0	tune	R3	447	505	447	453	505	505	M2	CCG	GCC	18	11	7	4	486:GAAC	0.93103448	0.62688450	0.97770193	0.62688573	moderate	assembly_only_probabilistic	0-based_half-open
seq7_5.0	test	R1	261	306	261	261	306	306	M2	CCG	GCG	15	13	2	0	-	1.00000000	0.99996972	0.99999780	0.99997006	high	assembly_only_probabilistic	0-based_half-open
seq7_5.0	test	R2	306	375	306	306	369	375	M1	AGC	CAG	23	18	5	0	-	1.00000000	0.86132311	0.99114470	0.86132416	moderate	assembly_only_probabilistic	0-based_half-open
seq7_5.0	test	R3	450	508	450	456	508	508	M2	CCG	GCC	18	11	7	4	489:GAAC	0.93103448	0.62688450	0.97770193	0.62688573	moderate	assembly_only_probabilistic	0-based_half-open
seq8_1.0	train	R1	258	306	258	258	306	306	M2	CCG	GCG	16	13	3	0	-	1.00000000	0.99987046	0.99999107	0.99987122	high	assembly_only_probabilistic	0-based_half-open
seq8_1.0	train	R2	306	402	306	306	390	402	M1	AGC	CAG	32	26	6	0	-	1.00000000	0.44012232	0.95971511	0.44012521	low	assembly_only_probabilistic	0-based_half-open
seq8_1.0	train	R3	477	535	477	483	535	535	M2	CCG	GCC	18	11	7	4	516:GAAC	0.93103448	0.62688450	0.97770193	0.62688573	moderate	assembly_only_probabilistic	0-based_half-open
seq9_7.0	test	R1	258	306	258	258	306	306	M2	CCG	GCG	16	13	3	0	-	1.00000000	0.99987070	0.99999108	0.99987122	high	assembly_only_probabilistic	0-based_half-open
seq9_7.0	test	R2	306	390	306	306	381	390	M1	AGC	CAG	28	22	6	0	-	1.00000000	0.68904873	0.97934022	0.68905057	moderate	assembly_only_probabilistic	0-based_half-open
seq9_7.0	test	R3	465	523	465	471	523	523	M2	CCG	GCC	18	11	7	4	504:GAAC	0.93103448	0.62688450	0.97770193	0.62688573	moderate	assembly_only_probabilistic	0-based_half-open
seq10_1.0	train	R1	261	306	261	261	306	306	M2	CCG	GCG	15	13	2	0	-	1.00000000	0.99996947	0.99999778	0.99997006	high	assembly_only_probabilistic	0-based_half-open
seq10_1.0	train	R2	306	399	306	306	387	399	M1	AGC	CAG	31	24	7	0	-	1.00000000	0.50989184	0.96549775	0.50989424	low	assembly_only_probabilistic	0-based_half-open
seq10_1.0	train	R3	474	532	474	480	532	532	M2	CCG	GCC	18	11	7	4	513:GAAC	0.93103448	0.62688450	0.97770193	0.62688573	moderate	assembly_only_probabilistic	0-based_half-open
seq11_1.0	train	R1	261	306	261	261	306	306	M2	CCG	GCG	15	13	2	0	-	1.00000000	0.99996972	0.99999780	0.99997006	high	assembly_only_probabilistic	0-based_half-open
seq11_1.0	train	R2	306	375	306	306	369	375	M1	AGC	CAG	23	17	6	0	-	1.00000000	0.86132311	0.99114470	0.86132416	moderate	assembly_only_probabilistic	0-based_half-open
seq11_1.0	train	R3	450	511	450	456	511	511	M2	CCG	GCC	19	12	7	4	492:GAAC	0.93442623	0.59283990	0.97647584	0.59284143	moderate	assembly_only_probabilistic	0-based_half-open
seq12_1.0	train	R1	258	306	258	258	306	306	M2	CCG	GCG	14	12	2	6	276:GCA;279:GCA	0.87500000	0.99990156	0.99999335	0.99990194	high	assembly_only_probabilistic	0-based_half-open
seq12_1.0	train	R2	306	378	306	306	372	378	M1	AGC	CAG	24	18	6	0	-	1.00000000	0.83737649	0.98961728	0.83737765	moderate	assembly_only_probabilistic	0-based_half-open
seq12_1.0	train	R3	453	511	453	459	511	511	M2	CCG	GCC	18	11	7	4	492:GAAC	0.93103448	0.62688450	0.97770193	0.62688573	moderate	assembly_only_probabilistic	0-based_half-open
seq13_2.0	tune	R1	261	306	261	261	306	306	M2	CCG	GCG	15	13	2	0	-	1.00000000	0.99996972	0.99999780	0.99997006	high	assembly_only_probabilistic	0-based_half-open
seq13_2.0	tune	R2	306	375	306	306	369	375	M1	AGC	CAG	23	17	6	0	-	1.00000000	0.86132311	0.99114470	0.86132416	moderate	assembly_only_probabilistic	0-based_half-open
seq13_2.0	tune	R3	450	508	450	456	508	508	M2	CCG	GCC	18	11	7	4	489:GAAC	0.93103448	0.62688450	0.97770193	0.62688573	moderate	assembly_only_probabilistic	0-based_half-open
seq14_1.0	train	R1	258	306	258	258	306	306	M2	CCG	GCG	16	13	3	0	-	1.00000000	0.99987086	0.99999110	0.99987122	high	assembly_only_probabilistic	0-based_half-open
seq14_1.0	train	R2	306	369	306	306	363	369	M1	AGC	CAG	21	16	5	0	-	1.00000000	0.89839890	0.99341310	0.89839973	moderate	assembly_only_probabilistic	0-based_half-open
seq14_1.0	train	R3	444	502	444	450	502	502	M2	CCG	GCC	18	11	7	4	483:GAAC	0.93103448	0.62688450	0.97770193	0.62688573	moderate	assembly_only_probabilistic	0-based_half-open
seq15_2.5	test	R1	258	306	258	258	306	306	M2	CCG	GCG	16	13	3	0	-	1.00000000	0.99987081	0.99999109	0.99987122	high	assembly_only_probabilistic	0-based_half-open
seq15_2.5	test	R2	306	378	306	306	372	378	M1	AGC	CAG	24	18	6	0	-	1.00000000	0.83737646	0.98961727	0.83737765	moderate	assembly_only_probabilistic	0-based_half-open
seq15_2.5	test	R3	453	502	453	456	502	502	M2	CCG	GCC	15	8	7	4	483:GAAC	0.91836735	0.71821038	0.98079731	0.71821114	moderate	assembly_only_probabilistic	0-based_half-open
seq16_1.0	tune	R1	261	306	261	261	306	306	M2	CCG	GCG	15	13	2	0	-	1.00000000	0.99996941	0.99999778	0.99997006	high	assembly_only_probabilistic	0-based_half-open
seq16_1.0	tune	R2	306	402	306	306	390	402	M1	AGC	CAG	32	26	6	0	-	1.00000000	0.44012238	0.95971513	0.44012518	low	assembly_only_probabilistic	0-based_half-open
seq16_1.0	tune	R3	477	532	477	483	532	532	M2	CCG	GCC	17	10	7	4	513:GAAC	0.92727273	0.65919355	0.97882841	0.65919458	moderate	assembly_only_probabilistic	0-based_half-open
seq17_1.0	train	R1	261	306	261	261	306	306	M2	CCG	GCG	15	13	2	0	-	1.00000000	0.99996972	0.99999780	0.99997006	high	assembly_only_probabilistic	0-based_half-open
seq17_1.0	train	R2	306	375	306	306	369	375	M1	AGC	CAG	23	17	6	0	-	1.00000000	0.86132311	0.99114470	0.86132416	moderate	assembly_only_probabilistic	0-based_half-open
seq17_1.0	train	R3	450	508	450	456	508	508	M2	CCG	GCC	18	11	7	4	489:GAAC	0.93103448	0.62688450	0.97770193	0.62688573	moderate	assembly_only_probabilistic	0-based_half-open
seq18_1.0	tune	R1	258	306	258	258	306	306	M2	CCG	GCG	16	13	3	0	-	1.00000000	0.99987081	0.99999109	0.99987122	high	assembly_only_probabilistic	0-based_half-open
seq18_1.0	tune	R2	306	378	306	306	372	378	M1	AGC	CAG	24	18	6	0	-	1.00000000	0.83737646	0.98961727	0.83737765	moderate	assembly_only_probabilistic	0-based_half-open
seq18_1.0	tune	R3	453	511	453	459	511	511	M2	CCG	GCC	18	11	7	4	492:GAAC	0.93103448	0.62688450	0.97770193	0.62688573	moderate	assembly_only_probabilistic	0-based_half-open
seq19_1.0	train	R1	261	306	261	261	306	306	M2	CCG	GCG	15	13	2	0	-	1.00000000	0.99996969	0.99999780	0.99997006	high	assembly_only_probabilistic	0-based_half-open
seq19_1.0	train	R2	306	381	306	306	372	381	M1	AGC	CAG	25	19	6	0	-	1.00000000	0.80891144	0.98774684	0.80891276	moderate	assembly_only_probabilistic	0-based_half-open
seq19_1.0	train	R3	456	514	456	462	514	514	M2	CCG	GCC	18	11	7	4	495:GAAC	0.93103448	0.62688450	0.97770193	0.62688573	moderate	assembly_only_probabilistic	0-based_half-open
seq20_1.0	train	R1	261	306	261	261	306	306	M2	CCG	GCG	15	13	2	0	-	1.00000000	0.99996971	0.99999780	0.99997006	high	assembly_only_probabilistic	0-based_half-open
seq20_1.0	train	R2	306	378	306	306	372	378	M1	AGC	CAG	24	18	6	0	-	1.00000000	0.83737648	0.98961727	0.83737765	moderate	assembly_only_probabilistic	0-based_half-open
seq20_1.0	train	R3	453	511	453	459	511	511	M2	CCG	GCC	18	11	7	4	492:GAAC	0.93103448	0.62688450	0.97770193	0.62688573	moderate	assembly_only_probabilistic	0-based_half-open
seq21_1.0	train	R1	261	306	261	261	306	306	M2	CCG	GCG	15	13	2	0	-	1.00000000	0.99996972	0.99999780	0.99997006	high	assembly_only_probabilistic	0-based_half-open
seq21_1.0	train	R2	306	375	306	306	369	375	M1	AGC	CAG	23	17	6	0	-	1.00000000	0.86132311	0.99114470	0.86132416	moderate	assembly_only_probabilistic	0-based_half-open
seq21_1.0	train	R3	450	508	450	456	508	508	M2	CCG	GCC	18	12	6	4	489:GAAC	0.93103448	0.62688451	0.97770193	0.62688573	moderate	assembly_only_probabilistic	0-based_half-open
seq22_1.0	train	R1	261	306	261	261	306	306	M2	CCG	GCG	15	13	2	0	-	1.00000000	0.99996971	0.99999780	0.99997006	high	assembly_only_probabilistic	0-based_half-open
seq22_1.0	train	R2	306	378	306	306	372	378	M1	AGC	CAG	24	18	6	0	-	1.00000000	0.83737648	0.98961727	0.83737765	moderate	assembly_only_probabilistic	0-based_half-open
seq22_1.0	train	R3	453	511	453	459	511	511	M2	CCG	GCC	18	11	7	4	492:GAAC	0.93103448	0.62688450	0.97770193	0.62688573	moderate	assembly_only_probabilistic	0-based_half-open
seq23_1.0	train	R1	261	306	261	261	306	306	M2	CCG	GCG	15	13	2	0	-	1.00000000	0.99996972	0.99999780	0.99997006	high	assembly_only_probabilistic	0-based_half-open
seq23_1.0	train	R2	306	375	306	306	369	375	M1	AGC	CAG	23	17	6	0	-	1.00000000	0.86132311	0.99114470	0.86132416	moderate	assembly_only_probabilistic	0-based_half-open
seq23_1.0	train	R3	450	508	450	456	508	508	M2	CCG	GCC	18	12	6	4	489:GAAC	0.93103448	0.62688451	0.97770193	0.62688573	moderate	assembly_only_probabilistic	0-based_half-open
seq24_2.0	tune	R1	261	306	261	261	306	306	M2	CCG	GCG	15	13	2	0	-	1.00000000	0.99996972	0.99999780	0.99997006	high	assembly_only_probabilistic	0-based_half-open
seq24_2.0	tune	R2	306	375	306	306	369	375	M1	AGC	CAG	23	18	5	0	-	1.00000000	0.86132311	0.99114470	0.86132416	moderate	assembly_only_probabilistic	0-based_half-open
seq24_2.0	tune	R3	450	505	450	456	505	505	M2	CCG	GCC	17	10	7	4	486:GAAC	0.92727273	0.65919355	0.97882841	0.65919458	moderate	assembly_only_probabilistic	0-based_half-open
seq25_1.0	train	R1	261	306	261	261	306	306	M2	CCG	GCG	15	13	2	0	-	1.00000000	0.99996972	0.99999780	0.99997006	high	assembly_only_probabilistic	0-based_half-open
seq25_1.0	train	R2	306	375	306	306	369	375	M1	AGC	CAG	23	18	5	0	-	1.00000000	0.86132311	0.99114470	0.86132416	moderate	assembly_only_probabilistic	0-based_half-open
seq25_1.0	train	R3	450	505	450	456	505	505	M2	CCG	GCC	17	10	7	4	486:GAAC	0.92727273	0.65919355	0.97882841	0.65919458	moderate	assembly_only_probabilistic	0-based_half-open
seq26_1.0	train	R1	258	306	258	258	306	306	M2	CCG	GCG	16	13	3	0	-	1.00000000	0.99987081	0.99999109	0.99987122	high	assembly_only_probabilistic	0-based_half-open
seq26_1.0	train	R2	306	378	306	306	372	378	M1	AGC	CAG	24	19	5	0	-	1.00000000	0.83737646	0.98961727	0.83737765	moderate	assembly_only_probabilistic	0-based_half-open
seq26_1.0	train	R3	453	511	453	459	511	511	M2	CCG	GCC	18	11	7	4	492:GAAC	0.93103448	0.62688450	0.97770193	0.62688573	moderate	assembly_only_probabilistic	0-based_half-open
