path	method	method_family	start_bp	end_bp	motif	source	external	within_unique_flanks	accepted_for_consensus
seq1_1.0	motif_run	motif_seed	261	495	CAG_like;GCC_like	anchor_candidates	0	1	1
seq1_1.0	probabilistic_dp	probabilistic_dp	261	514	CAG_like;GCC_like	TRF_probability_three_state_DP	0	1	1
seq1_1.0	periodicity_loops	periodicity	261	514	L1:GCG;L2:CAG;L3:GCC	TRF_period_candidates	0	1	1
seq2_1.0	motif_run	motif_seed	261	492	CAG_like;GCC_like	anchor_candidates	0	1	1
seq2_1.0	probabilistic_dp	probabilistic_dp	258	511	CAG_like;GCC_like	TRF_probability_three_state_DP	0	1	1
seq2_1.0	periodicity_loops	periodicity	258	511	L1:GCG;L2:CAG;L3:GCC	TRF_period_candidates	0	1	1
seq1_65.5	motif_run	motif_seed	261	489	CAG_like;GCC_like	anchor_candidates	0	1	1
seq1_65.5	probabilistic_dp	probabilistic_dp	261	508	CAG_like;GCC_like	TRF_probability_three_state_DP	0	1	1
seq1_65.5	periodicity_loops	periodicity	261	508	L1:GCG;L2:CAG;L3:GCC	TRF_period_candidates	0	1	1
seq2_161.5	motif_run	motif_seed	261	492	CAG_like;GCC_like	anchor_candidates	0	1	1
seq2_161.5	probabilistic_dp	probabilistic_dp	258	511	CAG_like;GCC_like	TRF_probability_three_state_DP	0	1	1
seq2_161.5	periodicity_loops	periodicity	258	511	L1:GCG;L2:CAG;L3:GCC	TRF_period_candidates	0	1	1
seq3_107.0	motif_run	motif_seed	261	489	CAG_like;GCC_like	anchor_candidates	0	1	1
seq3_107.0	probabilistic_dp	probabilistic_dp	261	508	CAG_like;GCC_like	TRF_probability_three_state_DP	0	1	1
seq3_107.0	periodicity_loops	periodicity	261	508	L1:GCG;L2:CAG;L3:GCC	TRF_period_candidates	0	1	1
seq4_1.0	motif_run	motif_seed	261	489	CAG_like;GCC_like	anchor_candidates	0	1	1
seq4_1.0	probabilistic_dp	probabilistic_dp	261	508	CAG_like;GCC_like	TRF_probability_three_state_DP	0	1	1
seq4_1.0	periodicity_loops	periodicity	261	508	L1:GCG;L2:CAG;L3:GCC	TRF_period_candidates	0	1	1
seq5_1.0	motif_run	motif_seed	261	492	CAG_like;GCC_like	anchor_candidates	0	1	1
seq5_1.0	probabilistic_dp	probabilistic_dp	258	511	CAG_like;GCC_like	TRF_probability_three_state_DP	0	1	1
seq5_1.0	periodicity_loops	periodicity	258	511	L1:GCG;L2:CAG;L3:GCC	TRF_period_candidates	0	1	1
seq6_32.5	motif_run	motif_seed	261	495	CAG_like;GCC_like	anchor_candidates	0	1	1
seq6_32.5	probabilistic_dp	probabilistic_dp	261	514	CAG_like;GCC_like	TRF_probability_three_state_DP	0	1	1
seq6_32.5	periodicity_loops	periodicity	261	514	L1:GCG;L2:CAG;L3:GCC	TRF_period_candidates	0	1	1
seq7_0.5	motif_run	motif_seed	261	492	CAG_like;GCC_like	anchor_candidates	0	1	1
seq7_0.5	probabilistic_dp	probabilistic_dp	258	511	CAG_like;GCC_like	TRF_probability_three_state_DP	0	1	1
seq7_0.5	periodicity_loops	periodicity	258	511	L1:GCG;L2:CAG;L3:GCC	TRF_period_candidates	0	1	1
seq8_1.0	motif_run	motif_seed	261	516	CAG_like;GCC_like	anchor_candidates	0	1	1
seq8_1.0	probabilistic_dp	probabilistic_dp	258	535	CAG_like;GCC_like	TRF_probability_three_state_DP	0	1	1
seq8_1.0	periodicity_loops	periodicity	258	535	L1:GCG;L2:CAG;L3:GCC	TRF_period_candidates	0	1	1
seq9_1.0	motif_run	motif_seed	261	486	CAG_like;GCC_like	anchor_candidates	0	1	1
seq9_1.0	probabilistic_dp	probabilistic_dp	261	505	CAG_like;GCC_like	TRF_probability_three_state_DP	0	1	1
seq9_1.0	periodicity_loops	periodicity	261	505	L1:GCG;L2:CAG;L3:GCC	TRF_period_candidates	0	1	1
seq10_14.0	motif_run	motif_seed	261	486	CAG_like;GCC_like	anchor_candidates	0	1	1
seq10_14.0	probabilistic_dp	probabilistic_dp	261	505	CAG_like;GCC_like	TRF_probability_three_state_DP	0	1	1
seq10_14.0	periodicity_loops	periodicity	261	505	L1:GCG;L2:CAG;L3:GCC	TRF_period_candidates	0	1	1
seq11_3.0	motif_run	motif_seed	261	501	CAG_like;GCC_like	anchor_candidates	0	1	1
seq11_3.0	probabilistic_dp	probabilistic_dp	261	520	CAG_like;GCC_like	TRF_probability_three_state_DP	0	1	1
seq11_3.0	periodicity_loops	periodicity	261	520	L1:GCG;L2:CAG;L3:GCC	TRF_period_candidates	0	1	1
seq12_1.0	motif_run	motif_seed	261	489	CAG_like;GCC_like	anchor_candidates	0	1	1
seq12_1.0	probabilistic_dp	probabilistic_dp	261	508	CAG_like;GCC_like	TRF_probability_three_state_DP	0	1	1
seq12_1.0	periodicity_loops	periodicity	261	508	L1:GCG;L2:CAG;L3:GCC	TRF_period_candidates	0	1	1
seq13_1.0	motif_run	motif_seed	261	492	CAG_like;GCC_like	anchor_candidates	0	1	1
seq13_1.0	probabilistic_dp	probabilistic_dp	261	511	CAG_like;GCC_like	TRF_probability_three_state_DP	0	1	1
seq13_1.0	periodicity_loops	periodicity	261	511	L1:GCG;L2:CAG;L3:GCC	TRF_period_candidates	0	1	1
seq14_4.0	motif_run	motif_seed	261	489	CAG_like;GCC_like	anchor_candidates	0	1	1
seq14_4.0	probabilistic_dp	probabilistic_dp	261	508	CAG_like;GCC_like	TRF_probability_three_state_DP	0	1	1
seq14_4.0	periodicity_loops	periodicity	261	508	L1:GCG;L2:CAG;L3:GCC	TRF_period_candidates	0	1	1
seq15_1.0	motif_run	motif_seed	261	492	CAG_like;GCC_like	anchor_candidates	0	1	1
seq15_1.0	probabilistic_dp	probabilistic_dp	258	511	CAG_like;GCC_like	TRF_probability_three_state_DP	0	1	1
seq15_1.0	periodicity_loops	periodicity	258	511	L1:GCG;L2:CAG;L3:GCC	TRF_period_candidates	0	1	1
seq16_1.0	motif_run	motif_seed	261	510	CAG_like;GCC_like	anchor_candidates	0	1	1
seq16_1.0	probabilistic_dp	probabilistic_dp	258	529	CAG_like;GCC_like	TRF_probability_three_state_DP	0	1	1
seq16_1.0	periodicity_loops	periodicity	258	529	L1:GCG;L2:CAG;L3:GCC	TRF_period_candidates	0	1	1
seq17_3.0	motif_run	motif_seed	261	480	CAG_like;GCC_like	anchor_candidates	0	1	1
seq17_3.0	probabilistic_dp	probabilistic_dp	261	499	CAG_like;GCC_like	TRF_probability_three_state_DP	0	1	1
seq17_3.0	periodicity_loops	periodicity	261	499	L1:GCG;L2:CAG;L3:GCC	TRF_period_candidates	0	1	1
seq18_3.0	motif_run	motif_seed	261	492	CAG_like;GCC_like	anchor_candidates	0	1	1
seq18_3.0	probabilistic_dp	probabilistic_dp	258	511	CAG_like;GCC_like	TRF_probability_three_state_DP	0	1	1
seq18_3.0	periodicity_loops	periodicity	258	511	L1:GCG;L2:CAG;L3:GCC	TRF_period_candidates	0	1	1
seq19_13.0	motif_run	motif_seed	261	483	CAG_like;GCC_like	anchor_candidates	0	1	1
seq19_13.0	probabilistic_dp	probabilistic_dp	261	502	CAG_like;GCC_like	TRF_probability_three_state_DP	0	1	1
seq19_13.0	periodicity_loops	periodicity	261	502	L1:GCG;L2:CAG;L3:GCC	TRF_period_candidates	0	1	1
seq20_1.0	motif_run	motif_seed	261	492	CAG_like;GCC_like	anchor_candidates	0	1	1
seq20_1.0	probabilistic_dp	probabilistic_dp	261	511	CAG_like;GCC_like	TRF_probability_three_state_DP	0	1	1
seq20_1.0	periodicity_loops	periodicity	261	511	L1:GCG;L2:CAG;L3:GCC	TRF_period_candidates	0	1	1
seq21_1.0	motif_run	motif_seed	261	486	CAG_like;GCC_like	anchor_candidates	0	1	1
seq21_1.0	probabilistic_dp	probabilistic_dp	261	505	CAG_like;GCC_like	TRF_probability_three_state_DP	0	1	1
seq21_1.0	periodicity_loops	periodicity	261	505	L1:GCG;L2:CAG;L3:GCC	TRF_period_candidates	0	1	1
seq22_2.0	motif_run	motif_seed	261	492	CAG_like;GCC_like	anchor_candidates	0	1	1
seq22_2.0	probabilistic_dp	probabilistic_dp	261	511	CAG_like;GCC_like	TRF_probability_three_state_DP	0	1	1
seq22_2.0	periodicity_loops	periodicity	261	511	L1:GCG;L2:CAG;L3:GCC	TRF_period_candidates	0	1	1
seq23_12.0	motif_run	motif_seed	261	492	CAG_like;GCC_like	anchor_candidates	0	1	1
seq23_12.0	probabilistic_dp	probabilistic_dp	261	511	CAG_like;GCC_like	TRF_probability_three_state_DP	0	1	1
seq23_12.0	periodicity_loops	periodicity	261	511	L1:GCG;L2:CAG;L3:GCC	TRF_period_candidates	0	1	1
seq24_1.0	motif_run	motif_seed	261	489	CAG_like;GCC_like	anchor_candidates	0	1	1
seq24_1.0	probabilistic_dp	probabilistic_dp	261	508	CAG_like;GCC_like	TRF_probability_three_state_DP	0	1	1
seq24_1.0	periodicity_loops	periodicity	261	508	L1:GCG;L2:CAG;L3:GCC	TRF_period_candidates	0	1	1
seq25_2.0	motif_run	motif_seed	261	492	CAG_like;GCC_like	anchor_candidates	0	1	1
seq25_2.0	probabilistic_dp	probabilistic_dp	258	511	CAG_like;GCC_like	TRF_probability_three_state_DP	0	1	1
seq25_2.0	periodicity_loops	periodicity	258	511	L1:GCG;L2:CAG;L3:GCC	TRF_period_candidates	0	1	1
seq26_1.0	motif_run	motif_seed	261	498	CAG_like;GCC_like	anchor_candidates	0	1	1
seq26_1.0	probabilistic_dp	probabilistic_dp	261	517	CAG_like;GCC_like	TRF_probability_three_state_DP	0	1	1
seq26_1.0	periodicity_loops	periodicity	261	517	L1:GCG;L2:CAG;L3:GCC	TRF_period_candidates	0	1	1
seq27_3.0	motif_run	motif_seed	261	489	CAG_like;GCC_like	anchor_candidates	0	1	1
seq27_3.0	probabilistic_dp	probabilistic_dp	261	508	CAG_like;GCC_like	TRF_probability_three_state_DP	0	1	1
seq27_3.0	periodicity_loops	periodicity	261	508	L1:GCG;L2:CAG;L3:GCC	TRF_period_candidates	0	1	1
seq28_3.0	motif_run	motif_seed	261	489	CAG_like;GCC_like	anchor_candidates	0	1	1
seq28_3.0	probabilistic_dp	probabilistic_dp	261	508	CAG_like;GCC_like	TRF_probability_three_state_DP	0	1	1
seq28_3.0	periodicity_loops	periodicity	261	508	L1:GCG;L2:CAG;L3:GCC	TRF_period_candidates	0	1	1
seq29_1.0	motif_run	motif_seed	261	495	CAG_like;GCC_like	anchor_candidates	0	1	1
seq29_1.0	probabilistic_dp	probabilistic_dp	261	514	CAG_like;GCC_like	TRF_probability_three_state_DP	0	1	1
seq29_1.0	periodicity_loops	periodicity	261	514	L1:GCG;L2:CAG;L3:GCC	TRF_period_candidates	0	1	1
seq30_1.0	motif_run	motif_seed	261	492	CAG_like;GCC_like	anchor_candidates	0	1	1
seq30_1.0	probabilistic_dp	probabilistic_dp	261	511	CAG_like;GCC_like	TRF_probability_three_state_DP	0	1	1
seq30_1.0	periodicity_loops	periodicity	261	511	L1:GCG;L2:CAG;L3:GCC	TRF_period_candidates	0	1	1
seq31_1.0	motif_run	motif_seed	261	477	CAG_like;GCC_like	anchor_candidates	0	1	1
seq31_1.0	probabilistic_dp	probabilistic_dp	258	496	CAG_like;GCC_like	TRF_probability_three_state_DP	0	1	1
seq31_1.0	periodicity_loops	periodicity	258	496	L1:GCG;L2:CAG;L3:GCC	TRF_period_candidates	0	1	1
seq32_1.0	motif_run	motif_seed	261	480	CAG_like;GCC_like	anchor_candidates	0	1	1
seq32_1.0	probabilistic_dp	probabilistic_dp	258	499	CAG_like;GCC_like	TRF_probability_three_state_DP	0	1	1
seq32_1.0	periodicity_loops	periodicity	258	499	L1:GCG;L2:CAG;L3:GCC	TRF_period_candidates	0	1	1
seq33_2.0	motif_run	motif_seed	261	501	CAG_like;GCC_like	anchor_candidates	0	1	1
seq33_2.0	probabilistic_dp	probabilistic_dp	258	520	CAG_like;GCC_like	TRF_probability_three_state_DP	0	1	1
seq33_2.0	periodicity_loops	periodicity	258	520	L1:GCG;L2:CAG;L3:GCC	TRF_period_candidates	0	1	1
seq34_1.0	motif_run	motif_seed	261	498	CAG_like;GCC_like	anchor_candidates	0	1	1
seq34_1.0	probabilistic_dp	probabilistic_dp	261	517	CAG_like;GCC_like	TRF_probability_three_state_DP	0	1	1
seq34_1.0	periodicity_loops	periodicity	261	517	L1:GCG;L2:CAG;L3:GCC	TRF_period_candidates	0	1	1
seq35_1.0	motif_run	motif_seed	261	495	CAG_like;GCC_like	anchor_candidates	0	1	1
seq35_1.0	probabilistic_dp	probabilistic_dp	261	514	CAG_like;GCC_like	TRF_probability_three_state_DP	0	1	1
seq35_1.0	periodicity_loops	periodicity	261	514	L1:GCG;L2:CAG;L3:GCC	TRF_period_candidates	0	1	1
seq36_1.0	motif_run	motif_seed	261	489	CAG_like;GCC_like	anchor_candidates	0	1	1
seq36_1.0	probabilistic_dp	probabilistic_dp	261	508	CAG_like;GCC_like	TRF_probability_three_state_DP	0	1	1
seq36_1.0	periodicity_loops	periodicity	261	508	L1:GCG;L2:CAG;L3:GCC	TRF_period_candidates	0	1	1
seq37_1.0	motif_run	motif_seed	261	495	CAG_like;GCC_like	anchor_candidates	0	1	1
seq37_1.0	probabilistic_dp	probabilistic_dp	258	514	CAG_like;GCC_like	TRF_probability_three_state_DP	0	1	1
seq37_1.0	periodicity_loops	periodicity	258	514	L1:GCG;L2:CAG;L3:GCC	TRF_period_candidates	0	1	1
seq38_1.0	motif_run	motif_seed	261	504	CAG_like;GCC_like	anchor_candidates	0	1	1
seq38_1.0	probabilistic_dp	probabilistic_dp	258	523	CAG_like;GCC_like	TRF_probability_three_state_DP	0	1	1
seq38_1.0	periodicity_loops	periodicity	258	523	L1:GCG;L2:CAG;L3:GCC	TRF_period_candidates	0	1	1
seq39_1.0	motif_run	motif_seed	261	483	CAG_like;GCC_like	anchor_candidates	0	1	1
seq39_1.0	probabilistic_dp	probabilistic_dp	261	502	CAG_like;GCC_like	TRF_probability_three_state_DP	0	1	1
seq39_1.0	periodicity_loops	periodicity	261	502	L1:GCG;L2:CAG;L3:GCC	TRF_period_candidates	0	1	1
seq40_1.0	motif_run	motif_seed	261	495	CAG_like;GCC_like	anchor_candidates	0	1	1
seq40_1.0	probabilistic_dp	probabilistic_dp	261	514	CAG_like;GCC_like	TRF_probability_three_state_DP	0	1	1
seq40_1.0	periodicity_loops	periodicity	261	514	L1:GCG;L2:CAG;L3:GCC	TRF_period_candidates	0	1	1
seq41_1.0	motif_run	motif_seed	261	486	CAG_like;GCC_like	anchor_candidates	0	1	1
seq41_1.0	probabilistic_dp	probabilistic_dp	258	505	CAG_like;GCC_like	TRF_probability_three_state_DP	0	1	1
seq41_1.0	periodicity_loops	periodicity	258	505	L1:GCG;L2:CAG;L3:GCC	TRF_period_candidates	0	1	1
seq42_1.0	motif_run	motif_seed	261	489	CAG_like;GCC_like	anchor_candidates	0	1	1
seq42_1.0	probabilistic_dp	probabilistic_dp	261	508	CAG_like;GCC_like	TRF_probability_three_state_DP	0	1	1
seq42_1.0	periodicity_loops	periodicity	261	508	L1:GCG;L2:CAG;L3:GCC	TRF_period_candidates	0	1	1
seq43_1.0	motif_run	motif_seed	261	492	CAG_like;GCC_like	anchor_candidates	0	1	1
seq43_1.0	probabilistic_dp	probabilistic_dp	258	511	CAG_like;GCC_like	TRF_probability_three_state_DP	0	1	1
seq43_1.0	periodicity_loops	periodicity	258	511	L1:GCG;L2:CAG;L3:GCC	TRF_period_candidates	0	1	1
seq44_1.0	motif_run	motif_seed	261	486	CAG_like;GCC_like	anchor_candidates	0	1	1
seq44_1.0	probabilistic_dp	probabilistic_dp	258	505	CAG_like;GCC_like	TRF_probability_three_state_DP	0	1	1
seq44_1.0	periodicity_loops	periodicity	258	505	L1:GCG;L2:CAG;L3:GCC	TRF_period_candidates	0	1	1
seq45_1.0	motif_run	motif_seed	261	483	CAG_like;GCC_like	anchor_candidates	0	1	1
seq45_1.0	probabilistic_dp	probabilistic_dp	261	502	CAG_like;GCC_like	TRF_probability_three_state_DP	0	1	1
seq45_1.0	periodicity_loops	periodicity	261	502	L1:GCG;L2:CAG;L3:GCC	TRF_period_candidates	0	1	1
