path	side	anchor_sequence	anchor_k	path_start_bp	path_end_bp	occurrences_in_path	unique_in_path	flank_gap_bp	side_consistent	usable_unique_anchor	cohort_present_paths	cohort_unique_paths	cohort_path_count	cohort_unique_fraction	coordinate_system
seq1_1.0	left	ACGGCCGCTCCCCCGGGCCGC	21	196	217	1	1	44	1	1	47	47	47	1.0000	0-based_half-open
seq1_1.0	right	ACCCGCCACCGCCGGTGAGCC	21	517	538	1	1	3	1	1	47	47	47	1.0000	0-based_half-open
seq2_1.0	left	ACGGCCGCTCCCCCGGGCCGC	21	196	217	1	1	41	1	1	47	47	47	1.0000	0-based_half-open
seq2_1.0	right	ACCCGCCACCGCCGGTGAGCC	21	514	535	1	1	3	1	1	47	47	47	1.0000	0-based_half-open
seq1_65.5	left	ACGGCCGCTCCCCCGGGCCGC	21	196	217	1	1	44	1	1	47	47	47	1.0000	0-based_half-open
seq1_65.5	right	ACCCGCCACCGCCGGTGAGCC	21	511	532	1	1	3	1	1	47	47	47	1.0000	0-based_half-open
seq2_161.5	left	ACGGCCGCTCCCCCGGGCCGC	21	196	217	1	1	41	1	1	47	47	47	1.0000	0-based_half-open
seq2_161.5	right	ACCCGCCACCGCCGGTGAGCC	21	514	535	1	1	3	1	1	47	47	47	1.0000	0-based_half-open
seq3_107.0	left	ACGGCCGCTCCCCCGGGCCGC	21	196	217	1	1	44	1	1	47	47	47	1.0000	0-based_half-open
seq3_107.0	right	ACCCGCCACCGCCGGTGAGCC	21	511	532	1	1	3	1	1	47	47	47	1.0000	0-based_half-open
seq4_1.0	left	ACGGCCGCTCCCCCGGGCCGC	21	196	217	1	1	44	1	1	47	47	47	1.0000	0-based_half-open
seq4_1.0	right	ACCCGCCACCGCCGGTGAGCC	21	511	532	1	1	3	1	1	47	47	47	1.0000	0-based_half-open
seq5_1.0	left	ACGGCCGCTCCCCCGGGCCGC	21	196	217	1	1	41	1	1	47	47	47	1.0000	0-based_half-open
seq5_1.0	right	ACCCGCCACCGCCGGTGAGCC	21	514	535	1	1	3	1	1	47	47	47	1.0000	0-based_half-open
seq6_32.5	left	ACGGCCGCTCCCCCGGGCCGC	21	196	217	1	1	44	1	1	47	47	47	1.0000	0-based_half-open
seq6_32.5	right	ACCCGCCACCGCCGGTGAGCC	21	517	538	1	1	3	1	1	47	47	47	1.0000	0-based_half-open
seq7_0.5	left	ACGGCCGCTCCCCCGGGCCGC	21	196	217	1	1	41	1	1	47	47	47	1.0000	0-based_half-open
seq7_0.5	right	ACCCGCCACCGCCGGTGAGCC	21	514	535	1	1	3	1	1	47	47	47	1.0000	0-based_half-open
seq8_1.0	left	ACGGCCGCTCCCCCGGGCCGC	21	196	217	1	1	41	1	1	47	47	47	1.0000	0-based_half-open
seq8_1.0	right	ACCCGCCACCGCCGGTGAGCC	21	538	559	1	1	3	1	1	47	47	47	1.0000	0-based_half-open
seq9_1.0	left	ACGGCCGCTCCCCCGGGCCGC	21	196	217	1	1	44	1	1	47	47	47	1.0000	0-based_half-open
seq9_1.0	right	ACCCGCCACCGCCGGTGAGCC	21	508	529	1	1	3	1	1	47	47	47	1.0000	0-based_half-open
seq10_14.0	left	ACGGCCGCTCCCCCGGGCCGC	21	196	217	1	1	44	1	1	47	47	47	1.0000	0-based_half-open
seq10_14.0	right	ACCCGCCACCGCCGGTGAGCC	21	508	529	1	1	3	1	1	47	47	47	1.0000	0-based_half-open
seq11_3.0	left	ACGGCCGCTCCCCCGGGCCGC	21	196	217	1	1	44	1	1	47	47	47	1.0000	0-based_half-open
seq11_3.0	right	ACCCGCCACCGCCGGTGAGCC	21	523	544	1	1	3	1	1	47	47	47	1.0000	0-based_half-open
seq12_1.0	left	ACGGCCGCTCCCCCGGGCCGC	21	196	217	1	1	44	1	1	47	47	47	1.0000	0-based_half-open
seq12_1.0	right	ACCCGCCACCGCCGGTGAGCC	21	511	532	1	1	3	1	1	47	47	47	1.0000	0-based_half-open
seq13_1.0	left	ACGGCCGCTCCCCCGGGCCGC	21	196	217	1	1	44	1	1	47	47	47	1.0000	0-based_half-open
seq13_1.0	right	ACCCGCCACCGCCGGTGAGCC	21	514	535	1	1	3	1	1	47	47	47	1.0000	0-based_half-open
seq14_4.0	left	ACGGCCGCTCCCCCGGGCCGC	21	196	217	1	1	44	1	1	47	47	47	1.0000	0-based_half-open
seq14_4.0	right	ACCCGCCACCGCCGGTGAGCC	21	511	532	1	1	3	1	1	47	47	47	1.0000	0-based_half-open
seq15_1.0	left	ACGGCCGCTCCCCCGGGCCGC	21	196	217	1	1	41	1	1	47	47	47	1.0000	0-based_half-open
seq15_1.0	right	ACCCGCCACCGCCGGTGAGCC	21	514	535	1	1	3	1	1	47	47	47	1.0000	0-based_half-open
seq16_1.0	left	ACGGCCGCTCCCCCGGGCCGC	21	196	217	1	1	41	1	1	47	47	47	1.0000	0-based_half-open
seq16_1.0	right	ACCCGCCACCGCCGGTGAGCC	21	532	553	1	1	3	1	1	47	47	47	1.0000	0-based_half-open
seq17_3.0	left	ACGGCCGCTCCCCCGGGCCGC	21	196	217	1	1	44	1	1	47	47	47	1.0000	0-based_half-open
seq17_3.0	right	ACCCGCCACCGCCGGTGAGCC	21	502	523	1	1	3	1	1	47	47	47	1.0000	0-based_half-open
seq18_3.0	left	ACGGCCGCTCCCCCGGGCCGC	21	196	217	1	1	41	1	1	47	47	47	1.0000	0-based_half-open
seq18_3.0	right	ACCCGCCACCGCCGGTGAGCC	21	514	535	1	1	3	1	1	47	47	47	1.0000	0-based_half-open
seq19_13.0	left	ACGGCCGCTCCCCCGGGCCGC	21	196	217	1	1	44	1	1	47	47	47	1.0000	0-based_half-open
seq19_13.0	right	ACCCGCCACCGCCGGTGAGCC	21	505	526	1	1	3	1	1	47	47	47	1.0000	0-based_half-open
seq20_1.0	left	ACGGCCGCTCCCCCGGGCCGC	21	196	217	1	1	44	1	1	47	47	47	1.0000	0-based_half-open
seq20_1.0	right	ACCCGCCACCGCCGGTGAGCC	21	514	535	1	1	3	1	1	47	47	47	1.0000	0-based_half-open
seq21_1.0	left	ACGGCCGCTCCCCCGGGCCGC	21	196	217	1	1	44	1	1	47	47	47	1.0000	0-based_half-open
seq21_1.0	right	ACCCGCCACCGCCGGTGAGCC	21	508	529	1	1	3	1	1	47	47	47	1.0000	0-based_half-open
seq22_2.0	left	ACGGCCGCTCCCCCGGGCCGC	21	196	217	1	1	44	1	1	47	47	47	1.0000	0-based_half-open
seq22_2.0	right	ACCCGCCACCGCCGGTGAGCC	21	514	535	1	1	3	1	1	47	47	47	1.0000	0-based_half-open
seq23_12.0	left	ACGGCCGCTCCCCCGGGCCGC	21	196	217	1	1	44	1	1	47	47	47	1.0000	0-based_half-open
seq23_12.0	right	ACCCGCCACCGCCGGTGAGCC	21	514	535	1	1	3	1	1	47	47	47	1.0000	0-based_half-open
seq24_1.0	left	ACGGCCGCTCCCCCGGGCCGC	21	196	217	1	1	44	1	1	47	47	47	1.0000	0-based_half-open
seq24_1.0	right	ACCCGCCACCGCCGGTGAGCC	21	511	532	1	1	3	1	1	47	47	47	1.0000	0-based_half-open
seq25_2.0	left	ACGGCCGCTCCCCCGGGCCGC	21	196	217	1	1	41	1	1	47	47	47	1.0000	0-based_half-open
seq25_2.0	right	ACCCGCCACCGCCGGTGAGCC	21	514	535	1	1	3	1	1	47	47	47	1.0000	0-based_half-open
seq26_1.0	left	ACGGCCGCTCCCCCGGGCCGC	21	196	217	1	1	44	1	1	47	47	47	1.0000	0-based_half-open
seq26_1.0	right	ACCCGCCACCGCCGGTGAGCC	21	520	541	1	1	3	1	1	47	47	47	1.0000	0-based_half-open
seq27_3.0	left	ACGGCCGCTCCCCCGGGCCGC	21	196	217	1	1	44	1	1	47	47	47	1.0000	0-based_half-open
seq27_3.0	right	ACCCGCCACCGCCGGTGAGCC	21	511	532	1	1	3	1	1	47	47	47	1.0000	0-based_half-open
seq28_3.0	left	ACGGCCGCTCCCCCGGGCCGC	21	196	217	1	1	44	1	1	47	47	47	1.0000	0-based_half-open
seq28_3.0	right	ACCCGCCACCGCCGGTGAGCC	21	511	532	1	1	3	1	1	47	47	47	1.0000	0-based_half-open
seq29_1.0	left	ACGGCCGCTCCCCCGGGCCGC	21	196	217	1	1	44	1	1	47	47	47	1.0000	0-based_half-open
seq29_1.0	right	ACCCGCCACCGCCGGTGAGCC	21	517	538	1	1	3	1	1	47	47	47	1.0000	0-based_half-open
seq30_1.0	left	ACGGCCGCTCCCCCGGGCCGC	21	196	217	1	1	44	1	1	47	47	47	1.0000	0-based_half-open
seq30_1.0	right	ACCCGCCACCGCCGGTGAGCC	21	514	535	1	1	3	1	1	47	47	47	1.0000	0-based_half-open
seq31_1.0	left	ACGGCCGCTCCCCCGGGCCGC	21	196	217	1	1	41	1	1	47	47	47	1.0000	0-based_half-open
seq31_1.0	right	ACCCGCCACCGCCGGTGAGCC	21	499	520	1	1	3	1	1	47	47	47	1.0000	0-based_half-open
seq32_1.0	left	ACGGCCGCTCCCCCGGGCCGC	21	196	217	1	1	41	1	1	47	47	47	1.0000	0-based_half-open
seq32_1.0	right	ACCCGCCACCGCCGGTGAGCC	21	502	523	1	1	3	1	1	47	47	47	1.0000	0-based_half-open
seq33_2.0	left	ACGGCCGCTCCCCCGGGCCGC	21	196	217	1	1	41	1	1	47	47	47	1.0000	0-based_half-open
seq33_2.0	right	ACCCGCCACCGCCGGTGAGCC	21	523	544	1	1	3	1	1	47	47	47	1.0000	0-based_half-open
seq34_1.0	left	ACGGCCGCTCCCCCGGGCCGC	21	196	217	1	1	44	1	1	47	47	47	1.0000	0-based_half-open
seq34_1.0	right	ACCCGCCACCGCCGGTGAGCC	21	520	541	1	1	3	1	1	47	47	47	1.0000	0-based_half-open
seq35_1.0	left	ACGGCCGCTCCCCCGGGCCGC	21	196	217	1	1	44	1	1	47	47	47	1.0000	0-based_half-open
seq35_1.0	right	ACCCGCCACCGCCGGTGAGCC	21	517	538	1	1	3	1	1	47	47	47	1.0000	0-based_half-open
seq36_1.0	left	ACGGCCGCTCCCCCGGGCCGC	21	196	217	1	1	44	1	1	47	47	47	1.0000	0-based_half-open
seq36_1.0	right	ACCCGCCACCGCCGGTGAGCC	21	511	532	1	1	3	1	1	47	47	47	1.0000	0-based_half-open
seq37_1.0	left	ACGGCCGCTCCCCCGGGCCGC	21	196	217	1	1	41	1	1	47	47	47	1.0000	0-based_half-open
seq37_1.0	right	ACCCGCCACCGCCGGTGAGCC	21	517	538	1	1	3	1	1	47	47	47	1.0000	0-based_half-open
seq38_1.0	left	ACGGCCGCTCCCCCGGGCCGC	21	196	217	1	1	41	1	1	47	47	47	1.0000	0-based_half-open
seq38_1.0	right	ACCCGCCACCGCCGGTGAGCC	21	526	547	1	1	3	1	1	47	47	47	1.0000	0-based_half-open
seq39_1.0	left	ACGGCCGCTCCCCCGGGCCGC	21	196	217	1	1	44	1	1	47	47	47	1.0000	0-based_half-open
seq39_1.0	right	ACCCGCCACCGCCGGTGAGCC	21	505	526	1	1	3	1	1	47	47	47	1.0000	0-based_half-open
seq40_1.0	left	ACGGCCGCTCCCCCGGGCCGC	21	196	217	1	1	44	1	1	47	47	47	1.0000	0-based_half-open
seq40_1.0	right	ACCCGCCACCGCCGGTGAGCC	21	517	538	1	1	3	1	1	47	47	47	1.0000	0-based_half-open
seq41_1.0	left	ACGGCCGCTCCCCCGGGCCGC	21	196	217	1	1	41	1	1	47	47	47	1.0000	0-based_half-open
seq41_1.0	right	ACCCGCCACCGCCGGTGAGCC	21	508	529	1	1	3	1	1	47	47	47	1.0000	0-based_half-open
seq42_1.0	left	ACGGCCGCTCCCCCGGGCCGC	21	196	217	1	1	44	1	1	47	47	47	1.0000	0-based_half-open
seq42_1.0	right	ACCCGCCACCGCCGGTGAGCC	21	511	532	1	1	3	1	1	47	47	47	1.0000	0-based_half-open
seq43_1.0	left	ACGGCCGCTCCCCCGGGCCGC	21	196	217	1	1	41	1	1	47	47	47	1.0000	0-based_half-open
seq43_1.0	right	ACCCGCCACCGCCGGTGAGCC	21	514	535	1	1	3	1	1	47	47	47	1.0000	0-based_half-open
seq44_1.0	left	ACGGCCGCTCCCCCGGGCCGC	21	196	217	1	1	41	1	1	47	47	47	1.0000	0-based_half-open
seq44_1.0	right	ACCCGCCACCGCCGGTGAGCC	21	508	529	1	1	3	1	1	47	47	47	1.0000	0-based_half-open
seq45_1.0	left	ACGGCCGCTCCCCCGGGCCGC	21	196	217	1	1	44	1	1	47	47	47	1.0000	0-based_half-open
seq45_1.0	right	ACCCGCCACCGCCGGTGAGCC	21	505	526	1	1	3	1	1	47	47	47	1.0000	0-based_half-open
