path	path_suffix_label	region_start_bp	region_end_bp	region_bp	primary_motifs	block_count	CAG_like_units	GCC_like_units	exact_units	variant_units	inserted_bp	switches	primary_blocks	variant_blocks	interrupted_blocks	complex_blocks	block_signature
seq1_1.0	1.0	234	522	288	CAG_like=CAG;GCC_like=GCC,GCG	6	25	35	44	16	108	2	0	3	1	3	nonrepeat:0:complex_sequence|GCC_like:15:variant_repeat|CAG_like:25:variant_repeat|nonrepeat:0:complex_sequence|GCC_like:20:variant_and_interrupted_repeat|nonrepeat:0:local_insertion
seq2_1.0	1.0	234	519	285	CAG_like=CAG;GCC_like=GCC,GCG	6	24	35	43	16	108	2	0	3	1	3	nonrepeat:0:complex_sequence|GCC_like:15:variant_repeat|CAG_like:24:variant_repeat|nonrepeat:0:complex_sequence|GCC_like:20:variant_and_interrupted_repeat|nonrepeat:0:local_insertion
seq1_65.5	65.5	234	516	282	CAG_like=CAG;GCC_like=GCC,GCG	6	23	35	43	15	108	2	0	3	1	3	nonrepeat:0:complex_sequence|GCC_like:15:variant_repeat|CAG_like:23:variant_repeat|nonrepeat:0:complex_sequence|GCC_like:20:variant_and_interrupted_repeat|nonrepeat:0:local_insertion
seq2_161.5	161.5	234	519	285	CAG_like=CAG;GCC_like=GCC,GCG	6	24	35	43	16	108	2	0	3	1	3	nonrepeat:0:complex_sequence|GCC_like:15:variant_repeat|CAG_like:24:variant_repeat|nonrepeat:0:complex_sequence|GCC_like:20:variant_and_interrupted_repeat|nonrepeat:0:local_insertion
seq3_107.0	107.0	234	516	282	CAG_like=CAG;GCC_like=GCC,GCG	6	23	35	42	16	108	2	0	3	1	3	nonrepeat:0:complex_sequence|GCC_like:15:variant_repeat|CAG_like:23:variant_repeat|nonrepeat:0:complex_sequence|GCC_like:20:variant_and_interrupted_repeat|nonrepeat:0:local_insertion
seq4_1.0	1.0	234	516	282	CAG_like=CAG;GCC_like=GCC,GCG	6	24	34	43	15	108	2	0	3	1	3	nonrepeat:0:complex_sequence|GCC_like:15:variant_repeat|CAG_like:24:variant_repeat|nonrepeat:0:complex_sequence|GCC_like:19:variant_and_interrupted_repeat|nonrepeat:0:local_insertion
seq5_1.0	1.0	234	519	285	CAG_like=CAG;GCC_like=GCC,GCG	6	24	35	43	16	108	2	0	3	1	3	nonrepeat:0:complex_sequence|GCC_like:15:variant_repeat|CAG_like:24:variant_repeat|nonrepeat:0:complex_sequence|GCC_like:20:variant_and_interrupted_repeat|nonrepeat:0:local_insertion
seq6_32.5	32.5	234	522	288	CAG_like=CAG;GCC_like=GCC,GCG	6	25	35	44	16	108	2	0	3	1	3	nonrepeat:0:complex_sequence|GCC_like:15:variant_repeat|CAG_like:25:variant_repeat|nonrepeat:0:complex_sequence|GCC_like:20:variant_and_interrupted_repeat|nonrepeat:0:local_insertion
seq7_0.5	0.5	234	519	285	CAG_like=CAG;GCC_like=GCC,GCG	6	24	35	43	16	108	2	0	3	1	3	nonrepeat:0:complex_sequence|GCC_like:15:variant_repeat|CAG_like:24:variant_repeat|nonrepeat:0:complex_sequence|GCC_like:20:variant_and_interrupted_repeat|nonrepeat:0:local_insertion
seq8_1.0	1.0	234	543	309	CAG_like=CAG;GCC_like=GCC,GCG	6	32	35	51	16	108	2	0	3	1	3	nonrepeat:0:complex_sequence|GCC_like:15:variant_repeat|CAG_like:32:variant_repeat|nonrepeat:0:complex_sequence|GCC_like:20:variant_and_interrupted_repeat|nonrepeat:0:local_insertion
seq9_1.0	1.0	234	513	279	CAG_like=CAG;GCC_like=GCC,GCG	6	22	35	42	15	108	2	0	3	1	3	nonrepeat:0:complex_sequence|GCC_like:15:variant_repeat|CAG_like:22:variant_repeat|nonrepeat:0:complex_sequence|GCC_like:20:variant_and_interrupted_repeat|nonrepeat:0:local_insertion
seq10_14.0	14.0	234	513	279	CAG_like=CAG;GCC_like=GCC,GCG	6	23	34	42	15	108	2	0	3	1	3	nonrepeat:0:complex_sequence|GCC_like:15:variant_repeat|CAG_like:23:variant_repeat|nonrepeat:0:complex_sequence|GCC_like:19:variant_and_interrupted_repeat|nonrepeat:0:local_insertion
seq11_3.0	3.0	234	528	294	CAG_like=CAG;GCC_like=GCC,GCG	6	23	39	45	17	108	2	0	3	1	3	nonrepeat:0:complex_sequence|GCC_like:15:variant_repeat|CAG_like:23:variant_repeat|nonrepeat:0:complex_sequence|GCC_like:24:variant_and_interrupted_repeat|nonrepeat:0:local_insertion
seq12_1.0	1.0	234	516	282	CAG_like=CAG;GCC_like=GCC,GCG	6	23	35	42	16	108	2	0	3	1	3	nonrepeat:0:complex_sequence|GCC_like:15:variant_repeat|CAG_like:23:variant_repeat|nonrepeat:0:complex_sequence|GCC_like:20:variant_and_interrupted_repeat|nonrepeat:0:local_insertion
seq13_1.0	1.0	234	519	285	CAG_like=CAG;GCC_like=GCC,GCG	6	23	36	44	15	108	2	0	3	1	3	nonrepeat:0:complex_sequence|GCC_like:15:variant_repeat|CAG_like:23:variant_repeat|nonrepeat:0:complex_sequence|GCC_like:21:variant_and_interrupted_repeat|nonrepeat:0:local_insertion
seq14_4.0	4.0	234	516	282	CAG_like=CAG;GCC_like=GCC,GCG	6	23	35	43	15	108	2	0	3	1	3	nonrepeat:0:complex_sequence|GCC_like:15:variant_repeat|CAG_like:23:variant_repeat|nonrepeat:0:complex_sequence|GCC_like:20:variant_and_interrupted_repeat|nonrepeat:0:local_insertion
seq15_1.0	1.0	234	519	285	CAG_like=CAG;GCC_like=GCC,GCG	6	24	35	43	16	108	2	0	3	1	3	nonrepeat:0:complex_sequence|GCC_like:15:variant_repeat|CAG_like:24:variant_repeat|nonrepeat:0:complex_sequence|GCC_like:20:variant_and_interrupted_repeat|nonrepeat:0:local_insertion
seq16_1.0	1.0	234	537	303	CAG_like=CAG;GCC_like=GCC,GCG	6	28	37	49	16	108	2	0	3	1	3	nonrepeat:0:complex_sequence|GCC_like:15:variant_repeat|CAG_like:28:variant_repeat|nonrepeat:0:complex_sequence|GCC_like:22:variant_and_interrupted_repeat|nonrepeat:0:local_insertion
seq17_3.0	3.0	234	507	273	CAG_like=CAG;GCC_like=GCC,GCG	6	23	32	39	16	108	2	0	3	1	3	nonrepeat:0:complex_sequence|GCC_like:15:variant_repeat|CAG_like:23:variant_repeat|nonrepeat:0:complex_sequence|GCC_like:17:variant_and_interrupted_repeat|nonrepeat:0:local_insertion
seq18_3.0	3.0	234	519	285	CAG_like=CAG;GCC_like=GCC,GCG	6	24	35	43	16	108	2	0	3	1	3	nonrepeat:0:complex_sequence|GCC_like:15:variant_repeat|CAG_like:24:variant_repeat|nonrepeat:0:complex_sequence|GCC_like:20:variant_and_interrupted_repeat|nonrepeat:0:local_insertion
seq19_13.0	13.0	234	510	276	CAG_like=CAG;GCC_like=GCC,GCG	6	21	35	40	16	108	2	0	3	1	3	nonrepeat:0:complex_sequence|GCC_like:15:variant_repeat|CAG_like:21:variant_repeat|nonrepeat:0:complex_sequence|GCC_like:20:variant_and_interrupted_repeat|nonrepeat:0:local_insertion
seq20_1.0	1.0	234	519	285	CAG_like=CAG;GCC_like=GCC,GCG	6	24	35	44	15	108	2	0	3	1	3	nonrepeat:0:complex_sequence|GCC_like:15:variant_repeat|CAG_like:24:variant_repeat|nonrepeat:0:complex_sequence|GCC_like:20:variant_and_interrupted_repeat|nonrepeat:0:local_insertion
seq21_1.0	1.0	234	513	279	CAG_like=CAG;GCC_like=GCC,GCG	6	22	35	41	16	108	2	0	3	1	3	nonrepeat:0:complex_sequence|GCC_like:15:variant_repeat|CAG_like:22:variant_repeat|nonrepeat:0:complex_sequence|GCC_like:20:variant_and_interrupted_repeat|nonrepeat:0:local_insertion
seq22_2.0	2.0	234	519	285	CAG_like=CAG;GCC_like=GCC,GCG	6	24	35	42	17	108	2	0	3	1	3	nonrepeat:0:complex_sequence|GCC_like:15:variant_repeat|CAG_like:24:variant_repeat|nonrepeat:0:complex_sequence|GCC_like:20:variant_and_interrupted_repeat|nonrepeat:0:local_insertion
seq23_12.0	12.0	234	519	285	CAG_like=CAG;GCC_like=GCC,GCG	6	24	35	43	16	108	2	0	3	1	3	nonrepeat:0:complex_sequence|GCC_like:15:variant_repeat|CAG_like:24:variant_repeat|nonrepeat:0:complex_sequence|GCC_like:20:variant_and_interrupted_repeat|nonrepeat:0:local_insertion
seq24_1.0	1.0	234	516	282	CAG_like=CAG;GCC_like=GCC,GCG	6	23	35	42	16	108	2	0	3	1	3	nonrepeat:0:complex_sequence|GCC_like:15:variant_repeat|CAG_like:23:variant_repeat|nonrepeat:0:complex_sequence|GCC_like:20:variant_and_interrupted_repeat|nonrepeat:0:local_insertion
seq25_2.0	2.0	234	519	285	CAG_like=CAG;GCC_like=GCC,GCG	6	24	35	43	16	108	2	0	3	1	3	nonrepeat:0:complex_sequence|GCC_like:15:variant_repeat|CAG_like:24:variant_repeat|nonrepeat:0:complex_sequence|GCC_like:20:variant_and_interrupted_repeat|nonrepeat:0:local_insertion
seq26_1.0	1.0	234	525	291	CAG_like=CAG;GCC_like=GCC,GCG	6	26	35	45	16	108	2	0	3	1	3	nonrepeat:0:complex_sequence|GCC_like:15:variant_repeat|CAG_like:26:variant_repeat|nonrepeat:0:complex_sequence|GCC_like:20:variant_and_interrupted_repeat|nonrepeat:0:local_insertion
seq27_3.0	3.0	234	516	282	CAG_like=CAG;GCC_like=GCC,GCG	6	23	35	41	17	108	2	0	3	1	3	nonrepeat:0:complex_sequence|GCC_like:15:variant_repeat|CAG_like:23:variant_repeat|nonrepeat:0:complex_sequence|GCC_like:20:variant_and_interrupted_repeat|nonrepeat:0:local_insertion
seq28_3.0	3.0	234	516	282	CAG_like=CAG;GCC_like=GCC,GCG	6	23	35	43	15	108	2	0	3	1	3	nonrepeat:0:complex_sequence|GCC_like:15:variant_repeat|CAG_like:23:variant_repeat|nonrepeat:0:complex_sequence|GCC_like:20:variant_and_interrupted_repeat|nonrepeat:0:local_insertion
seq29_1.0	1.0	234	522	288	CAG_like=CAG;GCC_like=GCC,GCG	6	25	35	44	16	108	2	0	3	1	3	nonrepeat:0:complex_sequence|GCC_like:15:variant_repeat|CAG_like:25:variant_repeat|nonrepeat:0:complex_sequence|GCC_like:20:variant_and_interrupted_repeat|nonrepeat:0:local_insertion
seq30_1.0	1.0	234	519	285	CAG_like=CAG;GCC_like=GCC,GCG	6	25	34	44	15	108	2	0	3	1	3	nonrepeat:0:complex_sequence|GCC_like:15:variant_repeat|CAG_like:25:variant_repeat|nonrepeat:0:complex_sequence|GCC_like:19:variant_and_interrupted_repeat|nonrepeat:0:local_insertion
seq31_1.0	1.0	234	504	270	CAG_like=CAG;GCC_like=GCC,GCG	6	19	35	39	15	108	2	0	3	1	3	nonrepeat:0:complex_sequence|GCC_like:15:variant_repeat|CAG_like:19:variant_repeat|nonrepeat:0:complex_sequence|GCC_like:20:variant_and_interrupted_repeat|nonrepeat:0:local_insertion
seq32_1.0	1.0	234	507	273	CAG_like=CAG;GCC_like=GCC,GCG	6	24	31	41	14	108	2	1	2	1	3	nonrepeat:0:complex_sequence|GCC_like:11:primary_repeat|CAG_like:24:variant_repeat|nonrepeat:0:complex_sequence|GCC_like:20:variant_and_interrupted_repeat|nonrepeat:0:local_insertion
seq33_2.0	2.0	234	528	294	CAG_like=CAG;GCC_like=GCC,GCG	6	27	35	46	16	108	2	0	3	1	3	nonrepeat:0:complex_sequence|GCC_like:15:variant_repeat|CAG_like:27:variant_repeat|nonrepeat:0:complex_sequence|GCC_like:20:variant_and_interrupted_repeat|nonrepeat:0:local_insertion
seq34_1.0	1.0	234	525	291	CAG_like=CAG;GCC_like=GCC,GCG	6	25	36	45	16	108	2	0	3	1	3	nonrepeat:0:complex_sequence|GCC_like:15:variant_repeat|CAG_like:25:variant_repeat|nonrepeat:0:complex_sequence|GCC_like:21:variant_and_interrupted_repeat|nonrepeat:0:local_insertion
seq35_1.0	1.0	234	522	288	CAG_like=CAG;GCC_like=GCC,GCG	6	25	35	45	15	108	2	0	3	1	3	nonrepeat:0:complex_sequence|GCC_like:15:variant_repeat|CAG_like:25:variant_repeat|nonrepeat:0:complex_sequence|GCC_like:20:variant_and_interrupted_repeat|nonrepeat:0:local_insertion
seq36_1.0	1.0	234	516	282	CAG_like=CAG;GCC_like=GCC,GCG	6	23	35	42	16	108	2	0	3	1	3	nonrepeat:0:complex_sequence|GCC_like:15:variant_repeat|CAG_like:23:variant_repeat|nonrepeat:0:complex_sequence|GCC_like:20:variant_and_interrupted_repeat|nonrepeat:0:local_insertion
seq37_1.0	1.0	234	522	288	CAG_like=CAG;GCC_like=GCC,GCG	6	24	36	44	16	108	2	0	3	1	3	nonrepeat:0:complex_sequence|GCC_like:15:variant_repeat|CAG_like:24:variant_repeat|nonrepeat:0:complex_sequence|GCC_like:21:variant_and_interrupted_repeat|nonrepeat:0:local_insertion
seq38_1.0	1.0	234	531	297	CAG_like=CAG;GCC_like=GCC,GCG	6	28	35	47	16	108	2	0	3	1	3	nonrepeat:0:complex_sequence|GCC_like:15:variant_repeat|CAG_like:28:variant_repeat|nonrepeat:0:complex_sequence|GCC_like:20:variant_and_interrupted_repeat|nonrepeat:0:local_insertion
seq39_1.0	1.0	234	510	276	CAG_like=CAG;GCC_like=GCC,GCG	6	21	35	40	16	108	2	0	3	1	3	nonrepeat:0:complex_sequence|GCC_like:15:variant_repeat|CAG_like:21:variant_repeat|nonrepeat:0:complex_sequence|GCC_like:20:variant_and_interrupted_repeat|nonrepeat:0:local_insertion
seq40_1.0	1.0	234	522	288	CAG_like=CAG;GCC_like=GCC,GCG	6	25	35	44	16	108	2	0	3	1	3	nonrepeat:0:complex_sequence|GCC_like:15:variant_repeat|CAG_like:25:variant_repeat|nonrepeat:0:complex_sequence|GCC_like:20:variant_and_interrupted_repeat|nonrepeat:0:local_insertion
seq41_1.0	1.0	234	513	279	CAG_like=CAG;GCC_like=GCC,GCG	6	22	35	42	15	108	2	0	3	1	3	nonrepeat:0:complex_sequence|GCC_like:15:variant_repeat|CAG_like:22:variant_repeat|nonrepeat:0:complex_sequence|GCC_like:20:variant_and_interrupted_repeat|nonrepeat:0:local_insertion
seq42_1.0	1.0	234	516	282	CAG_like=CAG;GCC_like=GCC,GCG	6	23	35	42	16	108	2	0	3	1	3	nonrepeat:0:complex_sequence|GCC_like:15:variant_repeat|CAG_like:23:variant_repeat|nonrepeat:0:complex_sequence|GCC_like:20:variant_and_interrupted_repeat|nonrepeat:0:local_insertion
seq43_1.0	1.0	234	519	285	CAG_like=CAG;GCC_like=GCC,GCG	6	24	35	43	16	108	2	0	3	1	3	nonrepeat:0:complex_sequence|GCC_like:15:variant_repeat|CAG_like:24:variant_repeat|nonrepeat:0:complex_sequence|GCC_like:20:variant_and_interrupted_repeat|nonrepeat:0:local_insertion
seq44_1.0	1.0	234	513	279	CAG_like=CAG;GCC_like=GCC,GCG	6	22	35	41	16	108	2	0	3	1	3	nonrepeat:0:complex_sequence|GCC_like:15:variant_repeat|CAG_like:22:variant_repeat|nonrepeat:0:complex_sequence|GCC_like:20:variant_and_interrupted_repeat|nonrepeat:0:local_insertion
seq45_1.0	1.0	234	510	276	CAG_like=CAG;GCC_like=GCC,GCG	6	23	33	40	16	108	2	0	3	1	3	nonrepeat:0:complex_sequence|GCC_like:13:variant_repeat|CAG_like:23:variant_repeat|nonrepeat:0:complex_sequence|GCC_like:20:variant_and_interrupted_repeat|nonrepeat:0:local_insertion
